mode: set
github.com/moedahpos/backend/internal/handler/activity_log_handler.go:20.109,22.2 1 0
github.com/moedahpos/backend/internal/handler/activity_log_handler.go:24.75,39.16 12 0
github.com/moedahpos/backend/internal/handler/activity_log_handler.go:39.16,43.3 3 0
github.com/moedahpos/backend/internal/handler/activity_log_handler.go:45.2,48.4 1 0
github.com/moedahpos/backend/internal/handler/auth_handler.go:25.116,27.2 1 1
github.com/moedahpos/backend/internal/handler/auth_handler.go:30.72,32.61 2 1
github.com/moedahpos/backend/internal/handler/auth_handler.go:32.61,35.3 2 1
github.com/moedahpos/backend/internal/handler/auth_handler.go:37.2,37.58 1 1
github.com/moedahpos/backend/internal/handler/auth_handler.go:37.58,40.3 2 1
github.com/moedahpos/backend/internal/handler/auth_handler.go:42.2,43.16 2 1
github.com/moedahpos/backend/internal/handler/auth_handler.go:43.16,44.44 1 0
github.com/moedahpos/backend/internal/handler/auth_handler.go:44.44,49.4 2 0
github.com/moedahpos/backend/internal/handler/auth_handler.go:50.3,52.9 3 0
github.com/moedahpos/backend/internal/handler/auth_handler.go:55.2,55.29 1 1
github.com/moedahpos/backend/internal/handler/auth_handler.go:59.69,61.61 2 1
github.com/moedahpos/backend/internal/handler/auth_handler.go:61.61,64.3 2 0
github.com/moedahpos/backend/internal/handler/auth_handler.go:66.2,66.58 1 1
github.com/moedahpos/backend/internal/handler/auth_handler.go:66.58,69.3 2 0
github.com/moedahpos/backend/internal/handler/auth_handler.go:71.2,72.16 2 1
github.com/moedahpos/backend/internal/handler/auth_handler.go:72.16,73.95 1 1
github.com/moedahpos/backend/internal/handler/auth_handler.go:73.95,76.4 2 1
github.com/moedahpos/backend/internal/handler/auth_handler.go:77.3,79.9 3 0
github.com/moedahpos/backend/internal/handler/auth_handler.go:82.2,82.29 1 1
github.com/moedahpos/backend/internal/handler/auth_handler.go:86.71,88.61 2 1
github.com/moedahpos/backend/internal/handler/auth_handler.go:88.61,91.3 2 0
github.com/moedahpos/backend/internal/handler/auth_handler.go:93.2,93.58 1 1
github.com/moedahpos/backend/internal/handler/auth_handler.go:93.58,96.3 2 0
github.com/moedahpos/backend/internal/handler/auth_handler.go:98.2,99.16 2 1
github.com/moedahpos/backend/internal/handler/auth_handler.go:99.16,100.46 1 0
github.com/moedahpos/backend/internal/handler/auth_handler.go:100.46,103.4 2 0
github.com/moedahpos/backend/internal/handler/auth_handler.go:104.3,106.9 3 0
github.com/moedahpos/backend/internal/handler/auth_handler.go:109.2,109.29 1 1
github.com/moedahpos/backend/internal/handler/auth_handler.go:113.70,115.18 2 1
github.com/moedahpos/backend/internal/handler/auth_handler.go:115.18,118.3 2 0
github.com/moedahpos/backend/internal/handler/auth_handler.go:120.2,120.62 1 1
github.com/moedahpos/backend/internal/handler/auth_handler.go:120.62,124.3 3 0
github.com/moedahpos/backend/internal/handler/auth_handler.go:126.2,129.4 1 1
github.com/moedahpos/backend/internal/handler/auth_handler.go:133.66,135.18 2 1
github.com/moedahpos/backend/internal/handler/auth_handler.go:135.18,138.3 2 0
github.com/moedahpos/backend/internal/handler/auth_handler.go:140.2,141.16 2 1
github.com/moedahpos/backend/internal/handler/auth_handler.go:141.16,142.46 1 0
github.com/moedahpos/backend/internal/handler/auth_handler.go:142.46,145.4 2 0
github.com/moedahpos/backend/internal/handler/auth_handler.go:146.3,148.9 3 0
github.com/moedahpos/backend/internal/handler/auth_handler.go:151.2,151.29 1 1
github.com/moedahpos/backend/internal/handler/batch_stock_handler.go:22.103,24.2 1 0
github.com/moedahpos/backend/internal/handler/batch_stock_handler.go:29.81,36.16 4 0
github.com/moedahpos/backend/internal/handler/batch_stock_handler.go:36.16,40.3 3 0
github.com/moedahpos/backend/internal/handler/batch_stock_handler.go:41.2,42.28 2 0
github.com/moedahpos/backend/internal/handler/batch_stock_handler.go:42.28,44.3 1 0
github.com/moedahpos/backend/internal/handler/batch_stock_handler.go:45.2,45.26 1 0
github.com/moedahpos/backend/internal/handler/batch_stock_handler.go:51.80,54.16 3 0
github.com/moedahpos/backend/internal/handler/batch_stock_handler.go:54.16,58.3 3 0
github.com/moedahpos/backend/internal/handler/batch_stock_handler.go:59.2,60.28 2 0
github.com/moedahpos/backend/internal/handler/batch_stock_handler.go:60.28,70.3 1 0
github.com/moedahpos/backend/internal/handler/batch_stock_handler.go:71.2,71.26 1 0
github.com/moedahpos/backend/internal/handler/batch_stock_handler.go:75.67,89.2 1 0
github.com/moedahpos/backend/internal/handler/customer_handler.go:25.124,27.2 1 1
github.com/moedahpos/backend/internal/handler/customer_handler.go:30.72,38.16 7 1
github.com/moedahpos/backend/internal/handler/customer_handler.go:38.16,42.3 3 0
github.com/moedahpos/backend/internal/handler/customer_handler.go:43.2,43.68 1 1
github.com/moedahpos/backend/internal/handler/customer_handler.go:47.74,55.16 4 0
github.com/moedahpos/backend/internal/handler/customer_handler.go:55.16,58.3 2 0
github.com/moedahpos/backend/internal/handler/customer_handler.go:59.2,59.27 1 0
github.com/moedahpos/backend/internal/handler/customer_handler.go:63.74,66.61 3 1
github.com/moedahpos/backend/internal/handler/customer_handler.go:66.61,69.3 2 0
github.com/moedahpos/backend/internal/handler/customer_handler.go:70.2,70.58 1 1
github.com/moedahpos/backend/internal/handler/customer_handler.go:70.58,73.3 2 1
github.com/moedahpos/backend/internal/handler/customer_handler.go:74.2,75.16 2 1
github.com/moedahpos/backend/internal/handler/customer_handler.go:75.16,79.3 3 0
github.com/moedahpos/backend/internal/handler/customer_handler.go:80.2,80.29 1 1
github.com/moedahpos/backend/internal/handler/customer_handler.go:84.71,87.16 3 1
github.com/moedahpos/backend/internal/handler/customer_handler.go:87.16,88.50 1 1
github.com/moedahpos/backend/internal/handler/customer_handler.go:88.50,91.4 2 1
github.com/moedahpos/backend/internal/handler/customer_handler.go:92.3,93.9 2 0
github.com/moedahpos/backend/internal/handler/customer_handler.go:95.2,95.29 1 1
github.com/moedahpos/backend/internal/handler/customer_handler.go:99.74,102.61 3 0
github.com/moedahpos/backend/internal/handler/customer_handler.go:102.61,105.3 2 0
github.com/moedahpos/backend/internal/handler/customer_handler.go:106.2,106.58 1 0
github.com/moedahpos/backend/internal/handler/customer_handler.go:106.58,109.3 2 0
github.com/moedahpos/backend/internal/handler/customer_handler.go:110.2,111.16 2 0
github.com/moedahpos/backend/internal/handler/customer_handler.go:111.16,112.50 1 0
github.com/moedahpos/backend/internal/handler/customer_handler.go:112.50,115.4 2 0
github.com/moedahpos/backend/internal/handler/customer_handler.go:116.3,117.9 2 0
github.com/moedahpos/backend/internal/handler/customer_handler.go:119.2,119.29 1 0
github.com/moedahpos/backend/internal/handler/customer_handler.go:123.74,125.54 2 1
github.com/moedahpos/backend/internal/handler/customer_handler.go:125.54,126.50 1 1
github.com/moedahpos/backend/internal/handler/customer_handler.go:126.50,129.4 2 0
github.com/moedahpos/backend/internal/handler/customer_handler.go:130.3,131.9 2 1
github.com/moedahpos/backend/internal/handler/customer_handler.go:133.2,133.105 1 1
github.com/moedahpos/backend/internal/handler/expense_handler.go:26.135,28.2 1 1
github.com/moedahpos/backend/internal/handler/expense_handler.go:32.81,35.16 3 1
github.com/moedahpos/backend/internal/handler/expense_handler.go:35.16,39.3 3 0
github.com/moedahpos/backend/internal/handler/expense_handler.go:40.2,40.27 1 1
github.com/moedahpos/backend/internal/handler/expense_handler.go:43.81,45.61 2 0
github.com/moedahpos/backend/internal/handler/expense_handler.go:45.61,48.3 2 0
github.com/moedahpos/backend/internal/handler/expense_handler.go:49.2,49.57 1 0
github.com/moedahpos/backend/internal/handler/expense_handler.go:49.57,52.3 2 0
github.com/moedahpos/backend/internal/handler/expense_handler.go:54.2,55.16 2 0
github.com/moedahpos/backend/internal/handler/expense_handler.go:55.16,59.3 3 0
github.com/moedahpos/backend/internal/handler/expense_handler.go:60.2,60.26 1 0
github.com/moedahpos/backend/internal/handler/expense_handler.go:63.81,66.61 3 0
github.com/moedahpos/backend/internal/handler/expense_handler.go:66.61,69.3 2 0
github.com/moedahpos/backend/internal/handler/expense_handler.go:70.2,70.57 1 0
github.com/moedahpos/backend/internal/handler/expense_handler.go:70.57,73.3 2 0
github.com/moedahpos/backend/internal/handler/expense_handler.go:75.2,76.16 2 0
github.com/moedahpos/backend/internal/handler/expense_handler.go:76.16,78.49 2 0
github.com/moedahpos/backend/internal/handler/expense_handler.go:78.49,81.4 2 0
github.com/moedahpos/backend/internal/handler/expense_handler.go:82.3,83.9 2 0
github.com/moedahpos/backend/internal/handler/expense_handler.go:85.2,85.26 1 0
github.com/moedahpos/backend/internal/handler/expense_handler.go:88.81,90.73 2 0
github.com/moedahpos/backend/internal/handler/expense_handler.go:90.73,92.49 2 0
github.com/moedahpos/backend/internal/handler/expense_handler.go:92.49,95.4 2 0
github.com/moedahpos/backend/internal/handler/expense_handler.go:96.3,97.9 2 0
github.com/moedahpos/backend/internal/handler/expense_handler.go:99.2,99.105 1 0
github.com/moedahpos/backend/internal/handler/expense_handler.go:104.79,116.16 6 0
github.com/moedahpos/backend/internal/handler/expense_handler.go:116.16,120.3 3 0
github.com/moedahpos/backend/internal/handler/expense_handler.go:122.2,122.67 1 0
github.com/moedahpos/backend/internal/handler/expense_handler.go:125.80,130.61 4 1
github.com/moedahpos/backend/internal/handler/expense_handler.go:130.61,133.3 2 0
github.com/moedahpos/backend/internal/handler/expense_handler.go:134.2,134.57 1 1
github.com/moedahpos/backend/internal/handler/expense_handler.go:134.57,137.3 2 0
github.com/moedahpos/backend/internal/handler/expense_handler.go:139.2,140.16 2 1
github.com/moedahpos/backend/internal/handler/expense_handler.go:140.16,142.44 2 0
github.com/moedahpos/backend/internal/handler/expense_handler.go:142.44,145.4 2 0
github.com/moedahpos/backend/internal/handler/expense_handler.go:146.3,147.9 2 0
github.com/moedahpos/backend/internal/handler/expense_handler.go:149.2,149.30 1 1
github.com/moedahpos/backend/internal/handler/expense_handler.go:152.80,157.61 4 0
github.com/moedahpos/backend/internal/handler/expense_handler.go:157.61,160.3 2 0
github.com/moedahpos/backend/internal/handler/expense_handler.go:161.2,161.57 1 0
github.com/moedahpos/backend/internal/handler/expense_handler.go:161.57,164.3 2 0
github.com/moedahpos/backend/internal/handler/expense_handler.go:166.2,167.16 2 0
github.com/moedahpos/backend/internal/handler/expense_handler.go:167.16,169.57 2 0
github.com/moedahpos/backend/internal/handler/expense_handler.go:169.57,172.4 2 0
github.com/moedahpos/backend/internal/handler/expense_handler.go:173.3,173.44 1 0
github.com/moedahpos/backend/internal/handler/expense_handler.go:173.44,176.4 2 0
github.com/moedahpos/backend/internal/handler/expense_handler.go:177.3,178.9 2 0
github.com/moedahpos/backend/internal/handler/expense_handler.go:180.2,180.30 1 0
github.com/moedahpos/backend/internal/handler/expense_handler.go:183.86,188.61 4 0
github.com/moedahpos/backend/internal/handler/expense_handler.go:188.61,191.3 2 0
github.com/moedahpos/backend/internal/handler/expense_handler.go:192.2,192.57 1 0
github.com/moedahpos/backend/internal/handler/expense_handler.go:192.57,195.3 2 0
github.com/moedahpos/backend/internal/handler/expense_handler.go:197.2,198.16 2 0
github.com/moedahpos/backend/internal/handler/expense_handler.go:198.16,200.112 2 0
github.com/moedahpos/backend/internal/handler/expense_handler.go:200.112,203.4 2 0
github.com/moedahpos/backend/internal/handler/expense_handler.go:204.3,205.9 2 0
github.com/moedahpos/backend/internal/handler/expense_handler.go:207.2,207.30 1 0
github.com/moedahpos/backend/internal/handler/expense_handler.go:210.80,214.77 3 1
github.com/moedahpos/backend/internal/handler/expense_handler.go:214.77,216.97 2 0
github.com/moedahpos/backend/internal/handler/expense_handler.go:216.97,219.4 2 0
github.com/moedahpos/backend/internal/handler/expense_handler.go:220.3,221.9 2 0
github.com/moedahpos/backend/internal/handler/expense_handler.go:223.2,223.104 1 1
github.com/moedahpos/backend/internal/handler/expense_handler.go:228.88,238.16 6 0
github.com/moedahpos/backend/internal/handler/expense_handler.go:238.16,242.3 3 0
github.com/moedahpos/backend/internal/handler/expense_handler.go:244.2,244.67 1 0
github.com/moedahpos/backend/internal/handler/expense_handler.go:247.89,252.61 4 0
github.com/moedahpos/backend/internal/handler/expense_handler.go:252.61,255.3 2 0
github.com/moedahpos/backend/internal/handler/expense_handler.go:256.2,256.57 1 0
github.com/moedahpos/backend/internal/handler/expense_handler.go:256.57,259.3 2 0
github.com/moedahpos/backend/internal/handler/expense_handler.go:261.2,262.16 2 0
github.com/moedahpos/backend/internal/handler/expense_handler.go:262.16,266.3 3 0
github.com/moedahpos/backend/internal/handler/expense_handler.go:267.2,267.25 1 0
github.com/moedahpos/backend/internal/handler/expense_handler.go:270.89,275.61 4 0
github.com/moedahpos/backend/internal/handler/expense_handler.go:275.61,278.3 2 0
github.com/moedahpos/backend/internal/handler/expense_handler.go:279.2,279.57 1 0
github.com/moedahpos/backend/internal/handler/expense_handler.go:279.57,282.3 2 0
github.com/moedahpos/backend/internal/handler/expense_handler.go:284.2,285.16 2 0
github.com/moedahpos/backend/internal/handler/expense_handler.go:285.16,289.3 3 0
github.com/moedahpos/backend/internal/handler/expense_handler.go:290.2,290.25 1 0
github.com/moedahpos/backend/internal/handler/expense_handler.go:293.89,297.86 3 0
github.com/moedahpos/backend/internal/handler/expense_handler.go:297.86,299.127 2 0
github.com/moedahpos/backend/internal/handler/expense_handler.go:299.127,302.4 2 0
github.com/moedahpos/backend/internal/handler/expense_handler.go:303.3,304.9 2 0
github.com/moedahpos/backend/internal/handler/expense_handler.go:306.2,306.114 1 0
github.com/moedahpos/backend/internal/handler/income_handler.go:27.131,29.2 1 1
github.com/moedahpos/backend/internal/handler/income_handler.go:34.80,37.16 3 1
github.com/moedahpos/backend/internal/handler/income_handler.go:37.16,41.3 3 0
github.com/moedahpos/backend/internal/handler/income_handler.go:42.2,42.27 1 1
github.com/moedahpos/backend/internal/handler/income_handler.go:46.80,48.61 2 0
github.com/moedahpos/backend/internal/handler/income_handler.go:48.61,51.3 2 0
github.com/moedahpos/backend/internal/handler/income_handler.go:52.2,52.57 1 0
github.com/moedahpos/backend/internal/handler/income_handler.go:52.57,55.3 2 0
github.com/moedahpos/backend/internal/handler/income_handler.go:56.2,57.16 2 0
github.com/moedahpos/backend/internal/handler/income_handler.go:57.16,61.3 3 0
github.com/moedahpos/backend/internal/handler/income_handler.go:62.2,62.26 1 0
github.com/moedahpos/backend/internal/handler/income_handler.go:66.80,69.61 3 0
github.com/moedahpos/backend/internal/handler/income_handler.go:69.61,72.3 2 0
github.com/moedahpos/backend/internal/handler/income_handler.go:73.2,73.57 1 0
github.com/moedahpos/backend/internal/handler/income_handler.go:73.57,76.3 2 0
github.com/moedahpos/backend/internal/handler/income_handler.go:78.2,79.16 2 0
github.com/moedahpos/backend/internal/handler/income_handler.go:79.16,81.49 2 0
github.com/moedahpos/backend/internal/handler/income_handler.go:81.49,84.4 2 0
github.com/moedahpos/backend/internal/handler/income_handler.go:85.3,86.9 2 0
github.com/moedahpos/backend/internal/handler/income_handler.go:88.2,88.26 1 0
github.com/moedahpos/backend/internal/handler/income_handler.go:92.80,94.72 2 0
github.com/moedahpos/backend/internal/handler/income_handler.go:94.72,96.49 2 0
github.com/moedahpos/backend/internal/handler/income_handler.go:96.49,99.4 2 0
github.com/moedahpos/backend/internal/handler/income_handler.go:100.3,101.9 2 0
github.com/moedahpos/backend/internal/handler/income_handler.go:103.2,103.105 1 0
github.com/moedahpos/backend/internal/handler/income_handler.go:109.77,121.16 6 0
github.com/moedahpos/backend/internal/handler/income_handler.go:121.16,125.3 3 0
github.com/moedahpos/backend/internal/handler/income_handler.go:126.2,126.66 1 0
github.com/moedahpos/backend/internal/handler/income_handler.go:130.78,135.61 4 1
github.com/moedahpos/backend/internal/handler/income_handler.go:135.61,138.3 2 0
github.com/moedahpos/backend/internal/handler/income_handler.go:139.2,139.57 1 1
github.com/moedahpos/backend/internal/handler/income_handler.go:139.57,142.3 2 0
github.com/moedahpos/backend/internal/handler/income_handler.go:144.2,145.16 2 1
github.com/moedahpos/backend/internal/handler/income_handler.go:145.16,147.59 2 0
github.com/moedahpos/backend/internal/handler/income_handler.go:147.59,150.4 2 0
github.com/moedahpos/backend/internal/handler/income_handler.go:151.3,152.9 2 0
github.com/moedahpos/backend/internal/handler/income_handler.go:154.2,154.26 1 1
github.com/moedahpos/backend/internal/handler/income_handler.go:158.78,163.61 4 0
github.com/moedahpos/backend/internal/handler/income_handler.go:163.61,166.3 2 0
github.com/moedahpos/backend/internal/handler/income_handler.go:167.2,167.57 1 0
github.com/moedahpos/backend/internal/handler/income_handler.go:167.57,170.3 2 0
github.com/moedahpos/backend/internal/handler/income_handler.go:172.2,173.16 2 0
github.com/moedahpos/backend/internal/handler/income_handler.go:173.16,175.48 2 0
github.com/moedahpos/backend/internal/handler/income_handler.go:175.48,178.4 2 0
github.com/moedahpos/backend/internal/handler/income_handler.go:179.3,179.59 1 0
github.com/moedahpos/backend/internal/handler/income_handler.go:179.59,182.4 2 0
github.com/moedahpos/backend/internal/handler/income_handler.go:183.3,184.9 2 0
github.com/moedahpos/backend/internal/handler/income_handler.go:186.2,186.26 1 0
github.com/moedahpos/backend/internal/handler/income_handler.go:190.78,194.75 3 0
github.com/moedahpos/backend/internal/handler/income_handler.go:194.75,196.48 2 0
github.com/moedahpos/backend/internal/handler/income_handler.go:196.48,199.4 2 0
github.com/moedahpos/backend/internal/handler/income_handler.go:200.3,201.9 2 0
github.com/moedahpos/backend/internal/handler/income_handler.go:203.2,203.103 1 0
github.com/moedahpos/backend/internal/handler/price_history_handler.go:21.104,23.2 1 0
github.com/moedahpos/backend/internal/handler/price_history_handler.go:26.83,37.16 6 0
github.com/moedahpos/backend/internal/handler/price_history_handler.go:37.16,41.3 3 0
github.com/moedahpos/backend/internal/handler/price_history_handler.go:42.2,42.63 1 0
github.com/moedahpos/backend/internal/handler/price_history_handler.go:46.85,54.16 7 0
github.com/moedahpos/backend/internal/handler/price_history_handler.go:54.16,58.3 3 0
github.com/moedahpos/backend/internal/handler/price_history_handler.go:59.2,59.63 1 0
github.com/moedahpos/backend/internal/handler/product_handler.go:25.128,27.2 1 1
github.com/moedahpos/backend/internal/handler/product_handler.go:32.81,35.16 3 1
github.com/moedahpos/backend/internal/handler/product_handler.go:35.16,39.3 3 0
github.com/moedahpos/backend/internal/handler/product_handler.go:40.2,40.27 1 1
github.com/moedahpos/backend/internal/handler/product_handler.go:44.81,47.61 3 0
github.com/moedahpos/backend/internal/handler/product_handler.go:47.61,50.3 2 0
github.com/moedahpos/backend/internal/handler/product_handler.go:51.2,51.58 1 0
github.com/moedahpos/backend/internal/handler/product_handler.go:51.58,54.3 2 0
github.com/moedahpos/backend/internal/handler/product_handler.go:55.2,56.16 2 0
github.com/moedahpos/backend/internal/handler/product_handler.go:56.16,59.3 2 0
github.com/moedahpos/backend/internal/handler/product_handler.go:60.2,60.29 1 0
github.com/moedahpos/backend/internal/handler/product_handler.go:64.81,67.61 3 0
github.com/moedahpos/backend/internal/handler/product_handler.go:67.61,70.3 2 0
github.com/moedahpos/backend/internal/handler/product_handler.go:71.2,71.58 1 0
github.com/moedahpos/backend/internal/handler/product_handler.go:71.58,74.3 2 0
github.com/moedahpos/backend/internal/handler/product_handler.go:75.2,76.16 2 0
github.com/moedahpos/backend/internal/handler/product_handler.go:76.16,77.50 1 0
github.com/moedahpos/backend/internal/handler/product_handler.go:77.50,80.4 2 0
github.com/moedahpos/backend/internal/handler/product_handler.go:81.3,82.9 2 0
github.com/moedahpos/backend/internal/handler/product_handler.go:84.2,84.29 1 0
github.com/moedahpos/backend/internal/handler/product_handler.go:88.81,90.69 2 0
github.com/moedahpos/backend/internal/handler/product_handler.go:90.69,91.50 1 0
github.com/moedahpos/backend/internal/handler/product_handler.go:91.50,94.4 2 0
github.com/moedahpos/backend/internal/handler/product_handler.go:95.3,96.9 2 0
github.com/moedahpos/backend/internal/handler/product_handler.go:98.2,100.4 1 0
github.com/moedahpos/backend/internal/handler/product_handler.go:106.71,113.50 7 0
github.com/moedahpos/backend/internal/handler/product_handler.go:113.50,115.17 2 0
github.com/moedahpos/backend/internal/handler/product_handler.go:115.17,117.4 1 0
github.com/moedahpos/backend/internal/handler/product_handler.go:120.2,121.16 2 0
github.com/moedahpos/backend/internal/handler/product_handler.go:121.16,125.3 3 0
github.com/moedahpos/backend/internal/handler/product_handler.go:126.2,126.67 1 0
github.com/moedahpos/backend/internal/handler/product_handler.go:130.73,133.61 3 1
github.com/moedahpos/backend/internal/handler/product_handler.go:133.61,136.3 2 0
github.com/moedahpos/backend/internal/handler/product_handler.go:137.2,137.58 1 1
github.com/moedahpos/backend/internal/handler/product_handler.go:137.58,140.3 2 0
github.com/moedahpos/backend/internal/handler/product_handler.go:141.2,142.16 2 1
github.com/moedahpos/backend/internal/handler/product_handler.go:142.16,143.50 1 0
github.com/moedahpos/backend/internal/handler/product_handler.go:143.50,146.4 2 0
github.com/moedahpos/backend/internal/handler/product_handler.go:147.3,149.9 3 0
github.com/moedahpos/backend/internal/handler/product_handler.go:151.2,151.29 1 1
github.com/moedahpos/backend/internal/handler/product_handler.go:155.70,158.16 3 0
github.com/moedahpos/backend/internal/handler/product_handler.go:158.16,159.49 1 0
github.com/moedahpos/backend/internal/handler/product_handler.go:159.49,162.4 2 0
github.com/moedahpos/backend/internal/handler/product_handler.go:163.3,164.9 2 0
github.com/moedahpos/backend/internal/handler/product_handler.go:166.2,166.29 1 0
github.com/moedahpos/backend/internal/handler/product_handler.go:170.79,174.16 4 0
github.com/moedahpos/backend/internal/handler/product_handler.go:174.16,175.49 1 0
github.com/moedahpos/backend/internal/handler/product_handler.go:175.49,178.4 2 0
github.com/moedahpos/backend/internal/handler/product_handler.go:179.3,180.9 2 0
github.com/moedahpos/backend/internal/handler/product_handler.go:182.2,182.29 1 0
github.com/moedahpos/backend/internal/handler/product_handler.go:186.73,189.61 3 0
github.com/moedahpos/backend/internal/handler/product_handler.go:189.61,192.3 2 0
github.com/moedahpos/backend/internal/handler/product_handler.go:193.2,193.58 1 0
github.com/moedahpos/backend/internal/handler/product_handler.go:193.58,196.3 2 0
github.com/moedahpos/backend/internal/handler/product_handler.go:197.2,198.16 2 0
github.com/moedahpos/backend/internal/handler/product_handler.go:198.16,199.49 1 0
github.com/moedahpos/backend/internal/handler/product_handler.go:199.49,202.4 2 0
github.com/moedahpos/backend/internal/handler/product_handler.go:203.3,204.9 2 0
github.com/moedahpos/backend/internal/handler/product_handler.go:206.2,206.29 1 0
github.com/moedahpos/backend/internal/handler/product_handler.go:210.73,212.68 2 0
github.com/moedahpos/backend/internal/handler/product_handler.go:212.68,213.49 1 0
github.com/moedahpos/backend/internal/handler/product_handler.go:213.49,216.4 2 0
github.com/moedahpos/backend/internal/handler/product_handler.go:217.3,218.9 2 0
github.com/moedahpos/backend/internal/handler/product_handler.go:220.2,222.4 1 0
github.com/moedahpos/backend/internal/handler/purchase_order_handler.go:25.133,27.2 1 0
github.com/moedahpos/backend/internal/handler/purchase_order_handler.go:30.77,40.16 9 0
github.com/moedahpos/backend/internal/handler/purchase_order_handler.go:40.16,44.3 3 0
github.com/moedahpos/backend/internal/handler/purchase_order_handler.go:45.2,45.62 1 0
github.com/moedahpos/backend/internal/handler/purchase_order_handler.go:49.79,52.61 3 0
github.com/moedahpos/backend/internal/handler/purchase_order_handler.go:52.61,55.3 2 0
github.com/moedahpos/backend/internal/handler/purchase_order_handler.go:56.2,56.58 1 0
github.com/moedahpos/backend/internal/handler/purchase_order_handler.go:56.58,59.3 2 0
github.com/moedahpos/backend/internal/handler/purchase_order_handler.go:60.2,61.16 2 0
github.com/moedahpos/backend/internal/handler/purchase_order_handler.go:61.16,62.49 1 0
github.com/moedahpos/backend/internal/handler/purchase_order_handler.go:62.49,65.4 2 0
github.com/moedahpos/backend/internal/handler/purchase_order_handler.go:66.3,68.9 3 0
github.com/moedahpos/backend/internal/handler/purchase_order_handler.go:70.2,70.29 1 0
github.com/moedahpos/backend/internal/handler/purchase_order_handler.go:74.76,77.16 3 0
github.com/moedahpos/backend/internal/handler/purchase_order_handler.go:77.16,78.44 1 0
github.com/moedahpos/backend/internal/handler/purchase_order_handler.go:78.44,81.4 2 0
github.com/moedahpos/backend/internal/handler/purchase_order_handler.go:82.3,83.9 2 0
github.com/moedahpos/backend/internal/handler/purchase_order_handler.go:85.2,85.29 1 0
github.com/moedahpos/backend/internal/handler/purchase_order_handler.go:89.79,93.61 4 0
github.com/moedahpos/backend/internal/handler/purchase_order_handler.go:93.61,96.3 2 0
github.com/moedahpos/backend/internal/handler/purchase_order_handler.go:97.2,97.58 1 0
github.com/moedahpos/backend/internal/handler/purchase_order_handler.go:97.58,100.3 2 0
github.com/moedahpos/backend/internal/handler/purchase_order_handler.go:101.2,102.16 2 0
github.com/moedahpos/backend/internal/handler/purchase_order_handler.go:102.16,103.10 1 0
github.com/moedahpos/backend/internal/handler/purchase_order_handler.go:104.46,105.42 1 0
github.com/moedahpos/backend/internal/handler/purchase_order_handler.go:106.49,107.88 1 0
github.com/moedahpos/backend/internal/handler/purchase_order_handler.go:108.11,109.29 1 0
github.com/moedahpos/backend/internal/handler/purchase_order_handler.go:111.3,111.9 1 0
github.com/moedahpos/backend/internal/handler/purchase_order_handler.go:113.2,113.29 1 0
github.com/moedahpos/backend/internal/handler/purchase_order_handler.go:117.79,119.76 2 0
github.com/moedahpos/backend/internal/handler/purchase_order_handler.go:119.76,120.10 1 0
github.com/moedahpos/backend/internal/handler/purchase_order_handler.go:121.46,122.42 1 0
github.com/moedahpos/backend/internal/handler/purchase_order_handler.go:123.50,124.91 1 0
github.com/moedahpos/backend/internal/handler/purchase_order_handler.go:125.11,126.29 1 0
github.com/moedahpos/backend/internal/handler/purchase_order_handler.go:128.3,128.9 1 0
github.com/moedahpos/backend/internal/handler/purchase_order_handler.go:130.2,132.4 1 0
github.com/moedahpos/backend/internal/handler/purchase_order_handler.go:136.80,138.77 2 0
github.com/moedahpos/backend/internal/handler/purchase_order_handler.go:138.77,139.10 1 0
github.com/moedahpos/backend/internal/handler/purchase_order_handler.go:140.46,141.42 1 0
github.com/moedahpos/backend/internal/handler/purchase_order_handler.go:142.51,143.85 1 0
github.com/moedahpos/backend/internal/handler/purchase_order_handler.go:144.11,146.29 2 0
github.com/moedahpos/backend/internal/handler/purchase_order_handler.go:148.3,148.9 1 0
github.com/moedahpos/backend/internal/handler/purchase_order_handler.go:150.2,152.4 1 0
github.com/moedahpos/backend/internal/handler/purchase_order_handler.go:156.79,158.58 2 0
github.com/moedahpos/backend/internal/handler/purchase_order_handler.go:158.58,159.10 1 0
github.com/moedahpos/backend/internal/handler/purchase_order_handler.go:160.46,161.42 1 0
github.com/moedahpos/backend/internal/handler/purchase_order_handler.go:162.50,163.93 1 0
github.com/moedahpos/backend/internal/handler/purchase_order_handler.go:164.11,165.29 1 0
github.com/moedahpos/backend/internal/handler/purchase_order_handler.go:167.3,167.9 1 0
github.com/moedahpos/backend/internal/handler/purchase_order_handler.go:169.2,171.4 1 0
github.com/moedahpos/backend/internal/handler/purchase_order_handler.go:175.87,178.16 3 0
github.com/moedahpos/backend/internal/handler/purchase_order_handler.go:178.16,182.3 3 0
github.com/moedahpos/backend/internal/handler/purchase_order_handler.go:183.2,183.30 1 0
github.com/moedahpos/backend/internal/handler/purchase_order_handler.go:187.86,191.61 4 0
github.com/moedahpos/backend/internal/handler/purchase_order_handler.go:191.61,194.3 2 0
github.com/moedahpos/backend/internal/handler/purchase_order_handler.go:195.2,195.58 1 0
github.com/moedahpos/backend/internal/handler/purchase_order_handler.go:195.58,198.3 2 0
github.com/moedahpos/backend/internal/handler/purchase_order_handler.go:199.2,200.16 2 0
github.com/moedahpos/backend/internal/handler/purchase_order_handler.go:200.16,201.44 1 0
github.com/moedahpos/backend/internal/handler/purchase_order_handler.go:201.44,204.4 2 0
github.com/moedahpos/backend/internal/handler/purchase_order_handler.go:205.3,206.9 2 0
github.com/moedahpos/backend/internal/handler/purchase_order_handler.go:208.2,208.29 1 0
github.com/moedahpos/backend/internal/handler/purchase_order_handler.go:212.85,215.16 3 0
github.com/moedahpos/backend/internal/handler/purchase_order_handler.go:215.16,219.3 3 0
github.com/moedahpos/backend/internal/handler/purchase_order_handler.go:220.2,220.27 1 0
github.com/moedahpos/backend/internal/handler/report_handler.go:21.100,23.2 1 1
github.com/moedahpos/backend/internal/handler/report_handler.go:25.72,31.2 1 1
github.com/moedahpos/backend/internal/handler/report_handler.go:34.78,37.16 3 1
github.com/moedahpos/backend/internal/handler/report_handler.go:37.16,41.3 3 0
github.com/moedahpos/backend/internal/handler/report_handler.go:42.2,42.29 1 1
github.com/moedahpos/backend/internal/handler/report_handler.go:46.80,49.16 3 0
github.com/moedahpos/backend/internal/handler/report_handler.go:49.16,53.3 3 0
github.com/moedahpos/backend/internal/handler/report_handler.go:54.2,54.27 1 0
github.com/moedahpos/backend/internal/handler/report_handler.go:58.80,61.16 3 0
github.com/moedahpos/backend/internal/handler/report_handler.go:61.16,65.3 3 0
github.com/moedahpos/backend/internal/handler/report_handler.go:66.2,66.27 1 0
github.com/moedahpos/backend/internal/handler/report_handler.go:70.80,73.16 3 1
github.com/moedahpos/backend/internal/handler/report_handler.go:73.16,77.3 3 0
github.com/moedahpos/backend/internal/handler/report_handler.go:78.2,78.29 1 1
github.com/moedahpos/backend/internal/handler/report_handler.go:82.79,85.19 3 0
github.com/moedahpos/backend/internal/handler/report_handler.go:85.19,87.3 1 0
github.com/moedahpos/backend/internal/handler/report_handler.go:88.2,89.16 2 0
github.com/moedahpos/backend/internal/handler/report_handler.go:89.16,93.3 3 0
github.com/moedahpos/backend/internal/handler/report_handler.go:94.2,94.29 1 0
github.com/moedahpos/backend/internal/handler/report_handler.go:98.74,101.16 3 0
github.com/moedahpos/backend/internal/handler/report_handler.go:101.16,105.3 3 0
github.com/moedahpos/backend/internal/handler/report_handler.go:106.2,106.29 1 0
github.com/moedahpos/backend/internal/handler/report_handler.go:110.80,115.16 4 0
github.com/moedahpos/backend/internal/handler/report_handler.go:115.16,119.3 3 0
github.com/moedahpos/backend/internal/handler/report_handler.go:120.2,120.29 1 0
github.com/moedahpos/backend/internal/handler/restaurant_handler.go:48.22,50.2 1 0
github.com/moedahpos/backend/internal/handler/restaurant_handler.go:54.80,57.16 3 0
github.com/moedahpos/backend/internal/handler/restaurant_handler.go:57.16,61.3 3 0
github.com/moedahpos/backend/internal/handler/restaurant_handler.go:62.2,62.29 1 0
github.com/moedahpos/backend/internal/handler/restaurant_handler.go:65.81,68.61 3 0
github.com/moedahpos/backend/internal/handler/restaurant_handler.go:68.61,71.3 2 0
github.com/moedahpos/backend/internal/handler/restaurant_handler.go:72.2,72.57 1 0
github.com/moedahpos/backend/internal/handler/restaurant_handler.go:72.57,75.3 2 0
github.com/moedahpos/backend/internal/handler/restaurant_handler.go:76.2,77.16 2 0
github.com/moedahpos/backend/internal/handler/restaurant_handler.go:77.16,81.3 3 0
github.com/moedahpos/backend/internal/handler/restaurant_handler.go:82.2,82.28 1 0
github.com/moedahpos/backend/internal/handler/restaurant_handler.go:85.81,88.61 3 0
github.com/moedahpos/backend/internal/handler/restaurant_handler.go:88.61,91.3 2 0
github.com/moedahpos/backend/internal/handler/restaurant_handler.go:92.2,92.57 1 0
github.com/moedahpos/backend/internal/handler/restaurant_handler.go:92.57,95.3 2 0
github.com/moedahpos/backend/internal/handler/restaurant_handler.go:96.2,97.16 2 0
github.com/moedahpos/backend/internal/handler/restaurant_handler.go:97.16,101.3 3 0
github.com/moedahpos/backend/internal/handler/restaurant_handler.go:102.2,102.28 1 0
github.com/moedahpos/backend/internal/handler/restaurant_handler.go:105.87,108.61 3 0
github.com/moedahpos/backend/internal/handler/restaurant_handler.go:108.61,111.3 2 0
github.com/moedahpos/backend/internal/handler/restaurant_handler.go:112.2,112.57 1 0
github.com/moedahpos/backend/internal/handler/restaurant_handler.go:112.57,115.3 2 0
github.com/moedahpos/backend/internal/handler/restaurant_handler.go:116.2,116.97 1 0
github.com/moedahpos/backend/internal/handler/restaurant_handler.go:116.97,120.3 3 0
github.com/moedahpos/backend/internal/handler/restaurant_handler.go:121.2,121.96 1 0
github.com/moedahpos/backend/internal/handler/restaurant_handler.go:124.81,126.59 2 0
github.com/moedahpos/backend/internal/handler/restaurant_handler.go:126.59,130.3 3 0
github.com/moedahpos/backend/internal/handler/restaurant_handler.go:131.2,131.102 1 0
github.com/moedahpos/backend/internal/handler/restaurant_handler.go:136.83,139.16 3 0
github.com/moedahpos/backend/internal/handler/restaurant_handler.go:139.16,143.3 3 0
github.com/moedahpos/backend/internal/handler/restaurant_handler.go:144.2,144.28 1 0
github.com/moedahpos/backend/internal/handler/restaurant_handler.go:147.84,150.61 3 0
github.com/moedahpos/backend/internal/handler/restaurant_handler.go:150.61,153.3 2 0
github.com/moedahpos/backend/internal/handler/restaurant_handler.go:154.2,154.57 1 0
github.com/moedahpos/backend/internal/handler/restaurant_handler.go:154.57,157.3 2 0
github.com/moedahpos/backend/internal/handler/restaurant_handler.go:158.2,159.16 2 0
github.com/moedahpos/backend/internal/handler/restaurant_handler.go:159.16,163.3 3 0
github.com/moedahpos/backend/internal/handler/restaurant_handler.go:164.2,164.27 1 0
github.com/moedahpos/backend/internal/handler/restaurant_handler.go:167.84,170.61 3 0
github.com/moedahpos/backend/internal/handler/restaurant_handler.go:170.61,173.3 2 0
github.com/moedahpos/backend/internal/handler/restaurant_handler.go:174.2,174.57 1 0
github.com/moedahpos/backend/internal/handler/restaurant_handler.go:174.57,177.3 2 0
github.com/moedahpos/backend/internal/handler/restaurant_handler.go:178.2,179.16 2 0
github.com/moedahpos/backend/internal/handler/restaurant_handler.go:179.16,183.3 3 0
github.com/moedahpos/backend/internal/handler/restaurant_handler.go:184.2,184.27 1 0
github.com/moedahpos/backend/internal/handler/restaurant_handler.go:187.84,189.58 2 0
github.com/moedahpos/backend/internal/handler/restaurant_handler.go:189.58,193.3 3 0
github.com/moedahpos/backend/internal/handler/restaurant_handler.go:194.2,194.106 1 0
github.com/moedahpos/backend/internal/handler/stock_adjustment_handler.go:23.153,29.2 1 1
github.com/moedahpos/backend/internal/handler/stock_adjustment_handler.go:31.81,33.19 2 1
github.com/moedahpos/backend/internal/handler/stock_adjustment_handler.go:33.19,36.3 2 0
github.com/moedahpos/backend/internal/handler/stock_adjustment_handler.go:38.2,39.18 2 1
github.com/moedahpos/backend/internal/handler/stock_adjustment_handler.go:39.18,42.3 2 0
github.com/moedahpos/backend/internal/handler/stock_adjustment_handler.go:44.2,45.61 2 1
github.com/moedahpos/backend/internal/handler/stock_adjustment_handler.go:45.61,48.3 2 0
github.com/moedahpos/backend/internal/handler/stock_adjustment_handler.go:50.2,50.57 1 1
github.com/moedahpos/backend/internal/handler/stock_adjustment_handler.go:50.57,53.3 2 1
github.com/moedahpos/backend/internal/handler/stock_adjustment_handler.go:55.2,55.82 1 1
github.com/moedahpos/backend/internal/handler/stock_adjustment_handler.go:55.82,60.3 3 1
github.com/moedahpos/backend/internal/handler/stock_adjustment_handler.go:62.2,62.81 1 1
github.com/moedahpos/backend/internal/handler/stock_adjustment_handler.go:65.85,67.19 2 1
github.com/moedahpos/backend/internal/handler/stock_adjustment_handler.go:67.19,70.3 2 0
github.com/moedahpos/backend/internal/handler/stock_adjustment_handler.go:72.2,74.21 3 1
github.com/moedahpos/backend/internal/handler/stock_adjustment_handler.go:74.21,76.3 1 0
github.com/moedahpos/backend/internal/handler/stock_adjustment_handler.go:78.2,79.16 2 1
github.com/moedahpos/backend/internal/handler/stock_adjustment_handler.go:79.16,83.3 3 0
github.com/moedahpos/backend/internal/handler/stock_adjustment_handler.go:85.2,85.34 1 1
github.com/moedahpos/backend/internal/handler/stock_handler.go:25.120,27.2 1 1
github.com/moedahpos/backend/internal/handler/stock_handler.go:30.74,33.16 3 1
github.com/moedahpos/backend/internal/handler/stock_handler.go:33.16,37.3 3 1
github.com/moedahpos/backend/internal/handler/stock_handler.go:38.2,38.29 1 1
github.com/moedahpos/backend/internal/handler/stock_handler.go:42.76,45.16 3 0
github.com/moedahpos/backend/internal/handler/stock_handler.go:45.16,49.3 3 0
github.com/moedahpos/backend/internal/handler/stock_handler.go:50.2,50.29 1 0
github.com/moedahpos/backend/internal/handler/stock_handler.go:54.80,58.16 4 1
github.com/moedahpos/backend/internal/handler/stock_handler.go:58.16,59.52 1 1
github.com/moedahpos/backend/internal/handler/stock_handler.go:59.52,62.4 2 1
github.com/moedahpos/backend/internal/handler/stock_handler.go:63.3,64.9 2 0
github.com/moedahpos/backend/internal/handler/stock_handler.go:66.2,66.28 1 1
github.com/moedahpos/backend/internal/handler/stock_handler.go:70.71,73.61 3 1
github.com/moedahpos/backend/internal/handler/stock_handler.go:73.61,76.3 2 0
github.com/moedahpos/backend/internal/handler/stock_handler.go:77.2,77.58 1 1
github.com/moedahpos/backend/internal/handler/stock_handler.go:77.58,80.3 2 1
github.com/moedahpos/backend/internal/handler/stock_handler.go:81.2,82.16 2 1
github.com/moedahpos/backend/internal/handler/stock_handler.go:82.16,83.51 1 1
github.com/moedahpos/backend/internal/handler/stock_handler.go:83.51,86.4 2 1
github.com/moedahpos/backend/internal/handler/stock_handler.go:87.3,89.9 3 0
github.com/moedahpos/backend/internal/handler/stock_handler.go:91.2,91.29 1 1
github.com/moedahpos/backend/internal/handler/stock_handler.go:95.76,98.61 3 0
github.com/moedahpos/backend/internal/handler/stock_handler.go:98.61,101.3 2 0
github.com/moedahpos/backend/internal/handler/stock_handler.go:102.2,102.58 1 0
github.com/moedahpos/backend/internal/handler/stock_handler.go:102.58,105.3 2 0
github.com/moedahpos/backend/internal/handler/stock_handler.go:106.2,106.75 1 0
github.com/moedahpos/backend/internal/handler/stock_handler.go:106.75,107.51 1 0
github.com/moedahpos/backend/internal/handler/stock_handler.go:107.51,110.4 2 0
github.com/moedahpos/backend/internal/handler/stock_handler.go:111.3,112.9 2 0
github.com/moedahpos/backend/internal/handler/stock_handler.go:114.2,116.4 1 0
github.com/moedahpos/backend/internal/handler/stock_handler.go:120.77,129.16 8 0
github.com/moedahpos/backend/internal/handler/stock_handler.go:129.16,133.3 3 0
github.com/moedahpos/backend/internal/handler/stock_handler.go:134.2,134.68 1 0
github.com/moedahpos/backend/internal/handler/store_handler.go:26.112,28.2 1 0
github.com/moedahpos/backend/internal/handler/store_handler.go:31.69,36.50 5 0
github.com/moedahpos/backend/internal/handler/store_handler.go:36.50,38.17 2 0
github.com/moedahpos/backend/internal/handler/store_handler.go:38.17,40.4 1 0
github.com/moedahpos/backend/internal/handler/store_handler.go:43.2,44.16 2 0
github.com/moedahpos/backend/internal/handler/store_handler.go:44.16,48.3 3 0
github.com/moedahpos/backend/internal/handler/store_handler.go:49.2,49.65 1 0
github.com/moedahpos/backend/internal/handler/store_handler.go:53.71,55.61 2 0
github.com/moedahpos/backend/internal/handler/store_handler.go:55.61,58.3 2 0
github.com/moedahpos/backend/internal/handler/store_handler.go:59.2,59.58 1 0
github.com/moedahpos/backend/internal/handler/store_handler.go:59.58,62.3 2 0
github.com/moedahpos/backend/internal/handler/store_handler.go:63.2,64.16 2 0
github.com/moedahpos/backend/internal/handler/store_handler.go:64.16,68.3 3 0
github.com/moedahpos/backend/internal/handler/store_handler.go:69.2,69.29 1 0
github.com/moedahpos/backend/internal/handler/store_handler.go:73.68,76.16 3 0
github.com/moedahpos/backend/internal/handler/store_handler.go:76.16,77.47 1 0
github.com/moedahpos/backend/internal/handler/store_handler.go:77.47,80.4 2 0
github.com/moedahpos/backend/internal/handler/store_handler.go:81.3,82.9 2 0
github.com/moedahpos/backend/internal/handler/store_handler.go:84.2,84.29 1 0
github.com/moedahpos/backend/internal/handler/store_handler.go:88.71,91.61 3 0
github.com/moedahpos/backend/internal/handler/store_handler.go:91.61,94.3 2 0
github.com/moedahpos/backend/internal/handler/store_handler.go:95.2,95.58 1 0
github.com/moedahpos/backend/internal/handler/store_handler.go:95.58,98.3 2 0
github.com/moedahpos/backend/internal/handler/store_handler.go:99.2,100.16 2 0
github.com/moedahpos/backend/internal/handler/store_handler.go:100.16,101.47 1 0
github.com/moedahpos/backend/internal/handler/store_handler.go:101.47,104.4 2 0
github.com/moedahpos/backend/internal/handler/store_handler.go:105.3,106.9 2 0
github.com/moedahpos/backend/internal/handler/store_handler.go:108.2,108.29 1 0
github.com/moedahpos/backend/internal/handler/store_handler.go:112.71,114.64 2 0
github.com/moedahpos/backend/internal/handler/store_handler.go:114.64,115.47 1 0
github.com/moedahpos/backend/internal/handler/store_handler.go:115.47,118.4 2 0
github.com/moedahpos/backend/internal/handler/store_handler.go:119.3,120.9 2 0
github.com/moedahpos/backend/internal/handler/store_handler.go:122.2,125.4 1 0
github.com/moedahpos/backend/internal/handler/store_handler.go:131.76,134.16 3 0
github.com/moedahpos/backend/internal/handler/store_handler.go:134.16,135.47 1 0
github.com/moedahpos/backend/internal/handler/store_handler.go:135.47,138.4 2 0
github.com/moedahpos/backend/internal/handler/store_handler.go:139.3,140.9 2 0
github.com/moedahpos/backend/internal/handler/store_handler.go:142.2,142.30 1 0
github.com/moedahpos/backend/internal/handler/store_handler.go:146.74,149.61 3 0
github.com/moedahpos/backend/internal/handler/store_handler.go:149.61,152.3 2 0
github.com/moedahpos/backend/internal/handler/store_handler.go:153.2,153.58 1 0
github.com/moedahpos/backend/internal/handler/store_handler.go:153.58,156.3 2 0
github.com/moedahpos/backend/internal/handler/store_handler.go:157.2,157.73 1 0
github.com/moedahpos/backend/internal/handler/store_handler.go:157.73,158.53 1 0
github.com/moedahpos/backend/internal/handler/store_handler.go:158.53,161.4 2 0
github.com/moedahpos/backend/internal/handler/store_handler.go:162.3,162.47 1 0
github.com/moedahpos/backend/internal/handler/store_handler.go:162.47,165.4 2 0
github.com/moedahpos/backend/internal/handler/store_handler.go:166.3,167.9 2 0
github.com/moedahpos/backend/internal/handler/store_handler.go:169.2,171.4 1 0
github.com/moedahpos/backend/internal/handler/store_handler.go:175.81,179.61 4 0
github.com/moedahpos/backend/internal/handler/store_handler.go:179.61,182.3 2 0
github.com/moedahpos/backend/internal/handler/store_handler.go:183.2,183.58 1 0
github.com/moedahpos/backend/internal/handler/store_handler.go:183.58,186.3 2 0
github.com/moedahpos/backend/internal/handler/store_handler.go:187.2,187.88 1 0
github.com/moedahpos/backend/internal/handler/store_handler.go:187.88,188.48 1 0
github.com/moedahpos/backend/internal/handler/store_handler.go:188.48,191.4 2 0
github.com/moedahpos/backend/internal/handler/store_handler.go:192.3,193.9 2 0
github.com/moedahpos/backend/internal/handler/store_handler.go:195.2,197.4 1 0
github.com/moedahpos/backend/internal/handler/store_handler.go:201.77,204.78 3 0
github.com/moedahpos/backend/internal/handler/store_handler.go:204.78,205.48 1 0
github.com/moedahpos/backend/internal/handler/store_handler.go:205.48,208.4 2 0
github.com/moedahpos/backend/internal/handler/store_handler.go:209.3,210.9 2 0
github.com/moedahpos/backend/internal/handler/store_handler.go:212.2,214.4 1 0
github.com/moedahpos/backend/internal/handler/store_handler.go:218.44,220.2 1 1
github.com/moedahpos/backend/internal/handler/supplier_handler.go:25.132,27.2 1 1
github.com/moedahpos/backend/internal/handler/supplier_handler.go:30.72,35.50 5 1
github.com/moedahpos/backend/internal/handler/supplier_handler.go:35.50,37.17 2 0
github.com/moedahpos/backend/internal/handler/supplier_handler.go:37.17,39.4 1 0
github.com/moedahpos/backend/internal/handler/supplier_handler.go:42.2,43.16 2 1
github.com/moedahpos/backend/internal/handler/supplier_handler.go:43.16,47.3 3 0
github.com/moedahpos/backend/internal/handler/supplier_handler.go:48.2,48.68 1 1
github.com/moedahpos/backend/internal/handler/supplier_handler.go:52.74,54.61 2 1
github.com/moedahpos/backend/internal/handler/supplier_handler.go:54.61,57.3 2 0
github.com/moedahpos/backend/internal/handler/supplier_handler.go:58.2,58.58 1 1
github.com/moedahpos/backend/internal/handler/supplier_handler.go:58.58,61.3 2 1
github.com/moedahpos/backend/internal/handler/supplier_handler.go:62.2,63.16 2 1
github.com/moedahpos/backend/internal/handler/supplier_handler.go:63.16,67.3 3 0
github.com/moedahpos/backend/internal/handler/supplier_handler.go:68.2,68.29 1 1
github.com/moedahpos/backend/internal/handler/supplier_handler.go:72.71,75.16 3 1
github.com/moedahpos/backend/internal/handler/supplier_handler.go:75.16,76.50 1 0
github.com/moedahpos/backend/internal/handler/supplier_handler.go:76.50,79.4 2 0
github.com/moedahpos/backend/internal/handler/supplier_handler.go:80.3,81.9 2 0
github.com/moedahpos/backend/internal/handler/supplier_handler.go:83.2,83.29 1 1
github.com/moedahpos/backend/internal/handler/supplier_handler.go:87.74,90.61 3 0
github.com/moedahpos/backend/internal/handler/supplier_handler.go:90.61,93.3 2 0
github.com/moedahpos/backend/internal/handler/supplier_handler.go:94.2,94.58 1 0
github.com/moedahpos/backend/internal/handler/supplier_handler.go:94.58,97.3 2 0
github.com/moedahpos/backend/internal/handler/supplier_handler.go:98.2,99.16 2 0
github.com/moedahpos/backend/internal/handler/supplier_handler.go:99.16,100.50 1 0
github.com/moedahpos/backend/internal/handler/supplier_handler.go:100.50,103.4 2 0
github.com/moedahpos/backend/internal/handler/supplier_handler.go:104.3,105.9 2 0
github.com/moedahpos/backend/internal/handler/supplier_handler.go:107.2,107.29 1 0
github.com/moedahpos/backend/internal/handler/supplier_handler.go:111.74,113.70 2 0
github.com/moedahpos/backend/internal/handler/supplier_handler.go:113.70,114.50 1 0
github.com/moedahpos/backend/internal/handler/supplier_handler.go:114.50,117.4 2 0
github.com/moedahpos/backend/internal/handler/supplier_handler.go:118.3,119.9 2 0
github.com/moedahpos/backend/internal/handler/supplier_handler.go:121.2,123.4 1 0
github.com/moedahpos/backend/internal/handler/termin_handler.go:25.116,27.2 1 0
github.com/moedahpos/backend/internal/handler/termin_handler.go:31.80,35.61 3 0
github.com/moedahpos/backend/internal/handler/termin_handler.go:35.61,38.3 2 0
github.com/moedahpos/backend/internal/handler/termin_handler.go:39.2,39.58 1 0
github.com/moedahpos/backend/internal/handler/termin_handler.go:39.58,42.3 2 0
github.com/moedahpos/backend/internal/handler/termin_handler.go:44.2,45.16 2 0
github.com/moedahpos/backend/internal/handler/termin_handler.go:45.16,48.3 2 0
github.com/moedahpos/backend/internal/handler/termin_handler.go:49.2,49.30 1 0
github.com/moedahpos/backend/internal/handler/termin_handler.go:54.77,57.16 3 0
github.com/moedahpos/backend/internal/handler/termin_handler.go:57.16,60.3 2 0
github.com/moedahpos/backend/internal/handler/termin_handler.go:61.2,61.30 1 0
github.com/moedahpos/backend/internal/handler/termin_handler.go:66.79,70.61 3 0
github.com/moedahpos/backend/internal/handler/termin_handler.go:70.61,73.3 2 0
github.com/moedahpos/backend/internal/handler/termin_handler.go:74.2,74.58 1 0
github.com/moedahpos/backend/internal/handler/termin_handler.go:74.58,77.3 2 0
github.com/moedahpos/backend/internal/handler/termin_handler.go:79.2,80.16 2 0
github.com/moedahpos/backend/internal/handler/termin_handler.go:80.16,83.3 2 0
github.com/moedahpos/backend/internal/handler/termin_handler.go:84.2,84.26 1 0
github.com/moedahpos/backend/internal/handler/termin_handler.go:89.80,92.16 3 0
github.com/moedahpos/backend/internal/handler/termin_handler.go:92.16,95.3 2 0
github.com/moedahpos/backend/internal/handler/termin_handler.go:96.2,96.30 1 0
github.com/moedahpos/backend/internal/handler/termin_handler.go:101.77,104.19 3 0
github.com/moedahpos/backend/internal/handler/termin_handler.go:104.19,106.3 1 0
github.com/moedahpos/backend/internal/handler/termin_handler.go:107.2,107.17 1 0
github.com/moedahpos/backend/internal/handler/termin_handler.go:108.48,108.48 0 0
github.com/moedahpos/backend/internal/handler/termin_handler.go:110.10,112.9 2 0
github.com/moedahpos/backend/internal/handler/termin_handler.go:115.2,116.16 2 0
github.com/moedahpos/backend/internal/handler/termin_handler.go:116.16,119.3 2 0
github.com/moedahpos/backend/internal/handler/termin_handler.go:120.2,120.27 1 0
github.com/moedahpos/backend/internal/handler/termin_handler.go:124.69,125.9 1 0
github.com/moedahpos/backend/internal/handler/termin_handler.go:126.45,127.41 1 0
github.com/moedahpos/backend/internal/handler/termin_handler.go:128.49,129.33 1 0
github.com/moedahpos/backend/internal/handler/termin_handler.go:130.52,131.56 1 0
github.com/moedahpos/backend/internal/handler/termin_handler.go:132.48,133.100 1 0
github.com/moedahpos/backend/internal/handler/termin_handler.go:134.10,136.28 2 0
github.com/moedahpos/backend/internal/handler/transaction_handler.go:25.136,27.2 1 1
github.com/moedahpos/backend/internal/handler/transaction_handler.go:30.79,33.61 3 1
github.com/moedahpos/backend/internal/handler/transaction_handler.go:33.61,36.3 2 0
github.com/moedahpos/backend/internal/handler/transaction_handler.go:37.2,37.58 1 1
github.com/moedahpos/backend/internal/handler/transaction_handler.go:37.58,40.3 2 0
github.com/moedahpos/backend/internal/handler/transaction_handler.go:42.2,43.16 2 1
github.com/moedahpos/backend/internal/handler/transaction_handler.go:43.16,44.10 1 0
github.com/moedahpos/backend/internal/handler/transaction_handler.go:45.51,46.35 1 0
github.com/moedahpos/backend/internal/handler/transaction_handler.go:47.53,48.66 1 0
github.com/moedahpos/backend/internal/handler/transaction_handler.go:49.54,50.94 1 0
github.com/moedahpos/backend/internal/handler/transaction_handler.go:51.11,53.29 2 0
github.com/moedahpos/backend/internal/handler/transaction_handler.go:55.3,55.9 1 0
github.com/moedahpos/backend/internal/handler/transaction_handler.go:57.2,57.29 1 1
github.com/moedahpos/backend/internal/handler/transaction_handler.go:61.75,72.16 10 0
github.com/moedahpos/backend/internal/handler/transaction_handler.go:72.16,76.3 3 0
github.com/moedahpos/backend/internal/handler/transaction_handler.go:77.2,77.63 1 0
github.com/moedahpos/backend/internal/handler/transaction_handler.go:81.74,84.16 3 1
github.com/moedahpos/backend/internal/handler/transaction_handler.go:84.16,85.53 1 0
github.com/moedahpos/backend/internal/handler/transaction_handler.go:85.53,88.4 2 0
github.com/moedahpos/backend/internal/handler/transaction_handler.go:89.3,90.9 2 0
github.com/moedahpos/backend/internal/handler/transaction_handler.go:92.2,92.29 1 1
github.com/moedahpos/backend/internal/handler/transaction_handler.go:96.75,98.84 2 1
github.com/moedahpos/backend/internal/handler/transaction_handler.go:98.84,99.10 1 0
github.com/moedahpos/backend/internal/handler/transaction_handler.go:100.55,101.39 1 0
github.com/moedahpos/backend/internal/handler/transaction_handler.go:102.60,103.75 1 0
github.com/moedahpos/backend/internal/handler/transaction_handler.go:104.11,106.29 2 0
github.com/moedahpos/backend/internal/handler/transaction_handler.go:108.3,108.9 1 0
github.com/moedahpos/backend/internal/handler/transaction_handler.go:110.2,112.4 1 1
github.com/moedahpos/backend/internal/handler/transaction_handler.go:118.82,121.61 3 0
github.com/moedahpos/backend/internal/handler/transaction_handler.go:121.61,124.3 2 0
github.com/moedahpos/backend/internal/handler/transaction_handler.go:125.2,125.58 1 0
github.com/moedahpos/backend/internal/handler/transaction_handler.go:125.58,128.3 2 0
github.com/moedahpos/backend/internal/handler/transaction_handler.go:129.2,130.16 2 0
github.com/moedahpos/backend/internal/handler/transaction_handler.go:130.16,134.3 3 0
github.com/moedahpos/backend/internal/handler/transaction_handler.go:135.2,135.29 1 0
github.com/moedahpos/backend/internal/handler/transaction_handler.go:139.86,142.19 3 0
github.com/moedahpos/backend/internal/handler/transaction_handler.go:142.19,145.3 2 0
github.com/moedahpos/backend/internal/handler/transaction_handler.go:146.2,147.16 2 0
github.com/moedahpos/backend/internal/handler/transaction_handler.go:147.16,151.3 3 0
github.com/moedahpos/backend/internal/handler/transaction_handler.go:152.2,152.19 1 0
github.com/moedahpos/backend/internal/handler/transaction_handler.go:152.19,155.3 2 0
github.com/moedahpos/backend/internal/handler/transaction_handler.go:156.2,156.29 1 0
github.com/moedahpos/backend/internal/handler/transaction_handler.go:160.82,164.61 4 0
github.com/moedahpos/backend/internal/handler/transaction_handler.go:164.61,167.3 2 0
github.com/moedahpos/backend/internal/handler/transaction_handler.go:168.2,168.58 1 0
github.com/moedahpos/backend/internal/handler/transaction_handler.go:168.58,171.3 2 0
github.com/moedahpos/backend/internal/handler/transaction_handler.go:172.2,173.16 2 0
github.com/moedahpos/backend/internal/handler/transaction_handler.go:173.16,174.10 1 0
github.com/moedahpos/backend/internal/handler/transaction_handler.go:175.49,176.39 1 0
github.com/moedahpos/backend/internal/handler/transaction_handler.go:177.11,179.29 2 0
github.com/moedahpos/backend/internal/handler/transaction_handler.go:181.3,181.9 1 0
github.com/moedahpos/backend/internal/handler/transaction_handler.go:183.2,183.29 1 0
github.com/moedahpos/backend/internal/handler/transaction_handler.go:187.79,191.61 4 0
github.com/moedahpos/backend/internal/handler/transaction_handler.go:191.61,194.3 2 0
github.com/moedahpos/backend/internal/handler/transaction_handler.go:195.2,195.58 1 0
github.com/moedahpos/backend/internal/handler/transaction_handler.go:195.58,198.3 2 0
github.com/moedahpos/backend/internal/handler/transaction_handler.go:199.2,200.16 2 0
github.com/moedahpos/backend/internal/handler/transaction_handler.go:200.16,201.10 1 0
github.com/moedahpos/backend/internal/handler/transaction_handler.go:202.49,203.39 1 0
github.com/moedahpos/backend/internal/handler/transaction_handler.go:204.54,205.94 1 0
github.com/moedahpos/backend/internal/handler/transaction_handler.go:206.11,208.29 2 0
github.com/moedahpos/backend/internal/handler/transaction_handler.go:210.3,210.9 1 0
github.com/moedahpos/backend/internal/handler/transaction_handler.go:212.2,212.29 1 0
github.com/moedahpos/backend/internal/handler/transaction_handler.go:218.84,221.16 3 0
github.com/moedahpos/backend/internal/handler/transaction_handler.go:221.16,225.3 3 0
github.com/moedahpos/backend/internal/handler/transaction_handler.go:226.2,226.29 1 0
github.com/moedahpos/backend/internal/handler/transaction_handler.go:230.90,233.61 3 0
github.com/moedahpos/backend/internal/handler/transaction_handler.go:233.61,236.3 2 0
github.com/moedahpos/backend/internal/handler/transaction_handler.go:237.2,237.58 1 0
github.com/moedahpos/backend/internal/handler/transaction_handler.go:237.58,240.3 2 0
github.com/moedahpos/backend/internal/handler/transaction_handler.go:241.2,242.16 2 0
github.com/moedahpos/backend/internal/handler/transaction_handler.go:242.16,246.3 3 0
github.com/moedahpos/backend/internal/handler/transaction_handler.go:247.2,247.62 1 0
github.com/moedahpos/backend/internal/handler/user_admin_handler.go:26.119,28.2 1 0
github.com/moedahpos/backend/internal/handler/user_admin_handler.go:31.73,36.14 5 0
github.com/moedahpos/backend/internal/handler/user_admin_handler.go:36.14,38.3 1 0
github.com/moedahpos/backend/internal/handler/user_admin_handler.go:39.2,39.17 1 0
github.com/moedahpos/backend/internal/handler/user_admin_handler.go:39.17,41.3 1 0
github.com/moedahpos/backend/internal/handler/user_admin_handler.go:43.2,44.16 2 0
github.com/moedahpos/backend/internal/handler/user_admin_handler.go:44.16,48.3 3 0
github.com/moedahpos/backend/internal/handler/user_admin_handler.go:50.2,51.78 2 0
github.com/moedahpos/backend/internal/handler/user_admin_handler.go:55.72,58.16 3 0
github.com/moedahpos/backend/internal/handler/user_admin_handler.go:58.16,59.51 1 0
github.com/moedahpos/backend/internal/handler/user_admin_handler.go:59.51,62.4 2 0
github.com/moedahpos/backend/internal/handler/user_admin_handler.go:63.3,64.9 2 0
github.com/moedahpos/backend/internal/handler/user_admin_handler.go:66.2,66.36 1 0
github.com/moedahpos/backend/internal/handler/user_admin_handler.go:70.75,72.61 2 0
github.com/moedahpos/backend/internal/handler/user_admin_handler.go:72.61,75.3 2 0
github.com/moedahpos/backend/internal/handler/user_admin_handler.go:76.2,76.60 1 0
github.com/moedahpos/backend/internal/handler/user_admin_handler.go:76.60,79.3 2 0
github.com/moedahpos/backend/internal/handler/user_admin_handler.go:81.2,82.16 2 0
github.com/moedahpos/backend/internal/handler/user_admin_handler.go:82.16,83.52 1 0
github.com/moedahpos/backend/internal/handler/user_admin_handler.go:83.52,86.4 2 0
github.com/moedahpos/backend/internal/handler/user_admin_handler.go:87.3,88.9 2 0
github.com/moedahpos/backend/internal/handler/user_admin_handler.go:90.2,90.41 1 0
github.com/moedahpos/backend/internal/handler/user_admin_handler.go:94.75,97.61 3 0
github.com/moedahpos/backend/internal/handler/user_admin_handler.go:97.61,100.3 2 0
github.com/moedahpos/backend/internal/handler/user_admin_handler.go:101.2,101.60 1 0
github.com/moedahpos/backend/internal/handler/user_admin_handler.go:101.60,104.3 2 0
github.com/moedahpos/backend/internal/handler/user_admin_handler.go:106.2,107.16 2 0
github.com/moedahpos/backend/internal/handler/user_admin_handler.go:107.16,108.10 1 0
github.com/moedahpos/backend/internal/handler/user_admin_handler.go:109.53,110.60 1 0
github.com/moedahpos/backend/internal/handler/user_admin_handler.go:111.54,112.66 1 0
github.com/moedahpos/backend/internal/handler/user_admin_handler.go:113.11,114.78 1 0
github.com/moedahpos/backend/internal/handler/user_admin_handler.go:116.3,116.9 1 0
github.com/moedahpos/backend/internal/handler/user_admin_handler.go:118.2,118.36 1 0
github.com/moedahpos/backend/internal/handler/user_admin_handler.go:122.79,124.62 2 0
github.com/moedahpos/backend/internal/handler/user_admin_handler.go:124.62,125.51 1 0
github.com/moedahpos/backend/internal/handler/user_admin_handler.go:125.51,128.4 2 0
github.com/moedahpos/backend/internal/handler/user_admin_handler.go:129.3,130.9 2 0
github.com/moedahpos/backend/internal/handler/user_admin_handler.go:132.2,132.97 1 0
github.com/moedahpos/backend/internal/handler/user_admin_handler.go:136.82,139.61 3 0
github.com/moedahpos/backend/internal/handler/user_admin_handler.go:139.61,142.3 2 0
github.com/moedahpos/backend/internal/handler/user_admin_handler.go:143.2,143.60 1 0
github.com/moedahpos/backend/internal/handler/user_admin_handler.go:143.60,146.3 2 0
github.com/moedahpos/backend/internal/handler/user_admin_handler.go:147.2,147.67 1 0
github.com/moedahpos/backend/internal/handler/user_admin_handler.go:147.67,148.51 1 0
github.com/moedahpos/backend/internal/handler/user_admin_handler.go:148.51,151.4 2 0
github.com/moedahpos/backend/internal/handler/user_admin_handler.go:152.3,153.9 2 0
github.com/moedahpos/backend/internal/handler/user_admin_handler.go:155.2,155.97 1 0
github.com/moedahpos/backend/internal/handler/user_admin_handler.go:159.78,162.61 3 0
github.com/moedahpos/backend/internal/handler/user_admin_handler.go:162.61,165.3 2 0
github.com/moedahpos/backend/internal/handler/user_admin_handler.go:167.2,168.16 2 0
github.com/moedahpos/backend/internal/handler/user_admin_handler.go:168.16,169.51 1 0
github.com/moedahpos/backend/internal/handler/user_admin_handler.go:169.51,172.4 2 0
github.com/moedahpos/backend/internal/handler/user_admin_handler.go:173.3,174.9 2 0
github.com/moedahpos/backend/internal/handler/user_admin_handler.go:176.2,176.36 1 0
github.com/moedahpos/backend/internal/handler/user_admin_handler.go:180.78,182.16 2 0
github.com/moedahpos/backend/internal/handler/user_admin_handler.go:182.16,185.3 2 0
github.com/moedahpos/backend/internal/handler/user_admin_handler.go:186.2,187.27 2 0
github.com/moedahpos/backend/internal/handler/user_admin_handler.go:187.27,194.3 1 0
github.com/moedahpos/backend/internal/handler/user_admin_handler.go:195.2,195.63 1 0
github.com/moedahpos/backend/internal/service/activity_log_service.go:21.107,23.2 1 0
github.com/moedahpos/backend/internal/service/activity_log_service.go:25.179,27.16 2 0
github.com/moedahpos/backend/internal/service/activity_log_service.go:27.16,30.3 2 0
github.com/moedahpos/backend/internal/service/activity_log_service.go:32.2,33.19 2 0
github.com/moedahpos/backend/internal/service/activity_log_service.go:33.19,35.3 1 0
github.com/moedahpos/backend/internal/service/activity_log_service.go:37.2,38.17 2 0
github.com/moedahpos/backend/internal/service/activity_log_service.go:38.17,40.3 1 0
github.com/moedahpos/backend/internal/service/activity_log_service.go:42.2,51.53 2 0
github.com/moedahpos/backend/internal/service/activity_log_service.go:51.53,53.3 1 0
github.com/moedahpos/backend/internal/service/activity_log_service.go:56.168,59.16 3 0
github.com/moedahpos/backend/internal/service/activity_log_service.go:59.16,61.3 1 0
github.com/moedahpos/backend/internal/service/activity_log_service.go:63.2,64.25 2 0
github.com/moedahpos/backend/internal/service/activity_log_service.go:64.25,79.3 3 0
github.com/moedahpos/backend/internal/service/activity_log_service.go:81.2,81.62 1 0
github.com/moedahpos/backend/internal/service/auth_service.go:44.16,53.2 1 1
github.com/moedahpos/backend/internal/service/auth_service.go:56.110,59.16 2 1
github.com/moedahpos/backend/internal/service/auth_service.go:59.16,61.3 1 1
github.com/moedahpos/backend/internal/service/auth_service.go:62.2,62.11 1 1
github.com/moedahpos/backend/internal/service/auth_service.go:62.11,64.3 1 1
github.com/moedahpos/backend/internal/service/auth_service.go:67.2,68.16 2 1
github.com/moedahpos/backend/internal/service/auth_service.go:68.16,70.3 1 0
github.com/moedahpos/backend/internal/service/auth_service.go:73.2,78.16 2 1
github.com/moedahpos/backend/internal/service/auth_service.go:78.16,80.3 1 1
github.com/moedahpos/backend/internal/service/auth_service.go:82.2,89.8 2 1
github.com/moedahpos/backend/internal/service/auth_service.go:93.101,95.16 2 1
github.com/moedahpos/backend/internal/service/auth_service.go:95.16,97.3 1 0
github.com/moedahpos/backend/internal/service/auth_service.go:98.2,98.17 1 1
github.com/moedahpos/backend/internal/service/auth_service.go:98.17,100.3 1 1
github.com/moedahpos/backend/internal/service/auth_service.go:101.2,101.20 1 1
github.com/moedahpos/backend/internal/service/auth_service.go:101.20,103.3 1 1
github.com/moedahpos/backend/internal/service/auth_service.go:106.2,106.76 1 1
github.com/moedahpos/backend/internal/service/auth_service.go:106.76,108.3 1 1
github.com/moedahpos/backend/internal/service/auth_service.go:111.2,112.16 2 1
github.com/moedahpos/backend/internal/service/auth_service.go:112.16,114.3 1 0
github.com/moedahpos/backend/internal/service/auth_service.go:116.2,117.16 2 1
github.com/moedahpos/backend/internal/service/auth_service.go:117.16,119.3 1 0
github.com/moedahpos/backend/internal/service/auth_service.go:122.2,126.17 1 1
github.com/moedahpos/backend/internal/service/auth_service.go:126.17,128.3 1 0
github.com/moedahpos/backend/internal/service/auth_service.go:130.2,146.8 3 1
github.com/moedahpos/backend/internal/service/auth_service.go:150.107,154.16 3 1
github.com/moedahpos/backend/internal/service/auth_service.go:154.16,156.3 1 0
github.com/moedahpos/backend/internal/service/auth_service.go:157.2,157.19 1 1
github.com/moedahpos/backend/internal/service/auth_service.go:157.19,159.3 1 1
github.com/moedahpos/backend/internal/service/auth_service.go:162.2,163.16 2 1
github.com/moedahpos/backend/internal/service/auth_service.go:163.16,165.3 1 0
github.com/moedahpos/backend/internal/service/auth_service.go:166.2,166.35 1 1
github.com/moedahpos/backend/internal/service/auth_service.go:166.35,168.3 1 0
github.com/moedahpos/backend/internal/service/auth_service.go:171.2,171.63 1 1
github.com/moedahpos/backend/internal/service/auth_service.go:171.63,173.3 1 0
github.com/moedahpos/backend/internal/service/auth_service.go:176.2,177.16 2 1
github.com/moedahpos/backend/internal/service/auth_service.go:177.16,179.3 1 0
github.com/moedahpos/backend/internal/service/auth_service.go:181.2,184.8 1 1
github.com/moedahpos/backend/internal/service/auth_service.go:188.72,189.67 1 1
github.com/moedahpos/backend/internal/service/auth_service.go:189.67,191.3 1 0
github.com/moedahpos/backend/internal/service/auth_service.go:192.2,196.12 3 1
github.com/moedahpos/backend/internal/service/auth_service.go:200.87,202.16 2 1
github.com/moedahpos/backend/internal/service/auth_service.go:202.16,204.3 1 0
github.com/moedahpos/backend/internal/service/auth_service.go:205.2,205.17 1 1
github.com/moedahpos/backend/internal/service/auth_service.go:205.17,207.3 1 1
github.com/moedahpos/backend/internal/service/auth_service.go:209.2,210.16 2 1
github.com/moedahpos/backend/internal/service/auth_service.go:210.16,212.3 1 0
github.com/moedahpos/backend/internal/service/auth_service.go:214.2,215.28 2 1
github.com/moedahpos/backend/internal/service/auth_service.go:215.28,222.3 1 1
github.com/moedahpos/backend/internal/service/auth_service.go:224.2,229.8 1 1
github.com/moedahpos/backend/internal/service/batch_stock_service.go:27.104,29.2 1 0
github.com/moedahpos/backend/internal/service/batch_stock_service.go:36.124,37.29 1 0
github.com/moedahpos/backend/internal/service/batch_stock_service.go:37.29,46.61 2 0
github.com/moedahpos/backend/internal/service/batch_stock_service.go:46.61,48.4 1 0
github.com/moedahpos/backend/internal/service/batch_stock_service.go:50.2,55.12 2 0
github.com/moedahpos/backend/internal/service/batch_stock_service.go:66.112,67.77 1 0
github.com/moedahpos/backend/internal/service/batch_stock_service.go:67.77,69.3 1 0
github.com/moedahpos/backend/internal/service/batch_stock_service.go:70.2,75.12 2 0
github.com/moedahpos/backend/internal/service/batch_stock_service.go:82.119,84.2 1 0
github.com/moedahpos/backend/internal/service/batch_stock_service.go:88.127,90.2 1 0
github.com/moedahpos/backend/internal/service/batch_stock_service.go:94.121,96.2 1 0
github.com/moedahpos/backend/internal/service/customer_service.go:24.98,26.2 1 1
github.com/moedahpos/backend/internal/service/customer_service.go:28.132,31.16 3 1
github.com/moedahpos/backend/internal/service/customer_service.go:31.16,33.3 1 0
github.com/moedahpos/backend/internal/service/customer_service.go:34.2,35.25 2 1
github.com/moedahpos/backend/internal/service/customer_service.go:35.25,37.3 1 1
github.com/moedahpos/backend/internal/service/customer_service.go:38.2,38.57 1 1
github.com/moedahpos/backend/internal/service/customer_service.go:41.94,43.16 2 0
github.com/moedahpos/backend/internal/service/customer_service.go:43.16,45.3 1 0
github.com/moedahpos/backend/internal/service/customer_service.go:46.2,46.14 1 0
github.com/moedahpos/backend/internal/service/customer_service.go:46.14,48.3 1 0
github.com/moedahpos/backend/internal/service/customer_service.go:49.2,49.35 1 0
github.com/moedahpos/backend/internal/service/customer_service.go:52.133,57.21 2 1
github.com/moedahpos/backend/internal/service/customer_service.go:57.21,59.3 1 0
github.com/moedahpos/backend/internal/service/customer_service.go:60.2,60.21 1 1
github.com/moedahpos/backend/internal/service/customer_service.go:60.21,62.3 1 0
github.com/moedahpos/backend/internal/service/customer_service.go:63.2,63.23 1 1
github.com/moedahpos/backend/internal/service/customer_service.go:63.23,65.3 1 0
github.com/moedahpos/backend/internal/service/customer_service.go:66.2,66.21 1 1
github.com/moedahpos/backend/internal/service/customer_service.go:66.21,68.3 1 0
github.com/moedahpos/backend/internal/service/customer_service.go:70.2,71.16 2 1
github.com/moedahpos/backend/internal/service/customer_service.go:71.16,73.3 1 0
github.com/moedahpos/backend/internal/service/customer_service.go:74.2,75.37 2 1
github.com/moedahpos/backend/internal/service/customer_service.go:78.128,80.16 2 1
github.com/moedahpos/backend/internal/service/customer_service.go:80.16,82.3 1 0
github.com/moedahpos/backend/internal/service/customer_service.go:83.2,83.21 1 1
github.com/moedahpos/backend/internal/service/customer_service.go:83.21,85.3 1 1
github.com/moedahpos/backend/internal/service/customer_service.go:86.2,87.21 2 1
github.com/moedahpos/backend/internal/service/customer_service.go:87.21,89.3 1 0
github.com/moedahpos/backend/internal/service/customer_service.go:89.8,91.3 1 1
github.com/moedahpos/backend/internal/service/customer_service.go:92.2,92.21 1 1
github.com/moedahpos/backend/internal/service/customer_service.go:92.21,94.3 1 0
github.com/moedahpos/backend/internal/service/customer_service.go:94.8,96.3 1 1
github.com/moedahpos/backend/internal/service/customer_service.go:97.2,97.23 1 1
github.com/moedahpos/backend/internal/service/customer_service.go:97.23,99.3 1 0
github.com/moedahpos/backend/internal/service/customer_service.go:99.8,101.3 1 1
github.com/moedahpos/backend/internal/service/customer_service.go:102.2,102.21 1 1
github.com/moedahpos/backend/internal/service/customer_service.go:102.21,104.3 1 0
github.com/moedahpos/backend/internal/service/customer_service.go:104.8,106.3 1 1
github.com/moedahpos/backend/internal/service/customer_service.go:108.2,109.16 2 1
github.com/moedahpos/backend/internal/service/customer_service.go:109.16,111.3 1 0
github.com/moedahpos/backend/internal/service/customer_service.go:112.2,112.16 1 1
github.com/moedahpos/backend/internal/service/customer_service.go:112.16,114.3 1 0
github.com/moedahpos/backend/internal/service/customer_service.go:115.2,115.37 1 1
github.com/moedahpos/backend/internal/service/customer_service.go:118.72,119.51 1 1
github.com/moedahpos/backend/internal/service/customer_service.go:119.51,120.42 1 1
github.com/moedahpos/backend/internal/service/customer_service.go:120.42,122.4 1 1
github.com/moedahpos/backend/internal/service/customer_service.go:123.3,123.50 1 0
github.com/moedahpos/backend/internal/service/customer_service.go:125.2,125.12 1 1
github.com/moedahpos/backend/internal/service/customer_service.go:129.114,132.16 3 0
github.com/moedahpos/backend/internal/service/customer_service.go:132.16,134.3 1 0
github.com/moedahpos/backend/internal/service/customer_service.go:135.2,136.25 2 0
github.com/moedahpos/backend/internal/service/customer_service.go:136.25,138.3 1 0
github.com/moedahpos/backend/internal/service/customer_service.go:139.2,139.18 1 0
github.com/moedahpos/backend/internal/service/customer_service.go:142.67,154.2 1 1
github.com/moedahpos/backend/internal/service/expense_service.go:21.143,23.2 1 1
github.com/moedahpos/backend/internal/service/expense_service.go:27.122,29.16 2 0
github.com/moedahpos/backend/internal/service/expense_service.go:29.16,31.3 1 0
github.com/moedahpos/backend/internal/service/expense_service.go:33.2,34.25 2 0
github.com/moedahpos/backend/internal/service/expense_service.go:34.25,43.3 1 0
github.com/moedahpos/backend/internal/service/expense_service.go:44.2,44.18 1 0
github.com/moedahpos/backend/internal/service/expense_service.go:47.139,52.16 2 0
github.com/moedahpos/backend/internal/service/expense_service.go:52.16,54.3 1 0
github.com/moedahpos/backend/internal/service/expense_service.go:55.2,62.8 1 0
github.com/moedahpos/backend/internal/service/expense_service.go:65.150,67.16 2 0
github.com/moedahpos/backend/internal/service/expense_service.go:67.16,69.3 1 0
github.com/moedahpos/backend/internal/service/expense_service.go:70.2,70.14 1 0
github.com/moedahpos/backend/internal/service/expense_service.go:70.14,72.3 1 0
github.com/moedahpos/backend/internal/service/expense_service.go:73.2,80.8 1 0
github.com/moedahpos/backend/internal/service/expense_service.go:83.83,85.2 1 0
github.com/moedahpos/backend/internal/service/expense_service.go:89.146,91.16 2 1
github.com/moedahpos/backend/internal/service/expense_service.go:91.16,93.3 1 1
github.com/moedahpos/backend/internal/service/expense_service.go:95.2,104.16 2 1
github.com/moedahpos/backend/internal/service/expense_service.go:104.16,106.3 1 0
github.com/moedahpos/backend/internal/service/expense_service.go:108.2,109.26 2 1
github.com/moedahpos/backend/internal/service/expense_service.go:109.26,111.3 1 1
github.com/moedahpos/backend/internal/service/expense_service.go:112.2,113.18 2 1
github.com/moedahpos/backend/internal/service/expense_service.go:113.18,115.3 1 1
github.com/moedahpos/backend/internal/service/expense_service.go:117.2,122.36 2 1
github.com/moedahpos/backend/internal/service/expense_service.go:125.142,128.16 3 1
github.com/moedahpos/backend/internal/service/expense_service.go:128.16,130.3 1 0
github.com/moedahpos/backend/internal/service/expense_service.go:132.2,133.29 2 1
github.com/moedahpos/backend/internal/service/expense_service.go:133.29,135.3 1 1
github.com/moedahpos/backend/internal/service/expense_service.go:136.2,136.62 1 1
github.com/moedahpos/backend/internal/service/expense_service.go:139.142,141.16 2 0
github.com/moedahpos/backend/internal/service/expense_service.go:141.16,143.3 1 0
github.com/moedahpos/backend/internal/service/expense_service.go:145.2,153.16 2 0
github.com/moedahpos/backend/internal/service/expense_service.go:153.16,155.3 1 0
github.com/moedahpos/backend/internal/service/expense_service.go:156.2,156.14 1 0
github.com/moedahpos/backend/internal/service/expense_service.go:156.14,158.3 1 0
github.com/moedahpos/backend/internal/service/expense_service.go:160.2,165.36 2 0
github.com/moedahpos/backend/internal/service/expense_service.go:168.87,171.63 2 0
github.com/moedahpos/backend/internal/service/expense_service.go:171.63,173.3 1 0
github.com/moedahpos/backend/internal/service/expense_service.go:175.2,175.31 1 0
github.com/moedahpos/backend/internal/service/expense_service.go:175.31,180.3 1 0
github.com/moedahpos/backend/internal/service/expense_service.go:181.2,181.12 1 0
github.com/moedahpos/backend/internal/service/expense_service.go:184.84,198.2 1 1
github.com/moedahpos/backend/internal/service/expense_service.go:200.154,202.16 2 0
github.com/moedahpos/backend/internal/service/expense_service.go:202.16,204.3 1 0
github.com/moedahpos/backend/internal/service/expense_service.go:205.2,205.14 1 0
github.com/moedahpos/backend/internal/service/expense_service.go:205.14,207.3 1 0
github.com/moedahpos/backend/internal/service/expense_service.go:208.2,208.36 1 0
github.com/moedahpos/backend/internal/service/expense_service.go:213.173,215.16 2 0
github.com/moedahpos/backend/internal/service/expense_service.go:215.16,217.3 1 0
github.com/moedahpos/backend/internal/service/expense_service.go:218.2,219.46 2 0
github.com/moedahpos/backend/internal/service/expense_service.go:219.46,221.17 2 0
github.com/moedahpos/backend/internal/service/expense_service.go:221.17,223.4 1 0
github.com/moedahpos/backend/internal/service/expense_service.go:224.3,224.16 1 0
github.com/moedahpos/backend/internal/service/expense_service.go:227.2,241.16 2 0
github.com/moedahpos/backend/internal/service/expense_service.go:241.16,243.3 1 0
github.com/moedahpos/backend/internal/service/expense_service.go:244.2,244.46 1 0
github.com/moedahpos/backend/internal/service/expense_service.go:247.160,250.16 3 0
github.com/moedahpos/backend/internal/service/expense_service.go:250.16,252.3 1 0
github.com/moedahpos/backend/internal/service/expense_service.go:254.2,255.29 2 0
github.com/moedahpos/backend/internal/service/expense_service.go:255.29,257.3 1 0
github.com/moedahpos/backend/internal/service/expense_service.go:258.2,258.62 1 0
github.com/moedahpos/backend/internal/service/expense_service.go:261.169,263.16 2 0
github.com/moedahpos/backend/internal/service/expense_service.go:263.16,265.3 1 0
github.com/moedahpos/backend/internal/service/expense_service.go:266.2,267.46 2 0
github.com/moedahpos/backend/internal/service/expense_service.go:267.46,269.17 2 0
github.com/moedahpos/backend/internal/service/expense_service.go:269.17,271.4 1 0
github.com/moedahpos/backend/internal/service/expense_service.go:272.3,272.16 1 0
github.com/moedahpos/backend/internal/service/expense_service.go:275.2,288.16 2 0
github.com/moedahpos/backend/internal/service/expense_service.go:288.16,290.3 1 0
github.com/moedahpos/backend/internal/service/expense_service.go:291.2,291.15 1 0
github.com/moedahpos/backend/internal/service/expense_service.go:291.15,293.3 1 0
github.com/moedahpos/backend/internal/service/expense_service.go:294.2,294.46 1 0
github.com/moedahpos/backend/internal/service/expense_service.go:297.96,298.72 1 0
github.com/moedahpos/backend/internal/service/expense_service.go:298.72,300.3 1 0
github.com/moedahpos/backend/internal/service/expense_service.go:301.2,301.12 1 0
github.com/moedahpos/backend/internal/service/expense_service.go:304.81,306.16 2 1
github.com/moedahpos/backend/internal/service/expense_service.go:306.16,308.3 1 0
github.com/moedahpos/backend/internal/service/expense_service.go:310.2,310.25 1 1
github.com/moedahpos/backend/internal/service/expense_service.go:310.25,322.17 3 1
github.com/moedahpos/backend/internal/service/expense_service.go:322.17,324.12 2 0
github.com/moedahpos/backend/internal/service/expense_service.go:328.3,329.22 2 1
github.com/moedahpos/backend/internal/service/expense_service.go:330.16,331.60 1 0
github.com/moedahpos/backend/internal/service/expense_service.go:332.17,333.62 1 0
github.com/moedahpos/backend/internal/service/expense_service.go:334.18,335.60 1 1
github.com/moedahpos/backend/internal/service/expense_service.go:336.17,337.60 1 0
github.com/moedahpos/backend/internal/service/expense_service.go:340.3,340.102 1 1
github.com/moedahpos/backend/internal/service/expense_service.go:340.102,342.4 1 0
github.com/moedahpos/backend/internal/service/expense_service.go:342.9,344.4 1 1
github.com/moedahpos/backend/internal/service/expense_service.go:346.2,346.12 1 1
github.com/moedahpos/backend/internal/service/expense_service.go:349.111,351.22 2 0
github.com/moedahpos/backend/internal/service/expense_service.go:351.22,354.3 2 0
github.com/moedahpos/backend/internal/service/expense_service.go:355.2,355.30 1 0
github.com/moedahpos/backend/internal/service/expense_service.go:355.30,358.3 2 0
github.com/moedahpos/backend/internal/service/expense_service.go:360.2,378.3 1 0
github.com/moedahpos/backend/internal/service/income_service.go:40.133,42.2 1 1
github.com/moedahpos/backend/internal/service/income_service.go:46.121,48.16 2 0
github.com/moedahpos/backend/internal/service/income_service.go:48.16,50.3 1 0
github.com/moedahpos/backend/internal/service/income_service.go:51.2,52.25 2 0
github.com/moedahpos/backend/internal/service/income_service.go:52.25,54.3 1 0
github.com/moedahpos/backend/internal/service/income_service.go:55.2,55.18 1 0
github.com/moedahpos/backend/internal/service/income_service.go:58.136,64.16 3 0
github.com/moedahpos/backend/internal/service/income_service.go:64.16,66.3 1 0
github.com/moedahpos/backend/internal/service/income_service.go:67.2,67.43 1 0
github.com/moedahpos/backend/internal/service/income_service.go:70.147,72.16 2 0
github.com/moedahpos/backend/internal/service/income_service.go:72.16,74.3 1 0
github.com/moedahpos/backend/internal/service/income_service.go:75.2,75.16 1 0
github.com/moedahpos/backend/internal/service/income_service.go:75.16,77.3 1 0
github.com/moedahpos/backend/internal/service/income_service.go:78.2,78.43 1 0
github.com/moedahpos/backend/internal/service/income_service.go:81.82,83.2 1 0
github.com/moedahpos/backend/internal/service/income_service.go:87.142,89.16 2 1
github.com/moedahpos/backend/internal/service/income_service.go:89.16,91.3 1 1
github.com/moedahpos/backend/internal/service/income_service.go:93.2,94.25 2 1
github.com/moedahpos/backend/internal/service/income_service.go:94.25,97.3 2 0
github.com/moedahpos/backend/internal/service/income_service.go:98.2,98.21 1 1
github.com/moedahpos/backend/internal/service/income_service.go:98.21,101.3 2 0
github.com/moedahpos/backend/internal/service/income_service.go:102.2,103.18 2 1
github.com/moedahpos/backend/internal/service/income_service.go:103.18,105.3 1 1
github.com/moedahpos/backend/internal/service/income_service.go:107.2,117.16 2 1
github.com/moedahpos/backend/internal/service/income_service.go:117.16,119.3 1 0
github.com/moedahpos/backend/internal/service/income_service.go:121.2,122.28 2 1
github.com/moedahpos/backend/internal/service/income_service.go:122.28,124.3 1 1
github.com/moedahpos/backend/internal/service/income_service.go:127.2,128.18 2 1
github.com/moedahpos/backend/internal/service/income_service.go:128.18,130.3 1 1
github.com/moedahpos/backend/internal/service/income_service.go:132.2,139.35 3 1
github.com/moedahpos/backend/internal/service/income_service.go:142.133,145.16 3 1
github.com/moedahpos/backend/internal/service/income_service.go:145.16,147.3 1 0
github.com/moedahpos/backend/internal/service/income_service.go:148.2,149.25 2 1
github.com/moedahpos/backend/internal/service/income_service.go:149.25,151.3 1 1
github.com/moedahpos/backend/internal/service/income_service.go:152.2,152.57 1 1
github.com/moedahpos/backend/internal/service/income_service.go:155.138,157.16 2 0
github.com/moedahpos/backend/internal/service/income_service.go:157.16,159.3 1 0
github.com/moedahpos/backend/internal/service/income_service.go:161.2,162.25 2 0
github.com/moedahpos/backend/internal/service/income_service.go:162.25,165.3 2 0
github.com/moedahpos/backend/internal/service/income_service.go:166.2,166.21 1 0
github.com/moedahpos/backend/internal/service/income_service.go:166.21,169.3 2 0
github.com/moedahpos/backend/internal/service/income_service.go:171.2,181.16 2 0
github.com/moedahpos/backend/internal/service/income_service.go:181.16,183.3 1 0
github.com/moedahpos/backend/internal/service/income_service.go:184.2,184.20 1 0
github.com/moedahpos/backend/internal/service/income_service.go:184.20,186.3 1 0
github.com/moedahpos/backend/internal/service/income_service.go:191.2,197.39 2 0
github.com/moedahpos/backend/internal/service/income_service.go:200.85,203.56 2 0
github.com/moedahpos/backend/internal/service/income_service.go:203.56,204.40 1 0
github.com/moedahpos/backend/internal/service/income_service.go:204.40,206.4 1 0
github.com/moedahpos/backend/internal/service/income_service.go:207.3,207.48 1 0
github.com/moedahpos/backend/internal/service/income_service.go:210.2,210.33 1 0
github.com/moedahpos/backend/internal/service/income_service.go:210.33,215.3 1 0
github.com/moedahpos/backend/internal/service/income_service.go:217.2,217.12 1 0
github.com/moedahpos/backend/internal/service/income_service.go:222.85,231.2 1 0
github.com/moedahpos/backend/internal/service/income_service.go:233.63,249.2 1 1
github.com/moedahpos/backend/internal/service/price_history_service.go:21.110,23.2 1 0
github.com/moedahpos/backend/internal/service/price_history_service.go:34.9,36.46 1 0
github.com/moedahpos/backend/internal/service/price_history_service.go:36.46,38.3 1 0
github.com/moedahpos/backend/internal/service/price_history_service.go:39.2,51.4 1 0
github.com/moedahpos/backend/internal/service/price_history_service.go:55.162,58.16 3 0
github.com/moedahpos/backend/internal/service/price_history_service.go:58.16,60.3 1 0
github.com/moedahpos/backend/internal/service/price_history_service.go:61.2,61.77 1 0
github.com/moedahpos/backend/internal/service/price_history_service.go:65.158,68.16 3 0
github.com/moedahpos/backend/internal/service/price_history_service.go:68.16,70.3 1 0
github.com/moedahpos/backend/internal/service/price_history_service.go:71.2,71.77 1 0
github.com/moedahpos/backend/internal/service/price_history_service.go:74.77,76.25 2 0
github.com/moedahpos/backend/internal/service/price_history_service.go:76.25,93.3 1 0
github.com/moedahpos/backend/internal/service/price_history_service.go:94.2,94.12 1 0
github.com/moedahpos/backend/internal/service/product_service.go:39.19,41.2 1 1
github.com/moedahpos/backend/internal/service/product_service.go:45.111,47.16 2 0
github.com/moedahpos/backend/internal/service/product_service.go:47.16,49.3 1 0
github.com/moedahpos/backend/internal/service/product_service.go:50.2,51.25 2 0
github.com/moedahpos/backend/internal/service/product_service.go:51.25,53.3 1 0
github.com/moedahpos/backend/internal/service/product_service.go:54.2,54.18 1 0
github.com/moedahpos/backend/internal/service/product_service.go:57.141,61.16 2 0
github.com/moedahpos/backend/internal/service/product_service.go:61.16,63.3 1 0
github.com/moedahpos/backend/internal/service/product_service.go:64.2,64.37 1 0
github.com/moedahpos/backend/internal/service/product_service.go:67.136,69.16 2 0
github.com/moedahpos/backend/internal/service/product_service.go:69.16,71.3 1 0
github.com/moedahpos/backend/internal/service/product_service.go:72.2,72.16 1 0
github.com/moedahpos/backend/internal/service/product_service.go:72.16,74.3 1 0
github.com/moedahpos/backend/internal/service/product_service.go:75.2,78.16 4 0
github.com/moedahpos/backend/internal/service/product_service.go:78.16,80.3 1 0
github.com/moedahpos/backend/internal/service/product_service.go:81.2,81.41 1 0
github.com/moedahpos/backend/internal/service/product_service.go:85.79,87.16 2 0
github.com/moedahpos/backend/internal/service/product_service.go:87.16,89.3 1 0
github.com/moedahpos/backend/internal/service/product_service.go:90.2,90.16 1 0
github.com/moedahpos/backend/internal/service/product_service.go:90.16,92.3 1 0
github.com/moedahpos/backend/internal/service/product_service.go:93.2,93.59 1 0
github.com/moedahpos/backend/internal/service/product_service.go:93.59,95.3 1 0
github.com/moedahpos/backend/internal/service/product_service.go:96.2,97.12 2 0
github.com/moedahpos/backend/internal/service/product_service.go:102.142,106.16 4 0
github.com/moedahpos/backend/internal/service/product_service.go:106.16,108.3 1 0
github.com/moedahpos/backend/internal/service/product_service.go:109.2,110.29 2 0
github.com/moedahpos/backend/internal/service/product_service.go:110.29,112.3 1 0
github.com/moedahpos/backend/internal/service/product_service.go:113.2,113.62 1 0
github.com/moedahpos/backend/internal/service/product_service.go:116.99,118.16 2 0
github.com/moedahpos/backend/internal/service/product_service.go:118.16,120.3 1 0
github.com/moedahpos/backend/internal/service/product_service.go:121.2,121.14 1 0
github.com/moedahpos/backend/internal/service/product_service.go:121.14,123.3 1 0
github.com/moedahpos/backend/internal/service/product_service.go:124.2,124.34 1 0
github.com/moedahpos/backend/internal/service/product_service.go:127.122,129.16 2 0
github.com/moedahpos/backend/internal/service/product_service.go:129.16,131.3 1 0
github.com/moedahpos/backend/internal/service/product_service.go:132.2,132.14 1 0
github.com/moedahpos/backend/internal/service/product_service.go:132.14,134.3 1 0
github.com/moedahpos/backend/internal/service/product_service.go:135.2,135.34 1 0
github.com/moedahpos/backend/internal/service/product_service.go:138.158,141.16 2 1
github.com/moedahpos/backend/internal/service/product_service.go:141.16,143.3 1 0
github.com/moedahpos/backend/internal/service/product_service.go:144.2,144.12 1 1
github.com/moedahpos/backend/internal/service/product_service.go:144.12,146.3 1 1
github.com/moedahpos/backend/internal/service/product_service.go:148.2,149.29 2 1
github.com/moedahpos/backend/internal/service/product_service.go:149.29,151.3 1 0
github.com/moedahpos/backend/internal/service/product_service.go:153.2,159.16 2 1
github.com/moedahpos/backend/internal/service/product_service.go:159.16,161.3 1 0
github.com/moedahpos/backend/internal/service/product_service.go:164.2,164.25 1 1
github.com/moedahpos/backend/internal/service/product_service.go:164.25,170.17 2 1
github.com/moedahpos/backend/internal/service/product_service.go:170.17,172.4 1 0
github.com/moedahpos/backend/internal/service/product_service.go:175.2,176.40 2 1
github.com/moedahpos/backend/internal/service/product_service.go:179.151,181.16 2 1
github.com/moedahpos/backend/internal/service/product_service.go:181.16,183.3 1 0
github.com/moedahpos/backend/internal/service/product_service.go:184.2,184.20 1 1
github.com/moedahpos/backend/internal/service/product_service.go:184.20,186.3 1 0
github.com/moedahpos/backend/internal/service/product_service.go:189.2,199.29 10 1
github.com/moedahpos/backend/internal/service/product_service.go:199.29,201.3 1 0
github.com/moedahpos/backend/internal/service/product_service.go:201.8,203.3 1 1
github.com/moedahpos/backend/internal/service/product_service.go:204.2,206.25 3 1
github.com/moedahpos/backend/internal/service/product_service.go:206.25,208.3 1 0
github.com/moedahpos/backend/internal/service/product_service.go:210.2,211.16 2 1
github.com/moedahpos/backend/internal/service/product_service.go:211.16,213.3 1 0
github.com/moedahpos/backend/internal/service/product_service.go:216.2,216.30 1 1
github.com/moedahpos/backend/internal/service/product_service.go:216.30,222.18 2 1
github.com/moedahpos/backend/internal/service/product_service.go:222.18,224.4 1 0
github.com/moedahpos/backend/internal/service/product_service.go:227.2,227.40 1 1
github.com/moedahpos/backend/internal/service/product_service.go:231.78,233.16 2 0
github.com/moedahpos/backend/internal/service/product_service.go:233.16,235.3 1 0
github.com/moedahpos/backend/internal/service/product_service.go:236.2,236.20 1 0
github.com/moedahpos/backend/internal/service/product_service.go:236.20,238.3 1 0
github.com/moedahpos/backend/internal/service/product_service.go:239.2,239.58 1 0
github.com/moedahpos/backend/internal/service/product_service.go:239.58,241.3 1 0
github.com/moedahpos/backend/internal/service/product_service.go:242.2,243.12 2 0
github.com/moedahpos/backend/internal/service/product_service.go:248.67,258.24 2 0
github.com/moedahpos/backend/internal/service/product_service.go:258.24,261.3 2 0
github.com/moedahpos/backend/internal/service/product_service.go:262.2,262.10 1 0
github.com/moedahpos/backend/internal/service/product_service.go:265.64,267.26 2 1
github.com/moedahpos/backend/internal/service/product_service.go:267.26,269.3 1 0
github.com/moedahpos/backend/internal/service/product_service.go:270.2,291.24 2 1
github.com/moedahpos/backend/internal/service/product_service.go:291.24,294.3 2 0
github.com/moedahpos/backend/internal/service/product_service.go:295.2,295.10 1 1
github.com/moedahpos/backend/internal/service/purchase_order_service.go:46.25,48.2 1 0
github.com/moedahpos/backend/internal/service/purchase_order_service.go:50.133,53.16 3 0
github.com/moedahpos/backend/internal/service/purchase_order_service.go:53.16,55.3 1 0
github.com/moedahpos/backend/internal/service/purchase_order_service.go:57.2,59.25 3 0
github.com/moedahpos/backend/internal/service/purchase_order_service.go:59.25,61.3 1 0
github.com/moedahpos/backend/internal/service/purchase_order_service.go:62.2,62.62 1 0
github.com/moedahpos/backend/internal/service/purchase_order_service.go:65.95,67.16 2 0
github.com/moedahpos/backend/internal/service/purchase_order_service.go:67.16,69.3 1 0
github.com/moedahpos/backend/internal/service/purchase_order_service.go:70.2,70.15 1 0
github.com/moedahpos/backend/internal/service/purchase_order_service.go:70.15,72.3 1 0
github.com/moedahpos/backend/internal/service/purchase_order_service.go:74.2,75.16 2 0
github.com/moedahpos/backend/internal/service/purchase_order_service.go:75.16,78.3 2 0
github.com/moedahpos/backend/internal/service/purchase_order_service.go:79.2,79.30 1 0
github.com/moedahpos/backend/internal/service/purchase_order_service.go:82.144,84.16 2 0
github.com/moedahpos/backend/internal/service/purchase_order_service.go:84.16,86.3 1 0
github.com/moedahpos/backend/internal/service/purchase_order_service.go:88.2,99.16 4 0
github.com/moedahpos/backend/internal/service/purchase_order_service.go:99.16,101.3 1 0
github.com/moedahpos/backend/internal/service/purchase_order_service.go:103.2,104.53 2 0
github.com/moedahpos/backend/internal/service/purchase_order_service.go:104.53,106.3 1 0
github.com/moedahpos/backend/internal/service/purchase_order_service.go:107.2,115.30 3 0
github.com/moedahpos/backend/internal/service/purchase_order_service.go:118.140,120.16 2 0
github.com/moedahpos/backend/internal/service/purchase_order_service.go:120.16,122.3 1 0
github.com/moedahpos/backend/internal/service/purchase_order_service.go:123.2,123.21 1 0
github.com/moedahpos/backend/internal/service/purchase_order_service.go:123.21,125.3 1 0
github.com/moedahpos/backend/internal/service/purchase_order_service.go:126.2,126.32 1 0
github.com/moedahpos/backend/internal/service/purchase_order_service.go:126.32,128.3 1 0
github.com/moedahpos/backend/internal/service/purchase_order_service.go:130.2,131.16 2 0
github.com/moedahpos/backend/internal/service/purchase_order_service.go:131.16,133.3 1 0
github.com/moedahpos/backend/internal/service/purchase_order_service.go:135.2,140.16 5 0
github.com/moedahpos/backend/internal/service/purchase_order_service.go:140.16,142.3 1 0
github.com/moedahpos/backend/internal/service/purchase_order_service.go:143.2,143.15 1 0
github.com/moedahpos/backend/internal/service/purchase_order_service.go:143.15,145.3 1 0
github.com/moedahpos/backend/internal/service/purchase_order_service.go:146.2,146.30 1 0
github.com/moedahpos/backend/internal/service/purchase_order_service.go:150.87,152.16 2 0
github.com/moedahpos/backend/internal/service/purchase_order_service.go:152.16,154.3 1 0
github.com/moedahpos/backend/internal/service/purchase_order_service.go:155.2,155.15 1 0
github.com/moedahpos/backend/internal/service/purchase_order_service.go:155.15,157.3 1 0
github.com/moedahpos/backend/internal/service/purchase_order_service.go:158.2,158.26 1 0
github.com/moedahpos/backend/internal/service/purchase_order_service.go:158.26,160.3 1 0
github.com/moedahpos/backend/internal/service/purchase_order_service.go:161.2,161.57 1 0
github.com/moedahpos/backend/internal/service/purchase_order_service.go:161.57,163.3 1 0
github.com/moedahpos/backend/internal/service/purchase_order_service.go:164.2,165.12 2 0
github.com/moedahpos/backend/internal/service/purchase_order_service.go:169.88,171.16 2 0
github.com/moedahpos/backend/internal/service/purchase_order_service.go:171.16,173.3 1 0
github.com/moedahpos/backend/internal/service/purchase_order_service.go:174.2,174.15 1 0
github.com/moedahpos/backend/internal/service/purchase_order_service.go:174.15,176.3 1 0
github.com/moedahpos/backend/internal/service/purchase_order_service.go:177.2,177.28 1 0
github.com/moedahpos/backend/internal/service/purchase_order_service.go:177.28,179.3 1 0
github.com/moedahpos/backend/internal/service/purchase_order_service.go:181.2,186.32 3 0
github.com/moedahpos/backend/internal/service/purchase_order_service.go:186.32,188.35 2 0
github.com/moedahpos/backend/internal/service/purchase_order_service.go:188.35,193.4 1 0
github.com/moedahpos/backend/internal/service/purchase_order_service.go:196.2,196.58 1 0
github.com/moedahpos/backend/internal/service/purchase_order_service.go:196.58,198.3 1 0
github.com/moedahpos/backend/internal/service/purchase_order_service.go:201.2,201.30 1 0
github.com/moedahpos/backend/internal/service/purchase_order_service.go:201.30,203.33 2 0
github.com/moedahpos/backend/internal/service/purchase_order_service.go:203.33,205.15 2 0
github.com/moedahpos/backend/internal/service/purchase_order_service.go:205.15,206.13 1 0
github.com/moedahpos/backend/internal/service/purchase_order_service.go:208.4,208.39 1 0
github.com/moedahpos/backend/internal/service/purchase_order_service.go:208.39,209.13 1 0
github.com/moedahpos/backend/internal/service/purchase_order_service.go:211.4,217.5 2 0
github.com/moedahpos/backend/internal/service/purchase_order_service.go:221.2,222.12 2 0
github.com/moedahpos/backend/internal/service/purchase_order_service.go:226.79,228.16 2 0
github.com/moedahpos/backend/internal/service/purchase_order_service.go:228.16,230.3 1 0
github.com/moedahpos/backend/internal/service/purchase_order_service.go:231.2,231.15 1 0
github.com/moedahpos/backend/internal/service/purchase_order_service.go:231.15,233.3 1 0
github.com/moedahpos/backend/internal/service/purchase_order_service.go:234.2,235.57 2 0
github.com/moedahpos/backend/internal/service/purchase_order_service.go:235.57,237.3 1 0
github.com/moedahpos/backend/internal/service/purchase_order_service.go:238.2,238.33 1 0
github.com/moedahpos/backend/internal/service/purchase_order_service.go:243.140,246.31 3 0
github.com/moedahpos/backend/internal/service/purchase_order_service.go:246.31,248.17 2 0
github.com/moedahpos/backend/internal/service/purchase_order_service.go:248.17,250.4 1 0
github.com/moedahpos/backend/internal/service/purchase_order_service.go:251.3,251.51 1 0
github.com/moedahpos/backend/internal/service/purchase_order_service.go:251.51,253.4 1 0
github.com/moedahpos/backend/internal/service/purchase_order_service.go:254.3,261.5 3 0
github.com/moedahpos/backend/internal/service/purchase_order_service.go:263.2,263.29 1 0
github.com/moedahpos/backend/internal/service/purchase_order_service.go:268.61,287.28 2 0
github.com/moedahpos/backend/internal/service/purchase_order_service.go:287.28,289.3 1 0
github.com/moedahpos/backend/internal/service/purchase_order_service.go:290.2,290.25 1 0
github.com/moedahpos/backend/internal/service/purchase_order_service.go:290.25,293.3 2 0
github.com/moedahpos/backend/internal/service/purchase_order_service.go:294.2,294.26 1 0
github.com/moedahpos/backend/internal/service/purchase_order_service.go:294.26,297.3 2 0
github.com/moedahpos/backend/internal/service/purchase_order_service.go:298.2,298.28 1 0
github.com/moedahpos/backend/internal/service/purchase_order_service.go:298.28,301.3 2 0
github.com/moedahpos/backend/internal/service/purchase_order_service.go:302.2,302.32 1 0
github.com/moedahpos/backend/internal/service/purchase_order_service.go:302.32,314.3 1 0
github.com/moedahpos/backend/internal/service/purchase_order_service.go:315.2,315.13 1 0
github.com/moedahpos/backend/internal/service/purchase_order_service.go:321.155,323.16 2 0
github.com/moedahpos/backend/internal/service/purchase_order_service.go:323.16,325.3 1 0
github.com/moedahpos/backend/internal/service/purchase_order_service.go:326.2,326.15 1 0
github.com/moedahpos/backend/internal/service/purchase_order_service.go:326.15,328.3 1 0
github.com/moedahpos/backend/internal/service/purchase_order_service.go:329.2,329.29 1 0
github.com/moedahpos/backend/internal/service/purchase_order_service.go:329.29,331.3 1 0
github.com/moedahpos/backend/internal/service/purchase_order_service.go:333.2,335.16 3 0
github.com/moedahpos/backend/internal/service/purchase_order_service.go:335.16,337.3 1 0
github.com/moedahpos/backend/internal/service/purchase_order_service.go:339.2,346.16 2 0
github.com/moedahpos/backend/internal/service/purchase_order_service.go:346.16,348.3 1 0
github.com/moedahpos/backend/internal/service/purchase_order_service.go:350.2,358.36 3 0
github.com/moedahpos/backend/internal/service/purchase_order_service.go:361.121,363.43 2 0
github.com/moedahpos/backend/internal/service/purchase_order_service.go:363.43,365.3 1 0
github.com/moedahpos/backend/internal/service/purchase_order_service.go:367.2,368.28 2 0
github.com/moedahpos/backend/internal/service/purchase_order_service.go:368.28,369.24 1 0
github.com/moedahpos/backend/internal/service/purchase_order_service.go:369.24,370.9 1 0
github.com/moedahpos/backend/internal/service/purchase_order_service.go:373.3,374.21 2 0
github.com/moedahpos/backend/internal/service/purchase_order_service.go:374.21,375.12 1 0
github.com/moedahpos/backend/internal/service/purchase_order_service.go:378.3,379.28 2 0
github.com/moedahpos/backend/internal/service/purchase_order_service.go:379.28,381.4 1 0
github.com/moedahpos/backend/internal/service/purchase_order_service.go:383.3,392.17 2 0
github.com/moedahpos/backend/internal/service/purchase_order_service.go:392.17,394.4 1 0
github.com/moedahpos/backend/internal/service/purchase_order_service.go:394.9,396.4 1 0
github.com/moedahpos/backend/internal/service/purchase_order_service.go:398.3,398.25 1 0
github.com/moedahpos/backend/internal/service/purchase_order_service.go:403.113,405.16 2 0
github.com/moedahpos/backend/internal/service/purchase_order_service.go:405.16,407.3 1 0
github.com/moedahpos/backend/internal/service/purchase_order_service.go:408.2,409.25 2 0
github.com/moedahpos/backend/internal/service/purchase_order_service.go:409.25,411.3 1 0
github.com/moedahpos/backend/internal/service/purchase_order_service.go:412.2,412.17 1 0
github.com/moedahpos/backend/internal/service/purchase_order_service.go:416.113,418.2 1 0
github.com/moedahpos/backend/internal/service/purchase_order_service.go:420.68,430.2 1 0
github.com/moedahpos/backend/internal/service/report_service.go:20.98,22.2 1 1
github.com/moedahpos/backend/internal/service/report_service.go:25.71,30.50 4 1
github.com/moedahpos/backend/internal/service/report_service.go:30.50,33.3 2 0
github.com/moedahpos/backend/internal/service/report_service.go:35.2,36.27 2 1
github.com/moedahpos/backend/internal/service/report_service.go:36.27,37.64 1 1
github.com/moedahpos/backend/internal/service/report_service.go:37.64,39.4 1 1
github.com/moedahpos/backend/internal/service/report_service.go:41.2,41.25 1 1
github.com/moedahpos/backend/internal/service/report_service.go:41.25,42.62 1 1
github.com/moedahpos/backend/internal/service/report_service.go:42.62,44.4 1 1
github.com/moedahpos/backend/internal/service/report_service.go:46.2,46.17 1 1
github.com/moedahpos/backend/internal/service/report_service.go:50.119,53.16 3 1
github.com/moedahpos/backend/internal/service/report_service.go:53.16,55.3 1 0
github.com/moedahpos/backend/internal/service/report_service.go:57.2,59.25 3 1
github.com/moedahpos/backend/internal/service/report_service.go:59.25,66.3 6 1
github.com/moedahpos/backend/internal/service/report_service.go:67.2,68.20 2 1
github.com/moedahpos/backend/internal/service/report_service.go:68.20,70.3 1 1
github.com/moedahpos/backend/internal/service/report_service.go:71.2,80.8 1 1
github.com/moedahpos/backend/internal/service/report_service.go:84.119,87.16 3 0
github.com/moedahpos/backend/internal/service/report_service.go:87.16,89.3 1 0
github.com/moedahpos/backend/internal/service/report_service.go:90.2,90.18 1 0
github.com/moedahpos/backend/internal/service/report_service.go:94.119,97.16 3 0
github.com/moedahpos/backend/internal/service/report_service.go:97.16,99.3 1 0
github.com/moedahpos/backend/internal/service/report_service.go:100.2,100.18 1 0
github.com/moedahpos/backend/internal/service/report_service.go:104.114,106.16 2 1
github.com/moedahpos/backend/internal/service/report_service.go:106.16,108.3 1 0
github.com/moedahpos/backend/internal/service/report_service.go:109.2,110.25 2 1
github.com/moedahpos/backend/internal/service/report_service.go:110.25,112.3 1 1
github.com/moedahpos/backend/internal/service/report_service.go:113.2,116.8 1 1
github.com/moedahpos/backend/internal/service/report_service.go:120.137,123.16 3 0
github.com/moedahpos/backend/internal/service/report_service.go:123.16,125.3 1 0
github.com/moedahpos/backend/internal/service/report_service.go:126.2,127.25 2 0
github.com/moedahpos/backend/internal/service/report_service.go:127.25,133.3 5 0
github.com/moedahpos/backend/internal/service/report_service.go:134.2,135.20 2 0
github.com/moedahpos/backend/internal/service/report_service.go:135.20,137.3 1 0
github.com/moedahpos/backend/internal/service/report_service.go:138.2,146.8 1 0
github.com/moedahpos/backend/internal/service/report_service.go:150.111,153.16 3 0
github.com/moedahpos/backend/internal/service/report_service.go:153.16,155.3 1 0
github.com/moedahpos/backend/internal/service/report_service.go:157.2,159.25 3 0
github.com/moedahpos/backend/internal/service/report_service.go:159.25,164.45 5 0
github.com/moedahpos/backend/internal/service/report_service.go:164.45,166.4 1 0
github.com/moedahpos/backend/internal/service/report_service.go:168.2,176.8 1 0
github.com/moedahpos/backend/internal/service/report_service.go:180.128,186.19 5 0
github.com/moedahpos/backend/internal/service/report_service.go:186.19,187.56 1 0
github.com/moedahpos/backend/internal/service/report_service.go:187.56,190.4 2 0
github.com/moedahpos/backend/internal/service/report_service.go:193.2,194.16 2 0
github.com/moedahpos/backend/internal/service/report_service.go:194.16,196.3 1 0
github.com/moedahpos/backend/internal/service/report_service.go:197.2,197.18 1 0
github.com/moedahpos/backend/internal/service/restaurant_service.go:48.72,50.2 1 0
github.com/moedahpos/backend/internal/service/restaurant_service.go:52.96,54.16 2 0
github.com/moedahpos/backend/internal/service/restaurant_service.go:54.16,56.3 1 0
github.com/moedahpos/backend/internal/service/restaurant_service.go:57.2,58.27 2 0
github.com/moedahpos/backend/internal/service/restaurant_service.go:58.27,60.3 1 0
github.com/moedahpos/backend/internal/service/restaurant_service.go:61.2,61.18 1 0
github.com/moedahpos/backend/internal/service/restaurant_service.go:64.125,73.16 3 0
github.com/moedahpos/backend/internal/service/restaurant_service.go:73.16,75.3 1 0
github.com/moedahpos/backend/internal/service/restaurant_service.go:76.2,77.38 2 0
github.com/moedahpos/backend/internal/service/restaurant_service.go:80.120,82.16 2 0
github.com/moedahpos/backend/internal/service/restaurant_service.go:82.16,84.3 1 0
github.com/moedahpos/backend/internal/service/restaurant_service.go:85.2,85.21 1 0
github.com/moedahpos/backend/internal/service/restaurant_service.go:85.21,87.3 1 0
github.com/moedahpos/backend/internal/service/restaurant_service.go:88.2,91.25 4 0
github.com/moedahpos/backend/internal/service/restaurant_service.go:91.25,93.3 1 0
github.com/moedahpos/backend/internal/service/restaurant_service.go:94.2,95.16 2 0
github.com/moedahpos/backend/internal/service/restaurant_service.go:95.16,97.3 1 0
github.com/moedahpos/backend/internal/service/restaurant_service.go:98.2,98.38 1 0
github.com/moedahpos/backend/internal/service/restaurant_service.go:101.102,102.61 1 0
github.com/moedahpos/backend/internal/service/restaurant_service.go:102.61,104.3 1 0
github.com/moedahpos/backend/internal/service/restaurant_service.go:105.2,105.12 1 0
github.com/moedahpos/backend/internal/service/restaurant_service.go:108.69,109.51 1 0
github.com/moedahpos/backend/internal/service/restaurant_service.go:109.51,111.3 1 0
github.com/moedahpos/backend/internal/service/restaurant_service.go:112.2,112.12 1 0
github.com/moedahpos/backend/internal/service/restaurant_service.go:122.81,124.2 1 0
github.com/moedahpos/backend/internal/service/restaurant_service.go:126.102,128.16 2 0
github.com/moedahpos/backend/internal/service/restaurant_service.go:128.16,130.3 1 0
github.com/moedahpos/backend/internal/service/restaurant_service.go:131.2,132.29 2 0
github.com/moedahpos/backend/internal/service/restaurant_service.go:132.29,134.3 1 0
github.com/moedahpos/backend/internal/service/restaurant_service.go:135.2,135.18 1 0
github.com/moedahpos/backend/internal/service/restaurant_service.go:138.134,141.29 3 0
github.com/moedahpos/backend/internal/service/restaurant_service.go:141.29,143.3 1 0
github.com/moedahpos/backend/internal/service/restaurant_service.go:145.2,158.16 3 0
github.com/moedahpos/backend/internal/service/restaurant_service.go:158.16,160.3 1 0
github.com/moedahpos/backend/internal/service/restaurant_service.go:163.2,163.30 1 0
github.com/moedahpos/backend/internal/service/restaurant_service.go:163.30,165.39 2 0
github.com/moedahpos/backend/internal/service/restaurant_service.go:165.39,171.4 1 0
github.com/moedahpos/backend/internal/service/restaurant_service.go:172.3,172.74 1 0
github.com/moedahpos/backend/internal/service/restaurant_service.go:172.74,174.4 1 0
github.com/moedahpos/backend/internal/service/restaurant_service.go:177.2,179.38 3 0
github.com/moedahpos/backend/internal/service/restaurant_service.go:182.129,184.16 2 0
github.com/moedahpos/backend/internal/service/restaurant_service.go:184.16,186.3 1 0
github.com/moedahpos/backend/internal/service/restaurant_service.go:187.2,187.21 1 0
github.com/moedahpos/backend/internal/service/restaurant_service.go:187.21,189.3 1 0
github.com/moedahpos/backend/internal/service/restaurant_service.go:191.2,196.29 6 0
github.com/moedahpos/backend/internal/service/restaurant_service.go:196.29,198.3 1 0
github.com/moedahpos/backend/internal/service/restaurant_service.go:198.8,200.3 1 0
github.com/moedahpos/backend/internal/service/restaurant_service.go:201.2,205.25 5 0
github.com/moedahpos/backend/internal/service/restaurant_service.go:205.25,207.3 1 0
github.com/moedahpos/backend/internal/service/restaurant_service.go:209.2,210.16 2 0
github.com/moedahpos/backend/internal/service/restaurant_service.go:210.16,212.3 1 0
github.com/moedahpos/backend/internal/service/restaurant_service.go:215.2,216.38 2 0
github.com/moedahpos/backend/internal/service/restaurant_service.go:216.38,222.3 1 0
github.com/moedahpos/backend/internal/service/restaurant_service.go:223.2,223.73 1 0
github.com/moedahpos/backend/internal/service/restaurant_service.go:223.73,225.3 1 0
github.com/moedahpos/backend/internal/service/restaurant_service.go:227.2,228.38 2 0
github.com/moedahpos/backend/internal/service/restaurant_service.go:231.72,232.51 1 0
github.com/moedahpos/backend/internal/service/restaurant_service.go:232.51,234.3 1 0
github.com/moedahpos/backend/internal/service/restaurant_service.go:235.2,235.12 1 0
github.com/moedahpos/backend/internal/service/restaurant_service.go:240.68,251.20 2 0
github.com/moedahpos/backend/internal/service/restaurant_service.go:251.20,253.3 1 0
github.com/moedahpos/backend/internal/service/restaurant_service.go:254.2,254.10 1 0
github.com/moedahpos/backend/internal/service/restaurant_service.go:257.70,258.17 1 0
github.com/moedahpos/backend/internal/service/restaurant_service.go:258.17,260.3 1 0
github.com/moedahpos/backend/internal/service/restaurant_service.go:261.2,262.29 2 0
github.com/moedahpos/backend/internal/service/restaurant_service.go:262.29,264.3 1 0
github.com/moedahpos/backend/internal/service/restaurant_service.go:267.2,269.39 3 0
github.com/moedahpos/backend/internal/service/restaurant_service.go:269.39,280.3 2 0
github.com/moedahpos/backend/internal/service/restaurant_service.go:282.2,305.26 3 0
github.com/moedahpos/backend/internal/service/restaurant_service.go:305.26,307.3 1 0
github.com/moedahpos/backend/internal/service/restaurant_service.go:308.2,308.10 1 0
github.com/moedahpos/backend/internal/service/stock_adjustment_service.go:16.140,18.2 1 1
github.com/moedahpos/backend/internal/service/stock_adjustment_service.go:20.138,24.124 2 1
github.com/moedahpos/backend/internal/service/stock_adjustment_service.go:24.124,26.3 1 1
github.com/moedahpos/backend/internal/service/stock_adjustment_service.go:28.2,28.66 1 1
github.com/moedahpos/backend/internal/service/stock_adjustment_service.go:28.66,30.3 1 0
github.com/moedahpos/backend/internal/service/stock_adjustment_service.go:32.2,32.65 1 1
github.com/moedahpos/backend/internal/service/stock_adjustment_service.go:32.65,34.3 1 1
github.com/moedahpos/backend/internal/service/stock_adjustment_service.go:36.2,36.77 1 1
github.com/moedahpos/backend/internal/service/stock_adjustment_service.go:36.77,38.3 1 1
github.com/moedahpos/backend/internal/service/stock_adjustment_service.go:40.2,47.12 2 1
github.com/moedahpos/backend/internal/service/stock_adjustment_service.go:50.146,52.2 1 1
github.com/moedahpos/backend/internal/service/stock_service.go:29.136,31.2 1 1
github.com/moedahpos/backend/internal/service/stock_service.go:34.130,36.16 2 1
github.com/moedahpos/backend/internal/service/stock_service.go:36.16,38.3 1 1
github.com/moedahpos/backend/internal/service/stock_service.go:39.2,40.27 2 1
github.com/moedahpos/backend/internal/service/stock_service.go:40.27,42.3 1 1
github.com/moedahpos/backend/internal/service/stock_service.go:43.2,43.18 1 1
github.com/moedahpos/backend/internal/service/stock_service.go:47.121,49.16 2 1
github.com/moedahpos/backend/internal/service/stock_service.go:49.16,51.3 1 0
github.com/moedahpos/backend/internal/service/stock_service.go:52.2,52.18 1 1
github.com/moedahpos/backend/internal/service/stock_service.go:52.18,54.3 1 1
github.com/moedahpos/backend/internal/service/stock_service.go:55.2,55.41 1 1
github.com/moedahpos/backend/internal/service/stock_service.go:59.150,62.16 2 1
github.com/moedahpos/backend/internal/service/stock_service.go:62.16,64.3 1 0
github.com/moedahpos/backend/internal/service/stock_service.go:65.2,65.50 1 1
github.com/moedahpos/backend/internal/service/stock_service.go:65.50,67.3 1 1
github.com/moedahpos/backend/internal/service/stock_service.go:69.2,77.16 2 1
github.com/moedahpos/backend/internal/service/stock_service.go:77.16,79.3 1 0
github.com/moedahpos/backend/internal/service/stock_service.go:81.2,87.41 2 1
github.com/moedahpos/backend/internal/service/stock_service.go:91.108,93.16 2 1
github.com/moedahpos/backend/internal/service/stock_service.go:93.16,95.3 1 0
github.com/moedahpos/backend/internal/service/stock_service.go:96.2,96.50 1 1
github.com/moedahpos/backend/internal/service/stock_service.go:96.50,98.3 1 1
github.com/moedahpos/backend/internal/service/stock_service.go:99.2,99.81 1 1
github.com/moedahpos/backend/internal/service/stock_service.go:103.148,106.16 3 1
github.com/moedahpos/backend/internal/service/stock_service.go:106.16,108.3 1 0
github.com/moedahpos/backend/internal/service/stock_service.go:109.2,110.30 2 1
github.com/moedahpos/backend/internal/service/stock_service.go:110.30,112.3 1 1
github.com/moedahpos/backend/internal/service/stock_service.go:113.2,113.62 1 1
github.com/moedahpos/backend/internal/service/stock_service.go:118.73,131.2 1 1
github.com/moedahpos/backend/internal/service/stock_service.go:133.77,147.2 1 1
github.com/moedahpos/backend/internal/service/store_service.go:31.130,33.2 1 0
github.com/moedahpos/backend/internal/service/store_service.go:35.134,38.16 3 0
github.com/moedahpos/backend/internal/service/store_service.go:38.16,40.3 1 0
github.com/moedahpos/backend/internal/service/store_service.go:41.2,42.28 2 0
github.com/moedahpos/backend/internal/service/store_service.go:42.28,44.3 1 0
github.com/moedahpos/backend/internal/service/store_service.go:45.2,45.62 1 0
github.com/moedahpos/backend/internal/service/store_service.go:48.93,50.16 2 0
github.com/moedahpos/backend/internal/service/store_service.go:50.16,52.3 1 0
github.com/moedahpos/backend/internal/service/store_service.go:53.2,53.18 1 0
github.com/moedahpos/backend/internal/service/store_service.go:53.18,55.3 1 0
github.com/moedahpos/backend/internal/service/store_service.go:56.2,56.36 1 0
github.com/moedahpos/backend/internal/service/store_service.go:59.114,60.24 1 0
github.com/moedahpos/backend/internal/service/store_service.go:60.24,62.3 1 0
github.com/moedahpos/backend/internal/service/store_service.go:63.2,63.25 1 0
github.com/moedahpos/backend/internal/service/store_service.go:63.25,65.3 1 0
github.com/moedahpos/backend/internal/service/store_service.go:66.2,71.16 2 0
github.com/moedahpos/backend/internal/service/store_service.go:71.16,73.3 1 0
github.com/moedahpos/backend/internal/service/store_service.go:74.2,75.36 2 0
github.com/moedahpos/backend/internal/service/store_service.go:78.125,80.16 2 0
github.com/moedahpos/backend/internal/service/store_service.go:80.16,82.3 1 0
github.com/moedahpos/backend/internal/service/store_service.go:83.2,83.18 1 0
github.com/moedahpos/backend/internal/service/store_service.go:83.18,85.3 1 0
github.com/moedahpos/backend/internal/service/store_service.go:86.2,91.24 6 0
github.com/moedahpos/backend/internal/service/store_service.go:91.24,93.3 1 0
github.com/moedahpos/backend/internal/service/store_service.go:94.2,94.25 1 0
github.com/moedahpos/backend/internal/service/store_service.go:94.25,96.3 1 0
github.com/moedahpos/backend/internal/service/store_service.go:97.2,97.25 1 0
github.com/moedahpos/backend/internal/service/store_service.go:97.25,99.3 1 0
github.com/moedahpos/backend/internal/service/store_service.go:100.2,101.16 2 0
github.com/moedahpos/backend/internal/service/store_service.go:101.16,103.3 1 0
github.com/moedahpos/backend/internal/service/store_service.go:104.2,104.38 1 0
github.com/moedahpos/backend/internal/service/store_service.go:108.74,110.16 2 0
github.com/moedahpos/backend/internal/service/store_service.go:110.16,112.3 1 0
github.com/moedahpos/backend/internal/service/store_service.go:113.2,113.18 1 0
github.com/moedahpos/backend/internal/service/store_service.go:113.18,115.3 1 0
github.com/moedahpos/backend/internal/service/store_service.go:116.2,116.56 1 0
github.com/moedahpos/backend/internal/service/store_service.go:116.56,118.3 1 0
github.com/moedahpos/backend/internal/service/store_service.go:119.2,120.12 2 0
github.com/moedahpos/backend/internal/service/store_service.go:125.104,126.52 1 0
github.com/moedahpos/backend/internal/service/store_service.go:126.52,128.3 1 0
github.com/moedahpos/backend/internal/service/store_service.go:129.2,130.16 2 0
github.com/moedahpos/backend/internal/service/store_service.go:130.16,132.3 1 0
github.com/moedahpos/backend/internal/service/store_service.go:133.2,134.28 2 0
github.com/moedahpos/backend/internal/service/store_service.go:134.28,136.3 1 0
github.com/moedahpos/backend/internal/service/store_service.go:137.2,137.18 1 0
github.com/moedahpos/backend/internal/service/store_service.go:140.104,141.52 1 0
github.com/moedahpos/backend/internal/service/store_service.go:141.52,143.3 1 0
github.com/moedahpos/backend/internal/service/store_service.go:144.2,145.16 2 0
github.com/moedahpos/backend/internal/service/store_service.go:145.16,147.3 1 0
github.com/moedahpos/backend/internal/service/store_service.go:148.2,148.42 1 0
github.com/moedahpos/backend/internal/service/store_service.go:148.42,150.3 1 0
github.com/moedahpos/backend/internal/service/store_service.go:151.2,153.4 1 0
github.com/moedahpos/backend/internal/service/store_service.go:156.126,158.16 2 0
github.com/moedahpos/backend/internal/service/store_service.go:158.16,160.3 1 0
github.com/moedahpos/backend/internal/service/store_service.go:161.2,161.14 1 0
github.com/moedahpos/backend/internal/service/store_service.go:161.14,163.3 1 0
github.com/moedahpos/backend/internal/service/store_service.go:164.2,164.71 1 0
github.com/moedahpos/backend/internal/service/store_service.go:168.88,170.16 2 0
github.com/moedahpos/backend/internal/service/store_service.go:170.16,172.3 1 0
github.com/moedahpos/backend/internal/service/store_service.go:173.2,173.14 1 0
github.com/moedahpos/backend/internal/service/store_service.go:173.14,175.3 1 0
github.com/moedahpos/backend/internal/service/store_service.go:176.2,176.59 1 0
github.com/moedahpos/backend/internal/service/store_service.go:181.58,183.21 2 0
github.com/moedahpos/backend/internal/service/store_service.go:183.21,185.3 1 0
github.com/moedahpos/backend/internal/service/store_service.go:186.2,199.24 2 0
github.com/moedahpos/backend/internal/service/store_service.go:199.24,202.3 2 0
github.com/moedahpos/backend/internal/service/store_service.go:203.2,203.10 1 0
github.com/moedahpos/backend/internal/service/store_service.go:206.66,216.2 1 0
github.com/moedahpos/backend/internal/service/supplier_service.go:27.106,29.2 1 1
github.com/moedahpos/backend/internal/service/supplier_service.go:31.146,34.16 3 1
github.com/moedahpos/backend/internal/service/supplier_service.go:34.16,36.3 1 0
github.com/moedahpos/backend/internal/service/supplier_service.go:37.2,38.30 2 1
github.com/moedahpos/backend/internal/service/supplier_service.go:38.30,40.3 1 1
github.com/moedahpos/backend/internal/service/supplier_service.go:41.2,41.62 1 1
github.com/moedahpos/backend/internal/service/supplier_service.go:44.102,46.16 2 1
github.com/moedahpos/backend/internal/service/supplier_service.go:46.16,48.3 1 0
github.com/moedahpos/backend/internal/service/supplier_service.go:49.2,49.21 1 1
github.com/moedahpos/backend/internal/service/supplier_service.go:49.21,51.3 1 1
github.com/moedahpos/backend/internal/service/supplier_service.go:52.2,52.42 1 1
github.com/moedahpos/backend/internal/service/supplier_service.go:55.126,64.16 2 1
github.com/moedahpos/backend/internal/service/supplier_service.go:64.16,66.3 1 0
github.com/moedahpos/backend/internal/service/supplier_service.go:67.2,68.42 2 1
github.com/moedahpos/backend/internal/service/supplier_service.go:71.137,73.16 2 1
github.com/moedahpos/backend/internal/service/supplier_service.go:73.16,75.3 1 0
github.com/moedahpos/backend/internal/service/supplier_service.go:76.2,76.21 1 1
github.com/moedahpos/backend/internal/service/supplier_service.go:76.21,78.3 1 0
github.com/moedahpos/backend/internal/service/supplier_service.go:79.2,84.25 6 1
github.com/moedahpos/backend/internal/service/supplier_service.go:84.25,86.3 1 0
github.com/moedahpos/backend/internal/service/supplier_service.go:87.2,88.16 2 1
github.com/moedahpos/backend/internal/service/supplier_service.go:88.16,90.3 1 0
github.com/moedahpos/backend/internal/service/supplier_service.go:91.2,91.41 1 1
github.com/moedahpos/backend/internal/service/supplier_service.go:95.80,97.16 2 1
github.com/moedahpos/backend/internal/service/supplier_service.go:97.16,99.3 1 0
github.com/moedahpos/backend/internal/service/supplier_service.go:100.2,100.21 1 1
github.com/moedahpos/backend/internal/service/supplier_service.go:100.21,102.3 1 0
github.com/moedahpos/backend/internal/service/supplier_service.go:103.2,103.59 1 1
github.com/moedahpos/backend/internal/service/supplier_service.go:103.59,105.3 1 0
github.com/moedahpos/backend/internal/service/supplier_service.go:106.2,107.12 2 1
github.com/moedahpos/backend/internal/service/supplier_service.go:110.67,122.24 2 1
github.com/moedahpos/backend/internal/service/supplier_service.go:122.24,125.3 2 0
github.com/moedahpos/backend/internal/service/supplier_service.go:126.2,126.10 1 1
github.com/moedahpos/backend/internal/service/termin_service.go:53.18,62.2 1 0
github.com/moedahpos/backend/internal/service/termin_service.go:69.147,71.16 2 0
github.com/moedahpos/backend/internal/service/termin_service.go:71.16,73.3 1 0
github.com/moedahpos/backend/internal/service/termin_service.go:74.2,74.15 1 0
github.com/moedahpos/backend/internal/service/termin_service.go:74.15,76.3 1 0
github.com/moedahpos/backend/internal/service/termin_service.go:77.2,77.35 1 0
github.com/moedahpos/backend/internal/service/termin_service.go:77.35,79.3 1 0
github.com/moedahpos/backend/internal/service/termin_service.go:82.2,84.32 3 0
github.com/moedahpos/backend/internal/service/termin_service.go:84.32,86.17 2 0
github.com/moedahpos/backend/internal/service/termin_service.go:86.17,88.4 1 0
github.com/moedahpos/backend/internal/service/termin_service.go:89.3,96.26 2 0
github.com/moedahpos/backend/internal/service/termin_service.go:100.2,100.35 1 0
github.com/moedahpos/backend/internal/service/termin_service.go:100.35,106.3 1 0
github.com/moedahpos/backend/internal/service/termin_service.go:108.2,108.72 1 0
github.com/moedahpos/backend/internal/service/termin_service.go:108.72,110.3 1 0
github.com/moedahpos/backend/internal/service/termin_service.go:111.2,113.39 2 0
github.com/moedahpos/backend/internal/service/termin_service.go:117.107,119.16 2 0
github.com/moedahpos/backend/internal/service/termin_service.go:119.16,121.3 1 0
github.com/moedahpos/backend/internal/service/termin_service.go:123.2,125.28 3 0
github.com/moedahpos/backend/internal/service/termin_service.go:125.28,128.17 2 0
github.com/moedahpos/backend/internal/service/termin_service.go:128.17,130.4 1 0
github.com/moedahpos/backend/internal/service/termin_service.go:131.3,132.61 2 0
github.com/moedahpos/backend/internal/service/termin_service.go:134.2,134.17 1 0
github.com/moedahpos/backend/internal/service/termin_service.go:144.151,146.16 2 0
github.com/moedahpos/backend/internal/service/termin_service.go:146.16,148.3 1 0
github.com/moedahpos/backend/internal/service/termin_service.go:149.2,149.19 1 0
github.com/moedahpos/backend/internal/service/termin_service.go:149.19,151.3 1 0
github.com/moedahpos/backend/internal/service/termin_service.go:154.2,154.39 1 0
github.com/moedahpos/backend/internal/service/termin_service.go:154.39,157.3 1 0
github.com/moedahpos/backend/internal/service/termin_service.go:159.2,160.16 2 0
github.com/moedahpos/backend/internal/service/termin_service.go:160.16,162.3 1 0
github.com/moedahpos/backend/internal/service/termin_service.go:164.2,172.16 2 0
github.com/moedahpos/backend/internal/service/termin_service.go:172.16,174.3 1 0
github.com/moedahpos/backend/internal/service/termin_service.go:177.2,177.65 1 0
github.com/moedahpos/backend/internal/service/termin_service.go:177.65,179.3 1 0
github.com/moedahpos/backend/internal/service/termin_service.go:181.2,184.31 4 0
github.com/moedahpos/backend/internal/service/termin_service.go:184.31,187.3 2 0
github.com/moedahpos/backend/internal/service/termin_service.go:189.2,200.45 3 0
github.com/moedahpos/backend/internal/service/termin_service.go:206.111,208.29 2 0
github.com/moedahpos/backend/internal/service/termin_service.go:208.29,210.3 1 0
github.com/moedahpos/backend/internal/service/termin_service.go:211.2,212.16 2 0
github.com/moedahpos/backend/internal/service/termin_service.go:212.16,214.3 1 0
github.com/moedahpos/backend/internal/service/termin_service.go:215.2,225.8 1 0
github.com/moedahpos/backend/internal/service/termin_service.go:233.118,235.29 2 0
github.com/moedahpos/backend/internal/service/termin_service.go:235.29,237.3 1 0
github.com/moedahpos/backend/internal/service/termin_service.go:239.2,240.16 2 0
github.com/moedahpos/backend/internal/service/termin_service.go:240.16,242.3 1 0
github.com/moedahpos/backend/internal/service/termin_service.go:243.2,244.16 2 0
github.com/moedahpos/backend/internal/service/termin_service.go:244.16,246.3 1 0
github.com/moedahpos/backend/internal/service/termin_service.go:248.2,249.28 2 0
github.com/moedahpos/backend/internal/service/termin_service.go:249.28,251.3 1 0
github.com/moedahpos/backend/internal/service/termin_service.go:254.2,274.8 2 0
github.com/moedahpos/backend/internal/service/termin_service.go:279.111,281.28 2 0
github.com/moedahpos/backend/internal/service/termin_service.go:281.28,283.3 1 0
github.com/moedahpos/backend/internal/service/termin_service.go:284.2,297.3 1 0
github.com/moedahpos/backend/internal/service/termin_service.go:300.82,311.2 1 0
github.com/moedahpos/backend/internal/service/transaction_service.go:42.3,43.22 1 1
github.com/moedahpos/backend/internal/service/transaction_service.go:44.25,45.45 1 0
github.com/moedahpos/backend/internal/service/transaction_service.go:46.28,47.29 1 0
github.com/moedahpos/backend/internal/service/transaction_service.go:48.10,49.55 1 1
github.com/moedahpos/backend/internal/service/transaction_service.go:51.2,51.20 1 1
github.com/moedahpos/backend/internal/service/transaction_service.go:51.20,53.3 1 0
github.com/moedahpos/backend/internal/service/transaction_service.go:54.2,58.8 5 1
github.com/moedahpos/backend/internal/service/transaction_service.go:70.72,71.24 1 0
github.com/moedahpos/backend/internal/service/transaction_service.go:71.24,73.3 1 0
github.com/moedahpos/backend/internal/service/transaction_service.go:76.2,77.27 2 0
github.com/moedahpos/backend/internal/service/transaction_service.go:77.27,79.3 1 0
github.com/moedahpos/backend/internal/service/transaction_service.go:80.2,80.23 1 0
github.com/moedahpos/backend/internal/service/transaction_service.go:80.23,82.3 1 0
github.com/moedahpos/backend/internal/service/transaction_service.go:85.2,86.22 2 0
github.com/moedahpos/backend/internal/service/transaction_service.go:87.25,88.30 1 0
github.com/moedahpos/backend/internal/service/transaction_service.go:89.10,90.51 1 0
github.com/moedahpos/backend/internal/service/transaction_service.go:93.2,93.32 1 0
github.com/moedahpos/backend/internal/service/transaction_service.go:93.32,95.3 1 0
github.com/moedahpos/backend/internal/service/transaction_service.go:97.2,100.27 3 0
github.com/moedahpos/backend/internal/service/transaction_service.go:100.27,102.24 2 0
github.com/moedahpos/backend/internal/service/transaction_service.go:102.24,106.4 2 0
github.com/moedahpos/backend/internal/service/transaction_service.go:106.9,107.24 1 0
github.com/moedahpos/backend/internal/service/transaction_service.go:108.27,112.50 3 0
github.com/moedahpos/backend/internal/service/transaction_service.go:113.12,114.58 1 0
github.com/moedahpos/backend/internal/service/transaction_service.go:116.4,116.52 1 0
github.com/moedahpos/backend/internal/service/transaction_service.go:119.3,120.25 2 0
github.com/moedahpos/backend/internal/service/transaction_service.go:120.25,122.4 1 0
github.com/moedahpos/backend/internal/service/transaction_service.go:123.3,129.42 6 0
github.com/moedahpos/backend/internal/service/transaction_service.go:132.2,133.8 2 0
github.com/moedahpos/backend/internal/service/transaction_service.go:155.23,165.2 1 1
github.com/moedahpos/backend/internal/service/transaction_service.go:168.163,176.33 2 1
github.com/moedahpos/backend/internal/service/transaction_service.go:176.33,177.28 1 1
github.com/moedahpos/backend/internal/service/transaction_service.go:177.28,180.18 2 1
github.com/moedahpos/backend/internal/service/transaction_service.go:180.18,182.5 1 0
github.com/moedahpos/backend/internal/service/transaction_service.go:183.4,183.54 1 1
github.com/moedahpos/backend/internal/service/transaction_service.go:183.54,185.5 1 0
github.com/moedahpos/backend/internal/service/transaction_service.go:188.4,188.45 1 1
github.com/moedahpos/backend/internal/service/transaction_service.go:188.45,191.19 3 1
github.com/moedahpos/backend/internal/service/transaction_service.go:191.19,193.6 1 0
github.com/moedahpos/backend/internal/service/transaction_service.go:194.5,194.48 1 1
github.com/moedahpos/backend/internal/service/transaction_service.go:194.48,197.6 1 0
github.com/moedahpos/backend/internal/service/transaction_service.go:201.4,203.22 3 1
github.com/moedahpos/backend/internal/service/transaction_service.go:203.22,206.5 2 1
github.com/moedahpos/backend/internal/service/transaction_service.go:208.4,217.45 6 1
github.com/moedahpos/backend/internal/service/transaction_service.go:217.45,219.26 2 1
github.com/moedahpos/backend/internal/service/transaction_service.go:219.26,221.6 1 1
github.com/moedahpos/backend/internal/service/transaction_service.go:224.4,239.6 2 1
github.com/moedahpos/backend/internal/service/transaction_service.go:240.9,243.18 2 1
github.com/moedahpos/backend/internal/service/transaction_service.go:243.18,245.5 1 0
github.com/moedahpos/backend/internal/service/transaction_service.go:246.4,246.52 1 1
github.com/moedahpos/backend/internal/service/transaction_service.go:246.52,248.5 1 0
github.com/moedahpos/backend/internal/service/transaction_service.go:249.4,249.25 1 1
github.com/moedahpos/backend/internal/service/transaction_service.go:249.25,251.5 1 0
github.com/moedahpos/backend/internal/service/transaction_service.go:253.4,254.18 2 1
github.com/moedahpos/backend/internal/service/transaction_service.go:254.18,256.5 1 0
github.com/moedahpos/backend/internal/service/transaction_service.go:257.4,257.54 1 1
github.com/moedahpos/backend/internal/service/transaction_service.go:257.54,260.5 1 0
github.com/moedahpos/backend/internal/service/transaction_service.go:263.4,266.22 3 1
github.com/moedahpos/backend/internal/service/transaction_service.go:266.22,269.5 2 1
github.com/moedahpos/backend/internal/service/transaction_service.go:271.4,292.6 6 1
github.com/moedahpos/backend/internal/service/transaction_service.go:297.2,298.24 2 1
github.com/moedahpos/backend/internal/service/transaction_service.go:298.24,300.3 1 1
github.com/moedahpos/backend/internal/service/transaction_service.go:301.2,302.31 2 1
github.com/moedahpos/backend/internal/service/transaction_service.go:302.31,306.33 3 0
github.com/moedahpos/backend/internal/service/transaction_service.go:306.33,311.4 4 0
github.com/moedahpos/backend/internal/service/transaction_service.go:312.3,312.18 1 0
github.com/moedahpos/backend/internal/service/transaction_service.go:315.2,316.31 2 1
github.com/moedahpos/backend/internal/service/transaction_service.go:316.31,318.3 1 1
github.com/moedahpos/backend/internal/service/transaction_service.go:320.2,339.16 2 1
github.com/moedahpos/backend/internal/service/transaction_service.go:339.16,341.3 1 0
github.com/moedahpos/backend/internal/service/transaction_service.go:344.2,344.33 1 1
github.com/moedahpos/backend/internal/service/transaction_service.go:344.33,345.28 1 1
github.com/moedahpos/backend/internal/service/transaction_service.go:345.28,346.12 1 1
github.com/moedahpos/backend/internal/service/transaction_service.go:348.3,349.22 2 1
github.com/moedahpos/backend/internal/service/transaction_service.go:349.22,350.12 1 0
github.com/moedahpos/backend/internal/service/transaction_service.go:352.3,352.44 1 1
github.com/moedahpos/backend/internal/service/transaction_service.go:352.44,356.90 3 1
github.com/moedahpos/backend/internal/service/transaction_service.go:356.90,358.5 1 0
github.com/moedahpos/backend/internal/service/transaction_service.go:365.2,365.33 1 1
github.com/moedahpos/backend/internal/service/transaction_service.go:365.33,366.28 1 1
github.com/moedahpos/backend/internal/service/transaction_service.go:366.28,367.12 1 1
github.com/moedahpos/backend/internal/service/transaction_service.go:369.3,369.97 1 1
github.com/moedahpos/backend/internal/service/transaction_service.go:369.97,374.4 1 0
github.com/moedahpos/backend/internal/service/transaction_service.go:377.2,385.31 3 1
github.com/moedahpos/backend/internal/service/transaction_service.go:385.31,390.3 1 0
github.com/moedahpos/backend/internal/service/transaction_service.go:391.2,394.31 2 1
github.com/moedahpos/backend/internal/service/transaction_service.go:394.31,396.3 1 0
github.com/moedahpos/backend/internal/service/transaction_service.go:398.2,398.33 1 1
github.com/moedahpos/backend/internal/service/transaction_service.go:398.33,399.56 1 1
github.com/moedahpos/backend/internal/service/transaction_service.go:399.56,401.39 2 0
github.com/moedahpos/backend/internal/service/transaction_service.go:401.39,403.5 1 0
github.com/moedahpos/backend/internal/service/transaction_service.go:404.4,409.6 1 0
github.com/moedahpos/backend/internal/service/transaction_service.go:413.2,413.40 1 1
github.com/moedahpos/backend/internal/service/transaction_service.go:417.158,420.16 3 0
github.com/moedahpos/backend/internal/service/transaction_service.go:420.16,422.3 1 0
github.com/moedahpos/backend/internal/service/transaction_service.go:423.2,424.25 2 0
github.com/moedahpos/backend/internal/service/transaction_service.go:424.25,426.3 1 0
github.com/moedahpos/backend/internal/service/transaction_service.go:427.2,427.62 1 0
github.com/moedahpos/backend/internal/service/transaction_service.go:431.111,433.16 2 0
github.com/moedahpos/backend/internal/service/transaction_service.go:433.16,435.3 1 0
github.com/moedahpos/backend/internal/service/transaction_service.go:436.2,436.16 1 0
github.com/moedahpos/backend/internal/service/transaction_service.go:436.16,438.3 1 0
github.com/moedahpos/backend/internal/service/transaction_service.go:439.2,439.40 1 0
github.com/moedahpos/backend/internal/service/transaction_service.go:443.92,445.16 2 1
github.com/moedahpos/backend/internal/service/transaction_service.go:445.16,447.3 1 0
github.com/moedahpos/backend/internal/service/transaction_service.go:448.2,448.16 1 1
github.com/moedahpos/backend/internal/service/transaction_service.go:448.16,450.3 1 1
github.com/moedahpos/backend/internal/service/transaction_service.go:451.2,451.28 1 1
github.com/moedahpos/backend/internal/service/transaction_service.go:451.28,453.3 1 0
github.com/moedahpos/backend/internal/service/transaction_service.go:454.2,454.56 1 1
github.com/moedahpos/backend/internal/service/transaction_service.go:454.56,456.3 1 0
github.com/moedahpos/backend/internal/service/transaction_service.go:457.2,463.12 3 1
github.com/moedahpos/backend/internal/service/transaction_service.go:469.196,472.20 3 0
github.com/moedahpos/backend/internal/service/transaction_service.go:472.20,475.3 2 0
github.com/moedahpos/backend/internal/service/transaction_service.go:477.2,481.43 3 0
github.com/moedahpos/backend/internal/service/transaction_service.go:481.43,483.24 2 0
github.com/moedahpos/backend/internal/service/transaction_service.go:483.24,485.4 1 0
github.com/moedahpos/backend/internal/service/transaction_service.go:488.2,504.39 3 0
github.com/moedahpos/backend/internal/service/transaction_service.go:508.181,511.20 3 1
github.com/moedahpos/backend/internal/service/transaction_service.go:511.20,514.3 2 1
github.com/moedahpos/backend/internal/service/transaction_service.go:516.2,535.39 4 1
github.com/moedahpos/backend/internal/service/transaction_service.go:540.75,544.32 3 1
github.com/moedahpos/backend/internal/service/transaction_service.go:544.32,545.28 1 1
github.com/moedahpos/backend/internal/service/transaction_service.go:545.28,547.68 2 0
github.com/moedahpos/backend/internal/service/transaction_service.go:547.68,549.5 1 0
github.com/moedahpos/backend/internal/service/transaction_service.go:550.4,551.18 2 0
github.com/moedahpos/backend/internal/service/transaction_service.go:551.18,553.5 1 0
github.com/moedahpos/backend/internal/service/transaction_service.go:554.4,557.21 4 0
github.com/moedahpos/backend/internal/service/transaction_service.go:558.9,560.66 2 1
github.com/moedahpos/backend/internal/service/transaction_service.go:560.66,562.5 1 0
github.com/moedahpos/backend/internal/service/transaction_service.go:563.4,564.18 2 1
github.com/moedahpos/backend/internal/service/transaction_service.go:564.18,566.5 1 0
github.com/moedahpos/backend/internal/service/transaction_service.go:567.4,570.21 4 1
github.com/moedahpos/backend/internal/service/transaction_service.go:573.2,573.55 1 1
github.com/moedahpos/backend/internal/service/transaction_service.go:577.126,579.16 2 0
github.com/moedahpos/backend/internal/service/transaction_service.go:579.16,581.3 1 0
github.com/moedahpos/backend/internal/service/transaction_service.go:582.2,582.16 1 0
github.com/moedahpos/backend/internal/service/transaction_service.go:582.16,584.3 1 0
github.com/moedahpos/backend/internal/service/transaction_service.go:585.2,585.40 1 0
github.com/moedahpos/backend/internal/service/transaction_service.go:589.153,591.16 2 1
github.com/moedahpos/backend/internal/service/transaction_service.go:591.16,593.3 1 0
github.com/moedahpos/backend/internal/service/transaction_service.go:596.2,597.24 2 1
github.com/moedahpos/backend/internal/service/transaction_service.go:597.24,599.3 1 1
github.com/moedahpos/backend/internal/service/transaction_service.go:600.2,600.31 1 1
github.com/moedahpos/backend/internal/service/transaction_service.go:600.31,603.33 3 0
github.com/moedahpos/backend/internal/service/transaction_service.go:603.33,608.4 4 0
github.com/moedahpos/backend/internal/service/transaction_service.go:611.2,627.16 3 1
github.com/moedahpos/backend/internal/service/transaction_service.go:627.16,629.3 1 0
github.com/moedahpos/backend/internal/service/transaction_service.go:630.2,631.40 2 1
github.com/moedahpos/backend/internal/service/transaction_service.go:635.154,638.35 2 0
github.com/moedahpos/backend/internal/service/transaction_service.go:638.35,640.3 1 0
github.com/moedahpos/backend/internal/service/transaction_service.go:641.2,641.67 1 0
github.com/moedahpos/backend/internal/service/transaction_service.go:641.67,643.3 1 0
github.com/moedahpos/backend/internal/service/transaction_service.go:645.2,646.16 2 0
github.com/moedahpos/backend/internal/service/transaction_service.go:646.16,648.3 1 0
github.com/moedahpos/backend/internal/service/transaction_service.go:651.2,652.24 2 0
github.com/moedahpos/backend/internal/service/transaction_service.go:652.24,654.3 1 0
github.com/moedahpos/backend/internal/service/transaction_service.go:655.2,655.31 1 0
github.com/moedahpos/backend/internal/service/transaction_service.go:655.31,658.33 3 0
github.com/moedahpos/backend/internal/service/transaction_service.go:658.33,663.4 4 0
github.com/moedahpos/backend/internal/service/transaction_service.go:666.2,668.16 3 0
github.com/moedahpos/backend/internal/service/transaction_service.go:668.16,670.3 1 0
github.com/moedahpos/backend/internal/service/transaction_service.go:671.2,672.40 2 0
github.com/moedahpos/backend/internal/service/transaction_service.go:676.154,678.35 2 1
github.com/moedahpos/backend/internal/service/transaction_service.go:678.35,680.3 1 0
github.com/moedahpos/backend/internal/service/transaction_service.go:681.2,681.67 1 1
github.com/moedahpos/backend/internal/service/transaction_service.go:681.67,683.3 1 0
github.com/moedahpos/backend/internal/service/transaction_service.go:684.2,684.40 1 1
github.com/moedahpos/backend/internal/service/transaction_service.go:684.40,686.3 1 0
github.com/moedahpos/backend/internal/service/transaction_service.go:688.2,696.16 2 1
github.com/moedahpos/backend/internal/service/transaction_service.go:696.16,698.3 1 0
github.com/moedahpos/backend/internal/service/transaction_service.go:701.2,701.38 1 1
github.com/moedahpos/backend/internal/service/transaction_service.go:701.38,702.28 1 0
github.com/moedahpos/backend/internal/service/transaction_service.go:702.28,703.12 1 0
github.com/moedahpos/backend/internal/service/transaction_service.go:710.2,721.40 4 1
github.com/moedahpos/backend/internal/service/transaction_service.go:727.117,729.16 2 0
github.com/moedahpos/backend/internal/service/transaction_service.go:729.16,731.3 1 0
github.com/moedahpos/backend/internal/service/transaction_service.go:732.2,733.25 2 0
github.com/moedahpos/backend/internal/service/transaction_service.go:733.25,735.3 1 0
github.com/moedahpos/backend/internal/service/transaction_service.go:736.2,736.18 1 0
github.com/moedahpos/backend/internal/service/transaction_service.go:740.129,741.79 1 0
github.com/moedahpos/backend/internal/service/transaction_service.go:741.79,743.3 1 0
github.com/moedahpos/backend/internal/service/transaction_service.go:744.2,744.12 1 0
github.com/moedahpos/backend/internal/service/transaction_service.go:749.76,751.29 2 1
github.com/moedahpos/backend/internal/service/transaction_service.go:751.29,769.28 2 0
github.com/moedahpos/backend/internal/service/transaction_service.go:769.28,772.4 2 0
github.com/moedahpos/backend/internal/service/transaction_service.go:774.2,797.3 1 1
github.com/moedahpos/backend/internal/service/user_admin_service.go:34.21,36.2 1 0
github.com/moedahpos/backend/internal/service/user_admin_service.go:39.148,40.14 1 0
github.com/moedahpos/backend/internal/service/user_admin_service.go:40.14,42.3 1 0
github.com/moedahpos/backend/internal/service/user_admin_service.go:43.2,43.34 1 0
github.com/moedahpos/backend/internal/service/user_admin_service.go:43.34,45.3 1 0
github.com/moedahpos/backend/internal/service/user_admin_service.go:46.2,47.16 2 0
github.com/moedahpos/backend/internal/service/user_admin_service.go:47.16,49.3 1 0
github.com/moedahpos/backend/internal/service/user_admin_service.go:51.2,52.26 2 0
github.com/moedahpos/backend/internal/service/user_admin_service.go:52.26,56.3 3 0
github.com/moedahpos/backend/internal/service/user_admin_service.go:57.2,57.25 1 0
github.com/moedahpos/backend/internal/service/user_admin_service.go:61.95,63.16 2 0
github.com/moedahpos/backend/internal/service/user_admin_service.go:63.16,65.3 1 0
github.com/moedahpos/backend/internal/service/user_admin_service.go:66.2,66.14 1 0
github.com/moedahpos/backend/internal/service/user_admin_service.go:66.14,68.3 1 0
github.com/moedahpos/backend/internal/service/user_admin_service.go:69.2,71.16 3 0
github.com/moedahpos/backend/internal/service/user_admin_service.go:75.115,77.12 2 0
github.com/moedahpos/backend/internal/service/user_admin_service.go:77.12,79.3 1 0
github.com/moedahpos/backend/internal/service/user_admin_service.go:81.2,82.16 2 0
github.com/moedahpos/backend/internal/service/user_admin_service.go:82.16,84.3 1 0
github.com/moedahpos/backend/internal/service/user_admin_service.go:86.2,91.16 2 0
github.com/moedahpos/backend/internal/service/user_admin_service.go:91.16,93.3 1 0
github.com/moedahpos/backend/internal/service/user_admin_service.go:95.2,95.25 1 0
github.com/moedahpos/backend/internal/service/user_admin_service.go:95.25,97.32 2 0
github.com/moedahpos/backend/internal/service/user_admin_service.go:97.32,99.4 1 0
github.com/moedahpos/backend/internal/service/user_admin_service.go:100.3,100.51 1 0
github.com/moedahpos/backend/internal/service/user_admin_service.go:103.2,105.16 3 0
github.com/moedahpos/backend/internal/service/user_admin_service.go:109.126,112.42 2 0
github.com/moedahpos/backend/internal/service/user_admin_service.go:112.42,114.3 1 0
github.com/moedahpos/backend/internal/service/user_admin_service.go:116.2,117.16 2 0
github.com/moedahpos/backend/internal/service/user_admin_service.go:117.16,118.43 1 0
github.com/moedahpos/backend/internal/service/user_admin_service.go:118.43,120.4 1 0
github.com/moedahpos/backend/internal/service/user_admin_service.go:121.3,121.48 1 0
github.com/moedahpos/backend/internal/service/user_admin_service.go:123.2,125.16 3 0
github.com/moedahpos/backend/internal/service/user_admin_service.go:129.81,130.55 1 0
github.com/moedahpos/backend/internal/service/user_admin_service.go:130.55,131.43 1 0
github.com/moedahpos/backend/internal/service/user_admin_service.go:131.43,133.4 1 0
github.com/moedahpos/backend/internal/service/user_admin_service.go:134.3,134.47 1 0
github.com/moedahpos/backend/internal/service/user_admin_service.go:136.2,136.12 1 0
github.com/moedahpos/backend/internal/service/user_admin_service.go:140.111,142.16 2 0
github.com/moedahpos/backend/internal/service/user_admin_service.go:142.16,144.3 1 0
github.com/moedahpos/backend/internal/service/user_admin_service.go:145.2,145.72 1 0
github.com/moedahpos/backend/internal/service/user_admin_service.go:145.72,146.43 1 0
github.com/moedahpos/backend/internal/service/user_admin_service.go:146.43,148.4 1 0
github.com/moedahpos/backend/internal/service/user_admin_service.go:149.3,149.46 1 0
github.com/moedahpos/backend/internal/service/user_admin_service.go:151.2,151.12 1 0
github.com/moedahpos/backend/internal/service/user_admin_service.go:155.136,157.28 2 0
github.com/moedahpos/backend/internal/service/user_admin_service.go:157.28,159.3 1 0
github.com/moedahpos/backend/internal/service/user_admin_service.go:161.2,162.32 2 0
github.com/moedahpos/backend/internal/service/user_admin_service.go:162.32,164.3 1 0
github.com/moedahpos/backend/internal/service/user_admin_service.go:165.2,165.71 1 0
github.com/moedahpos/backend/internal/service/user_admin_service.go:165.71,167.3 1 0
github.com/moedahpos/backend/internal/service/user_admin_service.go:169.2,171.16 3 0
github.com/moedahpos/backend/internal/service/user_admin_service.go:175.83,177.2 1 0
github.com/moedahpos/backend/internal/service/user_admin_service.go:181.81,183.27 2 0
github.com/moedahpos/backend/internal/service/user_admin_service.go:183.27,192.3 1 0
github.com/moedahpos/backend/internal/service/user_admin_service.go:194.2,195.24 2 0
github.com/moedahpos/backend/internal/service/user_admin_service.go:195.24,198.3 2 0
github.com/moedahpos/backend/internal/service/user_admin_service.go:200.2,210.3 1 0
github.com/moedahpos/backend/internal/service/util.go:4.36,5.13 1 0
github.com/moedahpos/backend/internal/service/util.go:5.13,7.3 1 0
github.com/moedahpos/backend/internal/service/util.go:8.2,8.11 1 0
github.com/moedahpos/backend/internal/service/util.go:12.36,13.14 1 0
github.com/moedahpos/backend/internal/service/util.go:13.14,15.3 1 0
github.com/moedahpos/backend/internal/service/util.go:16.2,16.11 1 0
github.com/moedahpos/backend/internal/service/mocks/activity_log_service_interface.go:20.178,23.19 2 0
github.com/moedahpos/backend/internal/service/mocks/activity_log_service_interface.go:23.19,24.57 1 0
github.com/moedahpos/backend/internal/service/mocks/activity_log_service_interface.go:27.2,30.140 4 0
github.com/moedahpos/backend/internal/service/mocks/activity_log_service_interface.go:30.140,32.3 1 0
github.com/moedahpos/backend/internal/service/mocks/activity_log_service_interface.go:33.2,33.111 1 0
github.com/moedahpos/backend/internal/service/mocks/activity_log_service_interface.go:33.111,35.3 1 0
github.com/moedahpos/backend/internal/service/mocks/activity_log_service_interface.go:35.8,36.24 1 0
github.com/moedahpos/backend/internal/service/mocks/activity_log_service_interface.go:36.24,38.4 1 0
github.com/moedahpos/backend/internal/service/mocks/activity_log_service_interface.go:41.2,41.104 1 0
github.com/moedahpos/backend/internal/service/mocks/activity_log_service_interface.go:41.104,43.3 1 0
github.com/moedahpos/backend/internal/service/mocks/activity_log_service_interface.go:43.8,45.3 1 0
github.com/moedahpos/backend/internal/service/mocks/activity_log_service_interface.go:47.2,47.91 1 0
github.com/moedahpos/backend/internal/service/mocks/activity_log_service_interface.go:47.91,49.3 1 0
github.com/moedahpos/backend/internal/service/mocks/activity_log_service_interface.go:49.8,51.3 1 0
github.com/moedahpos/backend/internal/service/mocks/activity_log_service_interface.go:53.2,53.19 1 0
github.com/moedahpos/backend/internal/service/mocks/activity_log_service_interface.go:57.196,59.2 1 0
github.com/moedahpos/backend/internal/service/mocks/activity_log_service_interface.go:66.33,70.19 3 0
github.com/moedahpos/backend/internal/service/mocks/activity_log_service_interface.go:70.19,70.49 1 0
github.com/moedahpos/backend/internal/service/mocks/activity_log_service_interface.go:72.2,72.13 1 0
github.com/moedahpos/backend/internal/service/mocks/auth_service_interface.go:18.111,21.19 2 0
github.com/moedahpos/backend/internal/service/mocks/auth_service_interface.go:21.19,22.47 1 0
github.com/moedahpos/backend/internal/service/mocks/auth_service_interface.go:25.2,27.101 3 0
github.com/moedahpos/backend/internal/service/mocks/auth_service_interface.go:27.101,29.3 1 0
github.com/moedahpos/backend/internal/service/mocks/auth_service_interface.go:30.2,30.92 1 0
github.com/moedahpos/backend/internal/service/mocks/auth_service_interface.go:30.92,32.3 1 0
github.com/moedahpos/backend/internal/service/mocks/auth_service_interface.go:32.8,33.24 1 0
github.com/moedahpos/backend/internal/service/mocks/auth_service_interface.go:33.24,35.4 1 0
github.com/moedahpos/backend/internal/service/mocks/auth_service_interface.go:38.2,38.79 1 0
github.com/moedahpos/backend/internal/service/mocks/auth_service_interface.go:38.79,40.3 1 0
github.com/moedahpos/backend/internal/service/mocks/auth_service_interface.go:40.8,42.3 1 0
github.com/moedahpos/backend/internal/service/mocks/auth_service_interface.go:44.2,44.15 1 0
github.com/moedahpos/backend/internal/service/mocks/auth_service_interface.go:48.82,51.19 2 0
github.com/moedahpos/backend/internal/service/mocks/auth_service_interface.go:51.19,52.48 1 0
github.com/moedahpos/backend/internal/service/mocks/auth_service_interface.go:55.2,56.68 2 0
github.com/moedahpos/backend/internal/service/mocks/auth_service_interface.go:56.68,58.3 1 0
github.com/moedahpos/backend/internal/service/mocks/auth_service_interface.go:58.8,60.3 1 0
github.com/moedahpos/backend/internal/service/mocks/auth_service_interface.go:62.2,62.11 1 0
github.com/moedahpos/backend/internal/service/mocks/auth_service_interface.go:66.97,69.19 2 0
github.com/moedahpos/backend/internal/service/mocks/auth_service_interface.go:69.19,70.44 1 0
github.com/moedahpos/backend/internal/service/mocks/auth_service_interface.go:73.2,75.87 3 0
github.com/moedahpos/backend/internal/service/mocks/auth_service_interface.go:75.87,77.3 1 0
github.com/moedahpos/backend/internal/service/mocks/auth_service_interface.go:78.2,78.78 1 0
github.com/moedahpos/backend/internal/service/mocks/auth_service_interface.go:78.78,80.3 1 0
github.com/moedahpos/backend/internal/service/mocks/auth_service_interface.go:80.8,81.24 1 0
github.com/moedahpos/backend/internal/service/mocks/auth_service_interface.go:81.24,83.4 1 0
github.com/moedahpos/backend/internal/service/mocks/auth_service_interface.go:86.2,86.68 1 0
github.com/moedahpos/backend/internal/service/mocks/auth_service_interface.go:86.68,88.3 1 0
github.com/moedahpos/backend/internal/service/mocks/auth_service_interface.go:88.8,90.3 1 0
github.com/moedahpos/backend/internal/service/mocks/auth_service_interface.go:92.2,92.15 1 0
github.com/moedahpos/backend/internal/service/mocks/auth_service_interface.go:96.117,99.19 2 0
github.com/moedahpos/backend/internal/service/mocks/auth_service_interface.go:99.19,100.49 1 0
github.com/moedahpos/backend/internal/service/mocks/auth_service_interface.go:103.2,105.105 3 0
github.com/moedahpos/backend/internal/service/mocks/auth_service_interface.go:105.105,107.3 1 0
github.com/moedahpos/backend/internal/service/mocks/auth_service_interface.go:108.2,108.96 1 0
github.com/moedahpos/backend/internal/service/mocks/auth_service_interface.go:108.96,110.3 1 0
github.com/moedahpos/backend/internal/service/mocks/auth_service_interface.go:110.8,111.24 1 0
github.com/moedahpos/backend/internal/service/mocks/auth_service_interface.go:111.24,113.4 1 0
github.com/moedahpos/backend/internal/service/mocks/auth_service_interface.go:116.2,116.81 1 0
github.com/moedahpos/backend/internal/service/mocks/auth_service_interface.go:116.81,118.3 1 0
github.com/moedahpos/backend/internal/service/mocks/auth_service_interface.go:118.8,120.3 1 0
github.com/moedahpos/backend/internal/service/mocks/auth_service_interface.go:122.2,122.15 1 0
github.com/moedahpos/backend/internal/service/mocks/auth_service_interface.go:126.120,129.19 2 0
github.com/moedahpos/backend/internal/service/mocks/auth_service_interface.go:129.19,130.50 1 0
github.com/moedahpos/backend/internal/service/mocks/auth_service_interface.go:133.2,135.107 3 0
github.com/moedahpos/backend/internal/service/mocks/auth_service_interface.go:135.107,137.3 1 0
github.com/moedahpos/backend/internal/service/mocks/auth_service_interface.go:138.2,138.98 1 0
github.com/moedahpos/backend/internal/service/mocks/auth_service_interface.go:138.98,140.3 1 0
github.com/moedahpos/backend/internal/service/mocks/auth_service_interface.go:140.8,141.24 1 0
github.com/moedahpos/backend/internal/service/mocks/auth_service_interface.go:141.24,143.4 1 0
github.com/moedahpos/backend/internal/service/mocks/auth_service_interface.go:146.2,146.82 1 0
github.com/moedahpos/backend/internal/service/mocks/auth_service_interface.go:146.82,148.3 1 0
github.com/moedahpos/backend/internal/service/mocks/auth_service_interface.go:148.8,150.3 1 0
github.com/moedahpos/backend/internal/service/mocks/auth_service_interface.go:152.2,152.15 1 0
github.com/moedahpos/backend/internal/service/mocks/auth_service_interface.go:160.26,164.19 3 0
github.com/moedahpos/backend/internal/service/mocks/auth_service_interface.go:164.19,164.49 1 0
github.com/moedahpos/backend/internal/service/mocks/auth_service_interface.go:166.2,166.13 1 0
github.com/moedahpos/backend/internal/service/mocks/batch_stock_service_interface.go:20.129,23.19 2 0
github.com/moedahpos/backend/internal/service/mocks/batch_stock_service_interface.go:23.19,24.57 1 0
github.com/moedahpos/backend/internal/service/mocks/batch_stock_service_interface.go:27.2,28.85 2 0
github.com/moedahpos/backend/internal/service/mocks/batch_stock_service_interface.go:28.85,30.3 1 0
github.com/moedahpos/backend/internal/service/mocks/batch_stock_service_interface.go:30.8,32.3 1 0
github.com/moedahpos/backend/internal/service/mocks/batch_stock_service_interface.go:34.2,34.11 1 0
github.com/moedahpos/backend/internal/service/mocks/batch_stock_service_interface.go:38.144,41.19 2 0
github.com/moedahpos/backend/internal/service/mocks/batch_stock_service_interface.go:41.19,42.61 1 0
github.com/moedahpos/backend/internal/service/mocks/batch_stock_service_interface.go:45.2,47.100 3 0
github.com/moedahpos/backend/internal/service/mocks/batch_stock_service_interface.go:47.100,49.3 1 0
github.com/moedahpos/backend/internal/service/mocks/batch_stock_service_interface.go:50.2,50.91 1 0
github.com/moedahpos/backend/internal/service/mocks/batch_stock_service_interface.go:50.91,52.3 1 0
github.com/moedahpos/backend/internal/service/mocks/batch_stock_service_interface.go:52.8,53.24 1 0
github.com/moedahpos/backend/internal/service/mocks/batch_stock_service_interface.go:53.24,55.4 1 0
github.com/moedahpos/backend/internal/service/mocks/batch_stock_service_interface.go:58.2,58.76 1 0
github.com/moedahpos/backend/internal/service/mocks/batch_stock_service_interface.go:58.76,60.3 1 0
github.com/moedahpos/backend/internal/service/mocks/batch_stock_service_interface.go:60.8,62.3 1 0
github.com/moedahpos/backend/internal/service/mocks/batch_stock_service_interface.go:64.2,64.15 1 0
github.com/moedahpos/backend/internal/service/mocks/batch_stock_service_interface.go:68.131,71.19 2 0
github.com/moedahpos/backend/internal/service/mocks/batch_stock_service_interface.go:71.19,72.59 1 0
github.com/moedahpos/backend/internal/service/mocks/batch_stock_service_interface.go:75.2,77.105 3 0
github.com/moedahpos/backend/internal/service/mocks/batch_stock_service_interface.go:77.105,79.3 1 0
github.com/moedahpos/backend/internal/service/mocks/batch_stock_service_interface.go:80.2,80.96 1 0
github.com/moedahpos/backend/internal/service/mocks/batch_stock_service_interface.go:80.96,82.3 1 0
github.com/moedahpos/backend/internal/service/mocks/batch_stock_service_interface.go:82.8,83.24 1 0
github.com/moedahpos/backend/internal/service/mocks/batch_stock_service_interface.go:83.24,85.4 1 0
github.com/moedahpos/backend/internal/service/mocks/batch_stock_service_interface.go:88.2,88.81 1 0
github.com/moedahpos/backend/internal/service/mocks/batch_stock_service_interface.go:88.81,90.3 1 0
github.com/moedahpos/backend/internal/service/mocks/batch_stock_service_interface.go:90.8,92.3 1 0
github.com/moedahpos/backend/internal/service/mocks/batch_stock_service_interface.go:94.2,94.15 1 0
github.com/moedahpos/backend/internal/service/mocks/batch_stock_service_interface.go:98.129,101.19 2 0
github.com/moedahpos/backend/internal/service/mocks/batch_stock_service_interface.go:101.19,102.57 1 0
github.com/moedahpos/backend/internal/service/mocks/batch_stock_service_interface.go:105.2,107.99 3 0
github.com/moedahpos/backend/internal/service/mocks/batch_stock_service_interface.go:107.99,109.3 1 0
github.com/moedahpos/backend/internal/service/mocks/batch_stock_service_interface.go:110.2,110.90 1 0
github.com/moedahpos/backend/internal/service/mocks/batch_stock_service_interface.go:110.90,112.3 1 0
github.com/moedahpos/backend/internal/service/mocks/batch_stock_service_interface.go:112.8,113.24 1 0
github.com/moedahpos/backend/internal/service/mocks/batch_stock_service_interface.go:113.24,115.4 1 0
github.com/moedahpos/backend/internal/service/mocks/batch_stock_service_interface.go:118.2,118.68 1 0
github.com/moedahpos/backend/internal/service/mocks/batch_stock_service_interface.go:118.68,120.3 1 0
github.com/moedahpos/backend/internal/service/mocks/batch_stock_service_interface.go:120.8,122.3 1 0
github.com/moedahpos/backend/internal/service/mocks/batch_stock_service_interface.go:124.2,124.15 1 0
github.com/moedahpos/backend/internal/service/mocks/batch_stock_service_interface.go:128.141,131.19 2 0
github.com/moedahpos/backend/internal/service/mocks/batch_stock_service_interface.go:131.19,132.62 1 0
github.com/moedahpos/backend/internal/service/mocks/batch_stock_service_interface.go:135.2,136.95 2 0
github.com/moedahpos/backend/internal/service/mocks/batch_stock_service_interface.go:136.95,138.3 1 0
github.com/moedahpos/backend/internal/service/mocks/batch_stock_service_interface.go:138.8,140.3 1 0
github.com/moedahpos/backend/internal/service/mocks/batch_stock_service_interface.go:142.2,142.11 1 0
github.com/moedahpos/backend/internal/service/mocks/batch_stock_service_interface.go:150.32,154.19 3 0
github.com/moedahpos/backend/internal/service/mocks/batch_stock_service_interface.go:154.19,154.49 1 0
github.com/moedahpos/backend/internal/service/mocks/batch_stock_service_interface.go:156.2,156.13 1 0
github.com/moedahpos/backend/internal/service/mocks/customer_service_interface.go:18.143,21.19 2 0
github.com/moedahpos/backend/internal/service/mocks/customer_service_interface.go:21.19,22.48 1 0
github.com/moedahpos/backend/internal/service/mocks/customer_service_interface.go:25.2,27.120 3 0
github.com/moedahpos/backend/internal/service/mocks/customer_service_interface.go:27.120,29.3 1 0
github.com/moedahpos/backend/internal/service/mocks/customer_service_interface.go:30.2,30.111 1 0
github.com/moedahpos/backend/internal/service/mocks/customer_service_interface.go:30.111,32.3 1 0
github.com/moedahpos/backend/internal/service/mocks/customer_service_interface.go:32.8,33.24 1 0
github.com/moedahpos/backend/internal/service/mocks/customer_service_interface.go:33.24,35.4 1 0
github.com/moedahpos/backend/internal/service/mocks/customer_service_interface.go:38.2,38.95 1 0
github.com/moedahpos/backend/internal/service/mocks/customer_service_interface.go:38.95,40.3 1 0
github.com/moedahpos/backend/internal/service/mocks/customer_service_interface.go:40.8,42.3 1 0
github.com/moedahpos/backend/internal/service/mocks/customer_service_interface.go:44.2,44.15 1 0
github.com/moedahpos/backend/internal/service/mocks/customer_service_interface.go:48.82,51.19 2 0
github.com/moedahpos/backend/internal/service/mocks/customer_service_interface.go:51.19,52.48 1 0
github.com/moedahpos/backend/internal/service/mocks/customer_service_interface.go:55.2,56.68 2 0
github.com/moedahpos/backend/internal/service/mocks/customer_service_interface.go:56.68,58.3 1 0
github.com/moedahpos/backend/internal/service/mocks/customer_service_interface.go:58.8,60.3 1 0
github.com/moedahpos/backend/internal/service/mocks/customer_service_interface.go:62.2,62.11 1 0
github.com/moedahpos/backend/internal/service/mocks/customer_service_interface.go:66.104,69.19 2 0
github.com/moedahpos/backend/internal/service/mocks/customer_service_interface.go:69.19,70.45 1 0
github.com/moedahpos/backend/internal/service/mocks/customer_service_interface.go:73.2,75.93 3 0
github.com/moedahpos/backend/internal/service/mocks/customer_service_interface.go:75.93,77.3 1 0
github.com/moedahpos/backend/internal/service/mocks/customer_service_interface.go:78.2,78.84 1 0
github.com/moedahpos/backend/internal/service/mocks/customer_service_interface.go:78.84,80.3 1 0
github.com/moedahpos/backend/internal/service/mocks/customer_service_interface.go:80.8,81.24 1 0
github.com/moedahpos/backend/internal/service/mocks/customer_service_interface.go:81.24,83.4 1 0
github.com/moedahpos/backend/internal/service/mocks/customer_service_interface.go:86.2,86.68 1 0
github.com/moedahpos/backend/internal/service/mocks/customer_service_interface.go:86.68,88.3 1 0
github.com/moedahpos/backend/internal/service/mocks/customer_service_interface.go:88.8,90.3 1 0
github.com/moedahpos/backend/internal/service/mocks/customer_service_interface.go:92.2,92.15 1 0
github.com/moedahpos/backend/internal/service/mocks/customer_service_interface.go:96.142,99.19 2 0
github.com/moedahpos/backend/internal/service/mocks/customer_service_interface.go:99.19,100.46 1 0
github.com/moedahpos/backend/internal/service/mocks/customer_service_interface.go:103.2,106.131 4 0
github.com/moedahpos/backend/internal/service/mocks/customer_service_interface.go:106.131,108.3 1 0
github.com/moedahpos/backend/internal/service/mocks/customer_service_interface.go:109.2,109.102 1 0
github.com/moedahpos/backend/internal/service/mocks/customer_service_interface.go:109.102,111.3 1 0
github.com/moedahpos/backend/internal/service/mocks/customer_service_interface.go:111.8,112.24 1 0
github.com/moedahpos/backend/internal/service/mocks/customer_service_interface.go:112.24,114.4 1 0
github.com/moedahpos/backend/internal/service/mocks/customer_service_interface.go:117.2,117.97 1 0
github.com/moedahpos/backend/internal/service/mocks/customer_service_interface.go:117.97,119.3 1 0
github.com/moedahpos/backend/internal/service/mocks/customer_service_interface.go:119.8,121.3 1 0
github.com/moedahpos/backend/internal/service/mocks/customer_service_interface.go:123.2,123.84 1 0
github.com/moedahpos/backend/internal/service/mocks/customer_service_interface.go:123.84,125.3 1 0
github.com/moedahpos/backend/internal/service/mocks/customer_service_interface.go:125.8,127.3 1 0
github.com/moedahpos/backend/internal/service/mocks/customer_service_interface.go:129.2,129.19 1 0
github.com/moedahpos/backend/internal/service/mocks/customer_service_interface.go:133.124,136.19 2 0
github.com/moedahpos/backend/internal/service/mocks/customer_service_interface.go:136.19,137.48 1 0
github.com/moedahpos/backend/internal/service/mocks/customer_service_interface.go:140.2,142.111 3 0
github.com/moedahpos/backend/internal/service/mocks/customer_service_interface.go:142.111,144.3 1 0
github.com/moedahpos/backend/internal/service/mocks/customer_service_interface.go:145.2,145.102 1 0
github.com/moedahpos/backend/internal/service/mocks/customer_service_interface.go:145.102,147.3 1 0
github.com/moedahpos/backend/internal/service/mocks/customer_service_interface.go:147.8,148.24 1 0
github.com/moedahpos/backend/internal/service/mocks/customer_service_interface.go:148.24,150.4 1 0
github.com/moedahpos/backend/internal/service/mocks/customer_service_interface.go:153.2,153.84 1 0
github.com/moedahpos/backend/internal/service/mocks/customer_service_interface.go:153.84,155.3 1 0
github.com/moedahpos/backend/internal/service/mocks/customer_service_interface.go:155.8,157.3 1 0
github.com/moedahpos/backend/internal/service/mocks/customer_service_interface.go:159.2,159.15 1 0
github.com/moedahpos/backend/internal/service/mocks/customer_service_interface.go:163.138,166.19 2 0
github.com/moedahpos/backend/internal/service/mocks/customer_service_interface.go:166.19,167.48 1 0
github.com/moedahpos/backend/internal/service/mocks/customer_service_interface.go:170.2,172.120 3 0
github.com/moedahpos/backend/internal/service/mocks/customer_service_interface.go:172.120,174.3 1 0
github.com/moedahpos/backend/internal/service/mocks/customer_service_interface.go:175.2,175.111 1 0
github.com/moedahpos/backend/internal/service/mocks/customer_service_interface.go:175.111,177.3 1 0
github.com/moedahpos/backend/internal/service/mocks/customer_service_interface.go:177.8,178.24 1 0
github.com/moedahpos/backend/internal/service/mocks/customer_service_interface.go:178.24,180.4 1 0
github.com/moedahpos/backend/internal/service/mocks/customer_service_interface.go:183.2,183.95 1 0
github.com/moedahpos/backend/internal/service/mocks/customer_service_interface.go:183.95,185.3 1 0
github.com/moedahpos/backend/internal/service/mocks/customer_service_interface.go:185.8,187.3 1 0
github.com/moedahpos/backend/internal/service/mocks/customer_service_interface.go:189.2,189.15 1 0
github.com/moedahpos/backend/internal/service/mocks/customer_service_interface.go:197.30,201.19 3 0
github.com/moedahpos/backend/internal/service/mocks/customer_service_interface.go:201.19,201.49 1 0
github.com/moedahpos/backend/internal/service/mocks/customer_service_interface.go:203.2,203.13 1 0
github.com/moedahpos/backend/internal/service/mocks/expense_service_interface.go:18.149,21.19 2 0
github.com/moedahpos/backend/internal/service/mocks/expense_service_interface.go:21.19,22.56 1 0
github.com/moedahpos/backend/internal/service/mocks/expense_service_interface.go:25.2,27.127 3 0
github.com/moedahpos/backend/internal/service/mocks/expense_service_interface.go:27.127,29.3 1 0
github.com/moedahpos/backend/internal/service/mocks/expense_service_interface.go:30.2,30.118 1 0
github.com/moedahpos/backend/internal/service/mocks/expense_service_interface.go:30.118,32.3 1 0
github.com/moedahpos/backend/internal/service/mocks/expense_service_interface.go:32.8,33.24 1 0
github.com/moedahpos/backend/internal/service/mocks/expense_service_interface.go:33.24,35.4 1 0
github.com/moedahpos/backend/internal/service/mocks/expense_service_interface.go:38.2,38.95 1 0
github.com/moedahpos/backend/internal/service/mocks/expense_service_interface.go:38.95,40.3 1 0
github.com/moedahpos/backend/internal/service/mocks/expense_service_interface.go:40.8,42.3 1 0
github.com/moedahpos/backend/internal/service/mocks/expense_service_interface.go:44.2,44.15 1 0
github.com/moedahpos/backend/internal/service/mocks/expense_service_interface.go:48.163,51.19 2 0
github.com/moedahpos/backend/internal/service/mocks/expense_service_interface.go:51.19,52.55 1 0
github.com/moedahpos/backend/internal/service/mocks/expense_service_interface.go:55.2,57.127 3 0
github.com/moedahpos/backend/internal/service/mocks/expense_service_interface.go:57.127,59.3 1 0
github.com/moedahpos/backend/internal/service/mocks/expense_service_interface.go:60.2,60.118 1 0
github.com/moedahpos/backend/internal/service/mocks/expense_service_interface.go:60.118,62.3 1 0
github.com/moedahpos/backend/internal/service/mocks/expense_service_interface.go:62.8,63.24 1 0
github.com/moedahpos/backend/internal/service/mocks/expense_service_interface.go:63.24,65.4 1 0
github.com/moedahpos/backend/internal/service/mocks/expense_service_interface.go:68.2,68.103 1 0
github.com/moedahpos/backend/internal/service/mocks/expense_service_interface.go:68.103,70.3 1 0
github.com/moedahpos/backend/internal/service/mocks/expense_service_interface.go:70.8,72.3 1 0
github.com/moedahpos/backend/internal/service/mocks/expense_service_interface.go:74.2,74.15 1 0
github.com/moedahpos/backend/internal/service/mocks/expense_service_interface.go:78.190,81.19 2 0
github.com/moedahpos/backend/internal/service/mocks/expense_service_interface.go:81.19,82.64 1 0
github.com/moedahpos/backend/internal/service/mocks/expense_service_interface.go:85.2,87.145 3 0
github.com/moedahpos/backend/internal/service/mocks/expense_service_interface.go:87.145,89.3 1 0
github.com/moedahpos/backend/internal/service/mocks/expense_service_interface.go:90.2,90.136 1 0
github.com/moedahpos/backend/internal/service/mocks/expense_service_interface.go:90.136,92.3 1 0
github.com/moedahpos/backend/internal/service/mocks/expense_service_interface.go:92.8,93.24 1 0
github.com/moedahpos/backend/internal/service/mocks/expense_service_interface.go:93.24,95.4 1 0
github.com/moedahpos/backend/internal/service/mocks/expense_service_interface.go:98.2,98.112 1 0
github.com/moedahpos/backend/internal/service/mocks/expense_service_interface.go:98.112,100.3 1 0
github.com/moedahpos/backend/internal/service/mocks/expense_service_interface.go:100.8,102.3 1 0
github.com/moedahpos/backend/internal/service/mocks/expense_service_interface.go:104.2,104.15 1 0
github.com/moedahpos/backend/internal/service/mocks/expense_service_interface.go:108.104,111.19 2 0
github.com/moedahpos/backend/internal/service/mocks/expense_service_interface.go:111.19,112.55 1 0
github.com/moedahpos/backend/internal/service/mocks/expense_service_interface.go:115.2,116.76 2 0
github.com/moedahpos/backend/internal/service/mocks/expense_service_interface.go:116.76,118.3 1 0
github.com/moedahpos/backend/internal/service/mocks/expense_service_interface.go:118.8,120.3 1 0
github.com/moedahpos/backend/internal/service/mocks/expense_service_interface.go:122.2,122.11 1 0
github.com/moedahpos/backend/internal/service/mocks/expense_service_interface.go:126.113,129.19 2 0
github.com/moedahpos/backend/internal/service/mocks/expense_service_interface.go:129.19,130.64 1 0
github.com/moedahpos/backend/internal/service/mocks/expense_service_interface.go:133.2,134.76 2 0
github.com/moedahpos/backend/internal/service/mocks/expense_service_interface.go:134.76,136.3 1 0
github.com/moedahpos/backend/internal/service/mocks/expense_service_interface.go:136.8,138.3 1 0
github.com/moedahpos/backend/internal/service/mocks/expense_service_interface.go:140.2,140.11 1 0
github.com/moedahpos/backend/internal/service/mocks/expense_service_interface.go:144.132,147.19 2 0
github.com/moedahpos/backend/internal/service/mocks/expense_service_interface.go:147.19,148.56 1 0
github.com/moedahpos/backend/internal/service/mocks/expense_service_interface.go:151.2,153.99 3 0
github.com/moedahpos/backend/internal/service/mocks/expense_service_interface.go:153.99,155.3 1 0
github.com/moedahpos/backend/internal/service/mocks/expense_service_interface.go:156.2,156.90 1 0
github.com/moedahpos/backend/internal/service/mocks/expense_service_interface.go:156.90,158.3 1 0
github.com/moedahpos/backend/internal/service/mocks/expense_service_interface.go:158.8,159.24 1 0
github.com/moedahpos/backend/internal/service/mocks/expense_service_interface.go:159.24,161.4 1 0
github.com/moedahpos/backend/internal/service/mocks/expense_service_interface.go:164.2,164.66 1 0
github.com/moedahpos/backend/internal/service/mocks/expense_service_interface.go:164.66,166.3 1 0
github.com/moedahpos/backend/internal/service/mocks/expense_service_interface.go:166.8,168.3 1 0
github.com/moedahpos/backend/internal/service/mocks/expense_service_interface.go:170.2,170.15 1 0
github.com/moedahpos/backend/internal/service/mocks/expense_service_interface.go:174.152,177.19 2 0
github.com/moedahpos/backend/internal/service/mocks/expense_service_interface.go:177.19,178.54 1 0
github.com/moedahpos/backend/internal/service/mocks/expense_service_interface.go:181.2,184.129 4 0
github.com/moedahpos/backend/internal/service/mocks/expense_service_interface.go:184.129,186.3 1 0
github.com/moedahpos/backend/internal/service/mocks/expense_service_interface.go:187.2,187.100 1 0
github.com/moedahpos/backend/internal/service/mocks/expense_service_interface.go:187.100,189.3 1 0
github.com/moedahpos/backend/internal/service/mocks/expense_service_interface.go:189.8,190.24 1 0
github.com/moedahpos/backend/internal/service/mocks/expense_service_interface.go:190.24,192.4 1 0
github.com/moedahpos/backend/internal/service/mocks/expense_service_interface.go:195.2,195.96 1 0
github.com/moedahpos/backend/internal/service/mocks/expense_service_interface.go:195.96,197.3 1 0
github.com/moedahpos/backend/internal/service/mocks/expense_service_interface.go:197.8,199.3 1 0
github.com/moedahpos/backend/internal/service/mocks/expense_service_interface.go:201.2,201.83 1 0
github.com/moedahpos/backend/internal/service/mocks/expense_service_interface.go:201.83,203.3 1 0
github.com/moedahpos/backend/internal/service/mocks/expense_service_interface.go:203.8,205.3 1 0
github.com/moedahpos/backend/internal/service/mocks/expense_service_interface.go:207.2,207.19 1 0
github.com/moedahpos/backend/internal/service/mocks/expense_service_interface.go:211.170,214.19 2 0
github.com/moedahpos/backend/internal/service/mocks/expense_service_interface.go:214.19,215.63 1 0
github.com/moedahpos/backend/internal/service/mocks/expense_service_interface.go:218.2,221.138 4 0
github.com/moedahpos/backend/internal/service/mocks/expense_service_interface.go:221.138,223.3 1 0
github.com/moedahpos/backend/internal/service/mocks/expense_service_interface.go:224.2,224.109 1 0
github.com/moedahpos/backend/internal/service/mocks/expense_service_interface.go:224.109,226.3 1 0
github.com/moedahpos/backend/internal/service/mocks/expense_service_interface.go:226.8,227.24 1 0
github.com/moedahpos/backend/internal/service/mocks/expense_service_interface.go:227.24,229.4 1 0
github.com/moedahpos/backend/internal/service/mocks/expense_service_interface.go:232.2,232.96 1 0
github.com/moedahpos/backend/internal/service/mocks/expense_service_interface.go:232.96,234.3 1 0
github.com/moedahpos/backend/internal/service/mocks/expense_service_interface.go:234.8,236.3 1 0
github.com/moedahpos/backend/internal/service/mocks/expense_service_interface.go:238.2,238.83 1 0
github.com/moedahpos/backend/internal/service/mocks/expense_service_interface.go:238.83,240.3 1 0
github.com/moedahpos/backend/internal/service/mocks/expense_service_interface.go:240.8,242.3 1 0
github.com/moedahpos/backend/internal/service/mocks/expense_service_interface.go:244.2,244.19 1 0
github.com/moedahpos/backend/internal/service/mocks/expense_service_interface.go:248.91,251.19 2 0
github.com/moedahpos/backend/internal/service/mocks/expense_service_interface.go:251.19,252.69 1 0
github.com/moedahpos/backend/internal/service/mocks/expense_service_interface.go:255.2,256.60 2 0
github.com/moedahpos/backend/internal/service/mocks/expense_service_interface.go:256.60,258.3 1 0
github.com/moedahpos/backend/internal/service/mocks/expense_service_interface.go:258.8,260.3 1 0
github.com/moedahpos/backend/internal/service/mocks/expense_service_interface.go:262.2,262.11 1 0
github.com/moedahpos/backend/internal/service/mocks/expense_service_interface.go:266.93,269.19 2 0
github.com/moedahpos/backend/internal/service/mocks/expense_service_interface.go:269.19,270.60 1 0
github.com/moedahpos/backend/internal/service/mocks/expense_service_interface.go:273.2,274.68 2 0
github.com/moedahpos/backend/internal/service/mocks/expense_service_interface.go:274.68,276.3 1 0
github.com/moedahpos/backend/internal/service/mocks/expense_service_interface.go:276.8,278.3 1 0
github.com/moedahpos/backend/internal/service/mocks/expense_service_interface.go:280.2,280.11 1 0
github.com/moedahpos/backend/internal/service/mocks/expense_service_interface.go:284.160,287.19 2 0
github.com/moedahpos/backend/internal/service/mocks/expense_service_interface.go:287.19,288.56 1 0
github.com/moedahpos/backend/internal/service/mocks/expense_service_interface.go:291.2,293.135 3 0
github.com/moedahpos/backend/internal/service/mocks/expense_service_interface.go:293.135,295.3 1 0
github.com/moedahpos/backend/internal/service/mocks/expense_service_interface.go:296.2,296.126 1 0
github.com/moedahpos/backend/internal/service/mocks/expense_service_interface.go:296.126,298.3 1 0
github.com/moedahpos/backend/internal/service/mocks/expense_service_interface.go:298.8,299.24 1 0
github.com/moedahpos/backend/internal/service/mocks/expense_service_interface.go:299.24,301.4 1 0
github.com/moedahpos/backend/internal/service/mocks/expense_service_interface.go:304.2,304.103 1 0
github.com/moedahpos/backend/internal/service/mocks/expense_service_interface.go:304.103,306.3 1 0
github.com/moedahpos/backend/internal/service/mocks/expense_service_interface.go:306.8,308.3 1 0
github.com/moedahpos/backend/internal/service/mocks/expense_service_interface.go:310.2,310.15 1 0
github.com/moedahpos/backend/internal/service/mocks/expense_service_interface.go:314.159,317.19 2 0
github.com/moedahpos/backend/internal/service/mocks/expense_service_interface.go:317.19,318.55 1 0
github.com/moedahpos/backend/internal/service/mocks/expense_service_interface.go:321.2,323.127 3 0
github.com/moedahpos/backend/internal/service/mocks/expense_service_interface.go:323.127,325.3 1 0
github.com/moedahpos/backend/internal/service/mocks/expense_service_interface.go:326.2,326.118 1 0
github.com/moedahpos/backend/internal/service/mocks/expense_service_interface.go:326.118,328.3 1 0
github.com/moedahpos/backend/internal/service/mocks/expense_service_interface.go:328.8,329.24 1 0
github.com/moedahpos/backend/internal/service/mocks/expense_service_interface.go:329.24,331.4 1 0
github.com/moedahpos/backend/internal/service/mocks/expense_service_interface.go:334.2,334.103 1 0
github.com/moedahpos/backend/internal/service/mocks/expense_service_interface.go:334.103,336.3 1 0
github.com/moedahpos/backend/internal/service/mocks/expense_service_interface.go:336.8,338.3 1 0
github.com/moedahpos/backend/internal/service/mocks/expense_service_interface.go:340.2,340.15 1 0
github.com/moedahpos/backend/internal/service/mocks/expense_service_interface.go:344.171,347.19 2 0
github.com/moedahpos/backend/internal/service/mocks/expense_service_interface.go:347.19,348.61 1 0
github.com/moedahpos/backend/internal/service/mocks/expense_service_interface.go:351.2,353.133 3 0
github.com/moedahpos/backend/internal/service/mocks/expense_service_interface.go:353.133,355.3 1 0
github.com/moedahpos/backend/internal/service/mocks/expense_service_interface.go:356.2,356.124 1 0
github.com/moedahpos/backend/internal/service/mocks/expense_service_interface.go:356.124,358.3 1 0
github.com/moedahpos/backend/internal/service/mocks/expense_service_interface.go:358.8,359.24 1 0
github.com/moedahpos/backend/internal/service/mocks/expense_service_interface.go:359.24,361.4 1 0
github.com/moedahpos/backend/internal/service/mocks/expense_service_interface.go:364.2,364.109 1 0
github.com/moedahpos/backend/internal/service/mocks/expense_service_interface.go:364.109,366.3 1 0
github.com/moedahpos/backend/internal/service/mocks/expense_service_interface.go:366.8,368.3 1 0
github.com/moedahpos/backend/internal/service/mocks/expense_service_interface.go:370.2,370.15 1 0
github.com/moedahpos/backend/internal/service/mocks/expense_service_interface.go:374.186,377.19 2 0
github.com/moedahpos/backend/internal/service/mocks/expense_service_interface.go:377.19,378.64 1 0
github.com/moedahpos/backend/internal/service/mocks/expense_service_interface.go:381.2,383.145 3 0
github.com/moedahpos/backend/internal/service/mocks/expense_service_interface.go:383.145,385.3 1 0
github.com/moedahpos/backend/internal/service/mocks/expense_service_interface.go:386.2,386.136 1 0
github.com/moedahpos/backend/internal/service/mocks/expense_service_interface.go:386.136,388.3 1 0
github.com/moedahpos/backend/internal/service/mocks/expense_service_interface.go:388.8,389.24 1 0
github.com/moedahpos/backend/internal/service/mocks/expense_service_interface.go:389.24,391.4 1 0
github.com/moedahpos/backend/internal/service/mocks/expense_service_interface.go:394.2,394.112 1 0
github.com/moedahpos/backend/internal/service/mocks/expense_service_interface.go:394.112,396.3 1 0
github.com/moedahpos/backend/internal/service/mocks/expense_service_interface.go:396.8,398.3 1 0
github.com/moedahpos/backend/internal/service/mocks/expense_service_interface.go:400.2,400.15 1 0
github.com/moedahpos/backend/internal/service/mocks/expense_service_interface.go:408.29,412.19 3 0
github.com/moedahpos/backend/internal/service/mocks/expense_service_interface.go:412.19,412.49 1 0
github.com/moedahpos/backend/internal/service/mocks/expense_service_interface.go:414.2,414.13 1 0
github.com/moedahpos/backend/internal/service/mocks/income_repo.go:20.95,23.19 2 0
github.com/moedahpos/backend/internal/service/mocks/income_repo.go:23.19,24.48 1 0
github.com/moedahpos/backend/internal/service/mocks/income_repo.go:27.2,29.94 3 0
github.com/moedahpos/backend/internal/service/mocks/income_repo.go:29.94,31.3 1 0
github.com/moedahpos/backend/internal/service/mocks/income_repo.go:32.2,32.85 1 0
github.com/moedahpos/backend/internal/service/mocks/income_repo.go:32.85,34.3 1 0
github.com/moedahpos/backend/internal/service/mocks/income_repo.go:34.8,35.24 1 0
github.com/moedahpos/backend/internal/service/mocks/income_repo.go:35.24,37.4 1 0
github.com/moedahpos/backend/internal/service/mocks/income_repo.go:40.2,40.76 1 0
github.com/moedahpos/backend/internal/service/mocks/income_repo.go:40.76,42.3 1 0
github.com/moedahpos/backend/internal/service/mocks/income_repo.go:42.8,44.3 1 0
github.com/moedahpos/backend/internal/service/mocks/income_repo.go:46.2,46.15 1 0
github.com/moedahpos/backend/internal/service/mocks/income_repo.go:50.119,53.19 2 0
github.com/moedahpos/backend/internal/service/mocks/income_repo.go:53.19,54.56 1 0
github.com/moedahpos/backend/internal/service/mocks/income_repo.go:57.2,59.110 3 0
github.com/moedahpos/backend/internal/service/mocks/income_repo.go:59.110,61.3 1 0
github.com/moedahpos/backend/internal/service/mocks/income_repo.go:62.2,62.101 1 0
github.com/moedahpos/backend/internal/service/mocks/income_repo.go:62.101,64.3 1 0
github.com/moedahpos/backend/internal/service/mocks/income_repo.go:64.8,65.24 1 0
github.com/moedahpos/backend/internal/service/mocks/income_repo.go:65.24,67.4 1 0
github.com/moedahpos/backend/internal/service/mocks/income_repo.go:70.2,70.84 1 0
github.com/moedahpos/backend/internal/service/mocks/income_repo.go:70.84,72.3 1 0
github.com/moedahpos/backend/internal/service/mocks/income_repo.go:72.8,74.3 1 0
github.com/moedahpos/backend/internal/service/mocks/income_repo.go:76.2,76.15 1 0
github.com/moedahpos/backend/internal/service/mocks/income_repo.go:80.84,83.19 2 0
github.com/moedahpos/backend/internal/service/mocks/income_repo.go:83.19,84.48 1 0
github.com/moedahpos/backend/internal/service/mocks/income_repo.go:87.2,88.76 2 0
github.com/moedahpos/backend/internal/service/mocks/income_repo.go:88.76,90.3 1 0
github.com/moedahpos/backend/internal/service/mocks/income_repo.go:90.8,92.3 1 0
github.com/moedahpos/backend/internal/service/mocks/income_repo.go:94.2,94.11 1 0
github.com/moedahpos/backend/internal/service/mocks/income_repo.go:98.107,101.19 2 0
github.com/moedahpos/backend/internal/service/mocks/income_repo.go:101.19,102.49 1 0
github.com/moedahpos/backend/internal/service/mocks/income_repo.go:105.2,108.107 4 0
github.com/moedahpos/backend/internal/service/mocks/income_repo.go:108.107,110.3 1 0
github.com/moedahpos/backend/internal/service/mocks/income_repo.go:111.2,111.93 1 0
github.com/moedahpos/backend/internal/service/mocks/income_repo.go:111.93,113.3 1 0
github.com/moedahpos/backend/internal/service/mocks/income_repo.go:113.8,114.24 1 0
github.com/moedahpos/backend/internal/service/mocks/income_repo.go:114.24,116.4 1 0
github.com/moedahpos/backend/internal/service/mocks/income_repo.go:119.2,119.80 1 0
github.com/moedahpos/backend/internal/service/mocks/income_repo.go:119.80,121.3 1 0
github.com/moedahpos/backend/internal/service/mocks/income_repo.go:121.8,123.3 1 0
github.com/moedahpos/backend/internal/service/mocks/income_repo.go:125.2,125.82 1 0
github.com/moedahpos/backend/internal/service/mocks/income_repo.go:125.82,127.3 1 0
github.com/moedahpos/backend/internal/service/mocks/income_repo.go:127.8,129.3 1 0
github.com/moedahpos/backend/internal/service/mocks/income_repo.go:131.2,131.19 1 0
github.com/moedahpos/backend/internal/service/mocks/income_repo.go:135.88,138.19 2 0
github.com/moedahpos/backend/internal/service/mocks/income_repo.go:138.19,139.50 1 0
github.com/moedahpos/backend/internal/service/mocks/income_repo.go:142.2,144.86 3 0
github.com/moedahpos/backend/internal/service/mocks/income_repo.go:144.86,146.3 1 0
github.com/moedahpos/backend/internal/service/mocks/income_repo.go:147.2,147.77 1 0
github.com/moedahpos/backend/internal/service/mocks/income_repo.go:147.77,149.3 1 0
github.com/moedahpos/backend/internal/service/mocks/income_repo.go:149.8,150.24 1 0
github.com/moedahpos/backend/internal/service/mocks/income_repo.go:150.24,152.4 1 0
github.com/moedahpos/backend/internal/service/mocks/income_repo.go:155.2,155.68 1 0
github.com/moedahpos/backend/internal/service/mocks/income_repo.go:155.68,157.3 1 0
github.com/moedahpos/backend/internal/service/mocks/income_repo.go:157.8,159.3 1 0
github.com/moedahpos/backend/internal/service/mocks/income_repo.go:161.2,161.15 1 0
github.com/moedahpos/backend/internal/service/mocks/income_repo.go:165.103,168.19 2 0
github.com/moedahpos/backend/internal/service/mocks/income_repo.go:168.19,169.57 1 0
github.com/moedahpos/backend/internal/service/mocks/income_repo.go:172.2,174.94 3 0
github.com/moedahpos/backend/internal/service/mocks/income_repo.go:174.94,176.3 1 0
github.com/moedahpos/backend/internal/service/mocks/income_repo.go:177.2,177.85 1 0
github.com/moedahpos/backend/internal/service/mocks/income_repo.go:177.85,179.3 1 0
github.com/moedahpos/backend/internal/service/mocks/income_repo.go:179.8,180.24 1 0
github.com/moedahpos/backend/internal/service/mocks/income_repo.go:180.24,182.4 1 0
github.com/moedahpos/backend/internal/service/mocks/income_repo.go:185.2,185.68 1 0
github.com/moedahpos/backend/internal/service/mocks/income_repo.go:185.68,187.3 1 0
github.com/moedahpos/backend/internal/service/mocks/income_repo.go:187.8,189.3 1 0
github.com/moedahpos/backend/internal/service/mocks/income_repo.go:191.2,191.15 1 0
github.com/moedahpos/backend/internal/service/mocks/income_repo.go:195.114,198.19 2 0
github.com/moedahpos/backend/internal/service/mocks/income_repo.go:198.19,199.56 1 0
github.com/moedahpos/backend/internal/service/mocks/income_repo.go:202.2,204.94 3 0
github.com/moedahpos/backend/internal/service/mocks/income_repo.go:204.94,206.3 1 0
github.com/moedahpos/backend/internal/service/mocks/income_repo.go:207.2,207.85 1 0
github.com/moedahpos/backend/internal/service/mocks/income_repo.go:207.85,209.3 1 0
github.com/moedahpos/backend/internal/service/mocks/income_repo.go:209.8,210.24 1 0
github.com/moedahpos/backend/internal/service/mocks/income_repo.go:210.24,212.4 1 0
github.com/moedahpos/backend/internal/service/mocks/income_repo.go:215.2,215.66 1 0
github.com/moedahpos/backend/internal/service/mocks/income_repo.go:215.66,217.3 1 0
github.com/moedahpos/backend/internal/service/mocks/income_repo.go:217.8,219.3 1 0
github.com/moedahpos/backend/internal/service/mocks/income_repo.go:221.2,221.15 1 0
github.com/moedahpos/backend/internal/service/mocks/income_repo.go:225.80,228.19 2 0
github.com/moedahpos/backend/internal/service/mocks/income_repo.go:228.19,229.60 1 0
github.com/moedahpos/backend/internal/service/mocks/income_repo.go:232.2,233.68 2 0
github.com/moedahpos/backend/internal/service/mocks/income_repo.go:233.68,235.3 1 0
github.com/moedahpos/backend/internal/service/mocks/income_repo.go:235.8,237.3 1 0
github.com/moedahpos/backend/internal/service/mocks/income_repo.go:239.2,239.11 1 0
github.com/moedahpos/backend/internal/service/mocks/income_repo.go:243.95,246.19 2 0
github.com/moedahpos/backend/internal/service/mocks/income_repo.go:246.19,247.48 1 0
github.com/moedahpos/backend/internal/service/mocks/income_repo.go:250.2,252.94 3 0
github.com/moedahpos/backend/internal/service/mocks/income_repo.go:252.94,254.3 1 0
github.com/moedahpos/backend/internal/service/mocks/income_repo.go:255.2,255.85 1 0
github.com/moedahpos/backend/internal/service/mocks/income_repo.go:255.85,257.3 1 0
github.com/moedahpos/backend/internal/service/mocks/income_repo.go:257.8,258.24 1 0
github.com/moedahpos/backend/internal/service/mocks/income_repo.go:258.24,260.4 1 0
github.com/moedahpos/backend/internal/service/mocks/income_repo.go:263.2,263.76 1 0
github.com/moedahpos/backend/internal/service/mocks/income_repo.go:263.76,265.3 1 0
github.com/moedahpos/backend/internal/service/mocks/income_repo.go:265.8,267.3 1 0
github.com/moedahpos/backend/internal/service/mocks/income_repo.go:269.2,269.15 1 0
github.com/moedahpos/backend/internal/service/mocks/income_repo.go:273.143,276.19 2 0
github.com/moedahpos/backend/internal/service/mocks/income_repo.go:276.19,277.56 1 0
github.com/moedahpos/backend/internal/service/mocks/income_repo.go:280.2,282.116 3 0
github.com/moedahpos/backend/internal/service/mocks/income_repo.go:282.116,284.3 1 0
github.com/moedahpos/backend/internal/service/mocks/income_repo.go:285.2,285.107 1 0
github.com/moedahpos/backend/internal/service/mocks/income_repo.go:285.107,287.3 1 0
github.com/moedahpos/backend/internal/service/mocks/income_repo.go:287.8,288.24 1 0
github.com/moedahpos/backend/internal/service/mocks/income_repo.go:288.24,290.4 1 0
github.com/moedahpos/backend/internal/service/mocks/income_repo.go:293.2,293.90 1 0
github.com/moedahpos/backend/internal/service/mocks/income_repo.go:293.90,295.3 1 0
github.com/moedahpos/backend/internal/service/mocks/income_repo.go:295.8,297.3 1 0
github.com/moedahpos/backend/internal/service/mocks/income_repo.go:299.2,299.15 1 0
github.com/moedahpos/backend/internal/service/mocks/income_repo.go:307.16,311.19 3 0
github.com/moedahpos/backend/internal/service/mocks/income_repo.go:311.19,311.49 1 0
github.com/moedahpos/backend/internal/service/mocks/income_repo.go:313.2,313.13 1 0
github.com/moedahpos/backend/internal/service/mocks/income_service_interface.go:18.146,21.19 2 0
github.com/moedahpos/backend/internal/service/mocks/income_service_interface.go:21.19,22.56 1 0
github.com/moedahpos/backend/internal/service/mocks/income_service_interface.go:25.2,27.125 3 0
github.com/moedahpos/backend/internal/service/mocks/income_service_interface.go:27.125,29.3 1 0
github.com/moedahpos/backend/internal/service/mocks/income_service_interface.go:30.2,30.116 1 0
github.com/moedahpos/backend/internal/service/mocks/income_service_interface.go:30.116,32.3 1 0
github.com/moedahpos/backend/internal/service/mocks/income_service_interface.go:32.8,33.24 1 0
github.com/moedahpos/backend/internal/service/mocks/income_service_interface.go:33.24,35.4 1 0
github.com/moedahpos/backend/internal/service/mocks/income_service_interface.go:38.2,38.94 1 0
github.com/moedahpos/backend/internal/service/mocks/income_service_interface.go:38.94,40.3 1 0
github.com/moedahpos/backend/internal/service/mocks/income_service_interface.go:40.8,42.3 1 0
github.com/moedahpos/backend/internal/service/mocks/income_service_interface.go:44.2,44.15 1 0
github.com/moedahpos/backend/internal/service/mocks/income_service_interface.go:48.159,51.19 2 0
github.com/moedahpos/backend/internal/service/mocks/income_service_interface.go:51.19,52.54 1 0
github.com/moedahpos/backend/internal/service/mocks/income_service_interface.go:55.2,57.125 3 0
github.com/moedahpos/backend/internal/service/mocks/income_service_interface.go:57.125,59.3 1 0
github.com/moedahpos/backend/internal/service/mocks/income_service_interface.go:60.2,60.116 1 0
github.com/moedahpos/backend/internal/service/mocks/income_service_interface.go:60.116,62.3 1 0
github.com/moedahpos/backend/internal/service/mocks/income_service_interface.go:62.8,63.24 1 0
github.com/moedahpos/backend/internal/service/mocks/income_service_interface.go:63.24,65.4 1 0
github.com/moedahpos/backend/internal/service/mocks/income_service_interface.go:68.2,68.102 1 0
github.com/moedahpos/backend/internal/service/mocks/income_service_interface.go:68.102,70.3 1 0
github.com/moedahpos/backend/internal/service/mocks/income_service_interface.go:70.8,72.3 1 0
github.com/moedahpos/backend/internal/service/mocks/income_service_interface.go:74.2,74.15 1 0
github.com/moedahpos/backend/internal/service/mocks/income_service_interface.go:78.102,81.19 2 0
github.com/moedahpos/backend/internal/service/mocks/income_service_interface.go:81.19,82.54 1 0
github.com/moedahpos/backend/internal/service/mocks/income_service_interface.go:85.2,86.76 2 0
github.com/moedahpos/backend/internal/service/mocks/income_service_interface.go:86.76,88.3 1 0
github.com/moedahpos/backend/internal/service/mocks/income_service_interface.go:88.8,90.3 1 0
github.com/moedahpos/backend/internal/service/mocks/income_service_interface.go:92.2,92.11 1 0
github.com/moedahpos/backend/internal/service/mocks/income_service_interface.go:96.131,99.19 2 0
github.com/moedahpos/backend/internal/service/mocks/income_service_interface.go:99.19,100.56 1 0
github.com/moedahpos/backend/internal/service/mocks/income_service_interface.go:103.2,105.99 3 0
github.com/moedahpos/backend/internal/service/mocks/income_service_interface.go:105.99,107.3 1 0
github.com/moedahpos/backend/internal/service/mocks/income_service_interface.go:108.2,108.90 1 0
github.com/moedahpos/backend/internal/service/mocks/income_service_interface.go:108.90,110.3 1 0
github.com/moedahpos/backend/internal/service/mocks/income_service_interface.go:110.8,111.24 1 0
github.com/moedahpos/backend/internal/service/mocks/income_service_interface.go:111.24,113.4 1 0
github.com/moedahpos/backend/internal/service/mocks/income_service_interface.go:116.2,116.66 1 0
github.com/moedahpos/backend/internal/service/mocks/income_service_interface.go:116.66,118.3 1 0
github.com/moedahpos/backend/internal/service/mocks/income_service_interface.go:118.8,120.3 1 0
github.com/moedahpos/backend/internal/service/mocks/income_service_interface.go:122.2,122.15 1 0
github.com/moedahpos/backend/internal/service/mocks/income_service_interface.go:126.143,129.19 2 0
github.com/moedahpos/backend/internal/service/mocks/income_service_interface.go:129.19,130.53 1 0
github.com/moedahpos/backend/internal/service/mocks/income_service_interface.go:133.2,136.127 4 0
github.com/moedahpos/backend/internal/service/mocks/income_service_interface.go:136.127,138.3 1 0
github.com/moedahpos/backend/internal/service/mocks/income_service_interface.go:139.2,139.98 1 0
github.com/moedahpos/backend/internal/service/mocks/income_service_interface.go:139.98,141.3 1 0
github.com/moedahpos/backend/internal/service/mocks/income_service_interface.go:141.8,142.24 1 0
github.com/moedahpos/backend/internal/service/mocks/income_service_interface.go:142.24,144.4 1 0
github.com/moedahpos/backend/internal/service/mocks/income_service_interface.go:147.2,147.95 1 0
github.com/moedahpos/backend/internal/service/mocks/income_service_interface.go:147.95,149.3 1 0
github.com/moedahpos/backend/internal/service/mocks/income_service_interface.go:149.8,151.3 1 0
github.com/moedahpos/backend/internal/service/mocks/income_service_interface.go:153.2,153.82 1 0
github.com/moedahpos/backend/internal/service/mocks/income_service_interface.go:153.82,155.3 1 0
github.com/moedahpos/backend/internal/service/mocks/income_service_interface.go:155.8,157.3 1 0
github.com/moedahpos/backend/internal/service/mocks/income_service_interface.go:159.2,159.19 1 0
github.com/moedahpos/backend/internal/service/mocks/income_service_interface.go:163.92,166.19 2 0
github.com/moedahpos/backend/internal/service/mocks/income_service_interface.go:166.19,167.60 1 0
github.com/moedahpos/backend/internal/service/mocks/income_service_interface.go:170.2,171.68 2 0
github.com/moedahpos/backend/internal/service/mocks/income_service_interface.go:171.68,173.3 1 0
github.com/moedahpos/backend/internal/service/mocks/income_service_interface.go:173.8,175.3 1 0
github.com/moedahpos/backend/internal/service/mocks/income_service_interface.go:177.2,177.11 1 0
github.com/moedahpos/backend/internal/service/mocks/income_service_interface.go:181.157,184.19 2 0
github.com/moedahpos/backend/internal/service/mocks/income_service_interface.go:184.19,185.56 1 0
github.com/moedahpos/backend/internal/service/mocks/income_service_interface.go:188.2,190.133 3 0
github.com/moedahpos/backend/internal/service/mocks/income_service_interface.go:190.133,192.3 1 0
github.com/moedahpos/backend/internal/service/mocks/income_service_interface.go:193.2,193.124 1 0
github.com/moedahpos/backend/internal/service/mocks/income_service_interface.go:193.124,195.3 1 0
github.com/moedahpos/backend/internal/service/mocks/income_service_interface.go:195.8,196.24 1 0
github.com/moedahpos/backend/internal/service/mocks/income_service_interface.go:196.24,198.4 1 0
github.com/moedahpos/backend/internal/service/mocks/income_service_interface.go:201.2,201.102 1 0
github.com/moedahpos/backend/internal/service/mocks/income_service_interface.go:201.102,203.3 1 0
github.com/moedahpos/backend/internal/service/mocks/income_service_interface.go:203.8,205.3 1 0
github.com/moedahpos/backend/internal/service/mocks/income_service_interface.go:207.2,207.15 1 0
github.com/moedahpos/backend/internal/service/mocks/income_service_interface.go:211.155,214.19 2 0
github.com/moedahpos/backend/internal/service/mocks/income_service_interface.go:214.19,215.54 1 0
github.com/moedahpos/backend/internal/service/mocks/income_service_interface.go:218.2,220.125 3 0
github.com/moedahpos/backend/internal/service/mocks/income_service_interface.go:220.125,222.3 1 0
github.com/moedahpos/backend/internal/service/mocks/income_service_interface.go:223.2,223.116 1 0
github.com/moedahpos/backend/internal/service/mocks/income_service_interface.go:223.116,225.3 1 0
github.com/moedahpos/backend/internal/service/mocks/income_service_interface.go:225.8,226.24 1 0
github.com/moedahpos/backend/internal/service/mocks/income_service_interface.go:226.24,228.4 1 0
github.com/moedahpos/backend/internal/service/mocks/income_service_interface.go:231.2,231.102 1 0
github.com/moedahpos/backend/internal/service/mocks/income_service_interface.go:231.102,233.3 1 0
github.com/moedahpos/backend/internal/service/mocks/income_service_interface.go:233.8,235.3 1 0
github.com/moedahpos/backend/internal/service/mocks/income_service_interface.go:237.2,237.15 1 0
github.com/moedahpos/backend/internal/service/mocks/income_service_interface.go:245.28,249.19 3 0
github.com/moedahpos/backend/internal/service/mocks/income_service_interface.go:249.19,249.49 1 0
github.com/moedahpos/backend/internal/service/mocks/income_service_interface.go:251.2,251.13 1 0
github.com/moedahpos/backend/internal/service/mocks/menu_item_repo.go:18.102,21.19 2 0
github.com/moedahpos/backend/internal/service/mocks/menu_item_repo.go:21.19,22.48 1 0
github.com/moedahpos/backend/internal/service/mocks/menu_item_repo.go:25.2,27.98 3 0
github.com/moedahpos/backend/internal/service/mocks/menu_item_repo.go:27.98,29.3 1 0
github.com/moedahpos/backend/internal/service/mocks/menu_item_repo.go:30.2,30.89 1 0
github.com/moedahpos/backend/internal/service/mocks/menu_item_repo.go:30.89,32.3 1 0
github.com/moedahpos/backend/internal/service/mocks/menu_item_repo.go:32.8,33.24 1 0
github.com/moedahpos/backend/internal/service/mocks/menu_item_repo.go:33.24,35.4 1 0
github.com/moedahpos/backend/internal/service/mocks/menu_item_repo.go:38.2,38.78 1 0
github.com/moedahpos/backend/internal/service/mocks/menu_item_repo.go:38.78,40.3 1 0
github.com/moedahpos/backend/internal/service/mocks/menu_item_repo.go:40.8,42.3 1 0
github.com/moedahpos/backend/internal/service/mocks/menu_item_repo.go:44.2,44.15 1 0
github.com/moedahpos/backend/internal/service/mocks/menu_item_repo.go:48.105,51.19 2 0
github.com/moedahpos/backend/internal/service/mocks/menu_item_repo.go:51.19,52.56 1 0
github.com/moedahpos/backend/internal/service/mocks/menu_item_repo.go:55.2,57.90 3 0
github.com/moedahpos/backend/internal/service/mocks/menu_item_repo.go:57.90,59.3 1 0
github.com/moedahpos/backend/internal/service/mocks/menu_item_repo.go:60.2,60.81 1 0
github.com/moedahpos/backend/internal/service/mocks/menu_item_repo.go:60.81,62.3 1 0
github.com/moedahpos/backend/internal/service/mocks/menu_item_repo.go:62.8,63.24 1 0
github.com/moedahpos/backend/internal/service/mocks/menu_item_repo.go:63.24,65.4 1 0
github.com/moedahpos/backend/internal/service/mocks/menu_item_repo.go:68.2,68.68 1 0
github.com/moedahpos/backend/internal/service/mocks/menu_item_repo.go:68.68,70.3 1 0
github.com/moedahpos/backend/internal/service/mocks/menu_item_repo.go:70.8,72.3 1 0
github.com/moedahpos/backend/internal/service/mocks/menu_item_repo.go:74.2,74.15 1 0
github.com/moedahpos/backend/internal/service/mocks/menu_item_repo.go:78.92,81.19 2 0
github.com/moedahpos/backend/internal/service/mocks/menu_item_repo.go:81.19,82.50 1 0
github.com/moedahpos/backend/internal/service/mocks/menu_item_repo.go:85.2,87.88 3 0
github.com/moedahpos/backend/internal/service/mocks/menu_item_repo.go:87.88,89.3 1 0
github.com/moedahpos/backend/internal/service/mocks/menu_item_repo.go:90.2,90.79 1 0
github.com/moedahpos/backend/internal/service/mocks/menu_item_repo.go:90.79,92.3 1 0
github.com/moedahpos/backend/internal/service/mocks/menu_item_repo.go:92.8,93.24 1 0
github.com/moedahpos/backend/internal/service/mocks/menu_item_repo.go:93.24,95.4 1 0
github.com/moedahpos/backend/internal/service/mocks/menu_item_repo.go:98.2,98.68 1 0
github.com/moedahpos/backend/internal/service/mocks/menu_item_repo.go:98.68,100.3 1 0
github.com/moedahpos/backend/internal/service/mocks/menu_item_repo.go:100.8,102.3 1 0
github.com/moedahpos/backend/internal/service/mocks/menu_item_repo.go:104.2,104.15 1 0
github.com/moedahpos/backend/internal/service/mocks/menu_item_repo.go:108.124,111.19 2 0
github.com/moedahpos/backend/internal/service/mocks/menu_item_repo.go:111.19,112.60 1 0
github.com/moedahpos/backend/internal/service/mocks/menu_item_repo.go:115.2,116.97 2 0
github.com/moedahpos/backend/internal/service/mocks/menu_item_repo.go:116.97,118.3 1 0
github.com/moedahpos/backend/internal/service/mocks/menu_item_repo.go:118.8,120.3 1 0
github.com/moedahpos/backend/internal/service/mocks/menu_item_repo.go:122.2,122.11 1 0
github.com/moedahpos/backend/internal/service/mocks/menu_item_repo.go:126.74,129.19 2 0
github.com/moedahpos/backend/internal/service/mocks/menu_item_repo.go:129.19,130.52 1 0
github.com/moedahpos/backend/internal/service/mocks/menu_item_repo.go:133.2,134.68 2 0
github.com/moedahpos/backend/internal/service/mocks/menu_item_repo.go:134.68,136.3 1 0
github.com/moedahpos/backend/internal/service/mocks/menu_item_repo.go:136.8,138.3 1 0
github.com/moedahpos/backend/internal/service/mocks/menu_item_repo.go:140.2,140.11 1 0
github.com/moedahpos/backend/internal/service/mocks/menu_item_repo.go:144.102,147.19 2 0
github.com/moedahpos/backend/internal/service/mocks/menu_item_repo.go:147.19,148.48 1 0
github.com/moedahpos/backend/internal/service/mocks/menu_item_repo.go:151.2,153.98 3 0
github.com/moedahpos/backend/internal/service/mocks/menu_item_repo.go:153.98,155.3 1 0
github.com/moedahpos/backend/internal/service/mocks/menu_item_repo.go:156.2,156.89 1 0
github.com/moedahpos/backend/internal/service/mocks/menu_item_repo.go:156.89,158.3 1 0
github.com/moedahpos/backend/internal/service/mocks/menu_item_repo.go:158.8,159.24 1 0
github.com/moedahpos/backend/internal/service/mocks/menu_item_repo.go:159.24,161.4 1 0
github.com/moedahpos/backend/internal/service/mocks/menu_item_repo.go:164.2,164.78 1 0
github.com/moedahpos/backend/internal/service/mocks/menu_item_repo.go:164.78,166.3 1 0
github.com/moedahpos/backend/internal/service/mocks/menu_item_repo.go:166.8,168.3 1 0
github.com/moedahpos/backend/internal/service/mocks/menu_item_repo.go:170.2,170.15 1 0
github.com/moedahpos/backend/internal/service/mocks/menu_item_repo.go:178.18,182.19 3 0
github.com/moedahpos/backend/internal/service/mocks/menu_item_repo.go:182.19,182.49 1 0
github.com/moedahpos/backend/internal/service/mocks/menu_item_repo.go:184.2,184.13 1 0
github.com/moedahpos/backend/internal/service/mocks/price_history_service_interface.go:18.172,21.19 2 0
github.com/moedahpos/backend/internal/service/mocks/price_history_service_interface.go:21.19,22.55 1 0
github.com/moedahpos/backend/internal/service/mocks/price_history_service_interface.go:25.2,28.138 4 0
github.com/moedahpos/backend/internal/service/mocks/price_history_service_interface.go:28.138,30.3 1 0
github.com/moedahpos/backend/internal/service/mocks/price_history_service_interface.go:31.2,31.109 1 0
github.com/moedahpos/backend/internal/service/mocks/price_history_service_interface.go:31.109,33.3 1 0
github.com/moedahpos/backend/internal/service/mocks/price_history_service_interface.go:33.8,34.24 1 0
github.com/moedahpos/backend/internal/service/mocks/price_history_service_interface.go:34.24,36.4 1 0
github.com/moedahpos/backend/internal/service/mocks/price_history_service_interface.go:39.2,39.105 1 0
github.com/moedahpos/backend/internal/service/mocks/price_history_service_interface.go:39.105,41.3 1 0
github.com/moedahpos/backend/internal/service/mocks/price_history_service_interface.go:41.8,43.3 1 0
github.com/moedahpos/backend/internal/service/mocks/price_history_service_interface.go:45.2,45.92 1 0
github.com/moedahpos/backend/internal/service/mocks/price_history_service_interface.go:45.92,47.3 1 0
github.com/moedahpos/backend/internal/service/mocks/price_history_service_interface.go:47.8,49.3 1 0
github.com/moedahpos/backend/internal/service/mocks/price_history_service_interface.go:51.2,51.19 1 0
github.com/moedahpos/backend/internal/service/mocks/price_history_service_interface.go:55.168,58.19 2 0
github.com/moedahpos/backend/internal/service/mocks/price_history_service_interface.go:58.19,59.53 1 0
github.com/moedahpos/backend/internal/service/mocks/price_history_service_interface.go:62.2,65.138 4 0
github.com/moedahpos/backend/internal/service/mocks/price_history_service_interface.go:65.138,67.3 1 0
github.com/moedahpos/backend/internal/service/mocks/price_history_service_interface.go:68.2,68.109 1 0
github.com/moedahpos/backend/internal/service/mocks/price_history_service_interface.go:68.109,70.3 1 0
github.com/moedahpos/backend/internal/service/mocks/price_history_service_interface.go:70.8,71.24 1 0
github.com/moedahpos/backend/internal/service/mocks/price_history_service_interface.go:71.24,73.4 1 0
github.com/moedahpos/backend/internal/service/mocks/price_history_service_interface.go:76.2,76.105 1 0
github.com/moedahpos/backend/internal/service/mocks/price_history_service_interface.go:76.105,78.3 1 0
github.com/moedahpos/backend/internal/service/mocks/price_history_service_interface.go:78.8,80.3 1 0
github.com/moedahpos/backend/internal/service/mocks/price_history_service_interface.go:82.2,82.92 1 0
github.com/moedahpos/backend/internal/service/mocks/price_history_service_interface.go:82.92,84.3 1 0
github.com/moedahpos/backend/internal/service/mocks/price_history_service_interface.go:84.8,86.3 1 0
github.com/moedahpos/backend/internal/service/mocks/price_history_service_interface.go:88.2,88.19 1 0
github.com/moedahpos/backend/internal/service/mocks/price_history_service_interface.go:92.246,95.19 2 0
github.com/moedahpos/backend/internal/service/mocks/price_history_service_interface.go:95.19,96.54 1 0
github.com/moedahpos/backend/internal/service/mocks/price_history_service_interface.go:99.2,100.146 2 0
github.com/moedahpos/backend/internal/service/mocks/price_history_service_interface.go:100.146,102.3 1 0
github.com/moedahpos/backend/internal/service/mocks/price_history_service_interface.go:102.8,104.3 1 0
github.com/moedahpos/backend/internal/service/mocks/price_history_service_interface.go:106.2,106.11 1 0
github.com/moedahpos/backend/internal/service/mocks/price_history_service_interface.go:114.34,118.19 3 0
github.com/moedahpos/backend/internal/service/mocks/price_history_service_interface.go:118.19,118.49 1 0
github.com/moedahpos/backend/internal/service/mocks/price_history_service_interface.go:120.2,120.13 1 0
github.com/moedahpos/backend/internal/service/mocks/product_service_interface.go:18.151,21.19 2 0
github.com/moedahpos/backend/internal/service/mocks/product_service_interface.go:21.19,22.56 1 0
github.com/moedahpos/backend/internal/service/mocks/product_service_interface.go:25.2,27.121 3 0
github.com/moedahpos/backend/internal/service/mocks/product_service_interface.go:27.121,29.3 1 0
github.com/moedahpos/backend/internal/service/mocks/product_service_interface.go:30.2,30.112 1 0
github.com/moedahpos/backend/internal/service/mocks/product_service_interface.go:30.112,32.3 1 0
github.com/moedahpos/backend/internal/service/mocks/product_service_interface.go:32.8,33.24 1 0
github.com/moedahpos/backend/internal/service/mocks/product_service_interface.go:33.24,35.4 1 0
github.com/moedahpos/backend/internal/service/mocks/product_service_interface.go:38.2,38.96 1 0
github.com/moedahpos/backend/internal/service/mocks/product_service_interface.go:38.96,40.3 1 0
github.com/moedahpos/backend/internal/service/mocks/product_service_interface.go:40.8,42.3 1 0
github.com/moedahpos/backend/internal/service/mocks/product_service_interface.go:44.2,44.15 1 0
github.com/moedahpos/backend/internal/service/mocks/product_service_interface.go:48.168,51.19 2 0
github.com/moedahpos/backend/internal/service/mocks/product_service_interface.go:51.19,52.55 1 0
github.com/moedahpos/backend/internal/service/mocks/product_service_interface.go:55.2,57.127 3 0
github.com/moedahpos/backend/internal/service/mocks/product_service_interface.go:57.127,59.3 1 0
github.com/moedahpos/backend/internal/service/mocks/product_service_interface.go:60.2,60.118 1 0
github.com/moedahpos/backend/internal/service/mocks/product_service_interface.go:60.118,62.3 1 0
github.com/moedahpos/backend/internal/service/mocks/product_service_interface.go:62.8,63.24 1 0
github.com/moedahpos/backend/internal/service/mocks/product_service_interface.go:63.24,65.4 1 0
github.com/moedahpos/backend/internal/service/mocks/product_service_interface.go:68.2,68.103 1 0
github.com/moedahpos/backend/internal/service/mocks/product_service_interface.go:68.103,70.3 1 0
github.com/moedahpos/backend/internal/service/mocks/product_service_interface.go:70.8,72.3 1 0
github.com/moedahpos/backend/internal/service/mocks/product_service_interface.go:74.2,74.15 1 0
github.com/moedahpos/backend/internal/service/mocks/product_service_interface.go:78.89,81.19 2 0
github.com/moedahpos/backend/internal/service/mocks/product_service_interface.go:81.19,82.56 1 0
github.com/moedahpos/backend/internal/service/mocks/product_service_interface.go:85.2,86.68 2 0
github.com/moedahpos/backend/internal/service/mocks/product_service_interface.go:86.68,88.3 1 0
github.com/moedahpos/backend/internal/service/mocks/product_service_interface.go:88.8,90.3 1 0
github.com/moedahpos/backend/internal/service/mocks/product_service_interface.go:92.2,92.11 1 0
github.com/moedahpos/backend/internal/service/mocks/product_service_interface.go:96.88,99.19 2 0
github.com/moedahpos/backend/internal/service/mocks/product_service_interface.go:99.19,100.55 1 0
github.com/moedahpos/backend/internal/service/mocks/product_service_interface.go:103.2,104.68 2 0
github.com/moedahpos/backend/internal/service/mocks/product_service_interface.go:104.68,106.3 1 0
github.com/moedahpos/backend/internal/service/mocks/product_service_interface.go:106.8,108.3 1 0
github.com/moedahpos/backend/internal/service/mocks/product_service_interface.go:110.2,110.11 1 0
github.com/moedahpos/backend/internal/service/mocks/product_service_interface.go:114.109,117.19 2 0
github.com/moedahpos/backend/internal/service/mocks/product_service_interface.go:117.19,118.52 1 0
github.com/moedahpos/backend/internal/service/mocks/product_service_interface.go:121.2,123.92 3 0
github.com/moedahpos/backend/internal/service/mocks/product_service_interface.go:123.92,125.3 1 0
github.com/moedahpos/backend/internal/service/mocks/product_service_interface.go:126.2,126.83 1 0
github.com/moedahpos/backend/internal/service/mocks/product_service_interface.go:126.83,128.3 1 0
github.com/moedahpos/backend/internal/service/mocks/product_service_interface.go:128.8,129.24 1 0
github.com/moedahpos/backend/internal/service/mocks/product_service_interface.go:129.24,131.4 1 0
github.com/moedahpos/backend/internal/service/mocks/product_service_interface.go:134.2,134.68 1 0
github.com/moedahpos/backend/internal/service/mocks/product_service_interface.go:134.68,136.3 1 0
github.com/moedahpos/backend/internal/service/mocks/product_service_interface.go:136.8,138.3 1 0
github.com/moedahpos/backend/internal/service/mocks/product_service_interface.go:140.2,140.15 1 0
github.com/moedahpos/backend/internal/service/mocks/product_service_interface.go:144.139,147.19 2 0
github.com/moedahpos/backend/internal/service/mocks/product_service_interface.go:147.19,148.61 1 0
github.com/moedahpos/backend/internal/service/mocks/product_service_interface.go:151.2,153.100 3 0
github.com/moedahpos/backend/internal/service/mocks/product_service_interface.go:153.100,155.3 1 0
github.com/moedahpos/backend/internal/service/mocks/product_service_interface.go:156.2,156.91 1 0
github.com/moedahpos/backend/internal/service/mocks/product_service_interface.go:156.91,158.3 1 0
github.com/moedahpos/backend/internal/service/mocks/product_service_interface.go:158.8,159.24 1 0
github.com/moedahpos/backend/internal/service/mocks/product_service_interface.go:159.24,161.4 1 0
github.com/moedahpos/backend/internal/service/mocks/product_service_interface.go:164.2,164.76 1 0
github.com/moedahpos/backend/internal/service/mocks/product_service_interface.go:164.76,166.3 1 0
github.com/moedahpos/backend/internal/service/mocks/product_service_interface.go:166.8,168.3 1 0
github.com/moedahpos/backend/internal/service/mocks/product_service_interface.go:170.2,170.15 1 0
github.com/moedahpos/backend/internal/service/mocks/product_service_interface.go:174.121,177.19 2 0
github.com/moedahpos/backend/internal/service/mocks/product_service_interface.go:177.19,178.56 1 0
github.com/moedahpos/backend/internal/service/mocks/product_service_interface.go:181.2,183.95 3 0
github.com/moedahpos/backend/internal/service/mocks/product_service_interface.go:183.95,185.3 1 0
github.com/moedahpos/backend/internal/service/mocks/product_service_interface.go:186.2,186.86 1 0
github.com/moedahpos/backend/internal/service/mocks/product_service_interface.go:186.86,188.3 1 0
github.com/moedahpos/backend/internal/service/mocks/product_service_interface.go:188.8,189.24 1 0
github.com/moedahpos/backend/internal/service/mocks/product_service_interface.go:189.24,191.4 1 0
github.com/moedahpos/backend/internal/service/mocks/product_service_interface.go:194.2,194.68 1 0
github.com/moedahpos/backend/internal/service/mocks/product_service_interface.go:194.68,196.3 1 0
github.com/moedahpos/backend/internal/service/mocks/product_service_interface.go:196.8,198.3 1 0
github.com/moedahpos/backend/internal/service/mocks/product_service_interface.go:200.2,200.15 1 0
github.com/moedahpos/backend/internal/service/mocks/product_service_interface.go:204.152,207.19 2 0
github.com/moedahpos/backend/internal/service/mocks/product_service_interface.go:207.19,208.54 1 0
github.com/moedahpos/backend/internal/service/mocks/product_service_interface.go:211.2,214.129 4 0
github.com/moedahpos/backend/internal/service/mocks/product_service_interface.go:214.129,216.3 1 0
github.com/moedahpos/backend/internal/service/mocks/product_service_interface.go:217.2,217.100 1 0
github.com/moedahpos/backend/internal/service/mocks/product_service_interface.go:217.100,219.3 1 0
github.com/moedahpos/backend/internal/service/mocks/product_service_interface.go:219.8,220.24 1 0
github.com/moedahpos/backend/internal/service/mocks/product_service_interface.go:220.24,222.4 1 0
github.com/moedahpos/backend/internal/service/mocks/product_service_interface.go:225.2,225.96 1 0
github.com/moedahpos/backend/internal/service/mocks/product_service_interface.go:225.96,227.3 1 0
github.com/moedahpos/backend/internal/service/mocks/product_service_interface.go:227.8,229.3 1 0
github.com/moedahpos/backend/internal/service/mocks/product_service_interface.go:231.2,231.83 1 0
github.com/moedahpos/backend/internal/service/mocks/product_service_interface.go:231.83,233.3 1 0
github.com/moedahpos/backend/internal/service/mocks/product_service_interface.go:233.8,235.3 1 0
github.com/moedahpos/backend/internal/service/mocks/product_service_interface.go:237.2,237.19 1 0
github.com/moedahpos/backend/internal/service/mocks/product_service_interface.go:241.146,244.19 2 0
github.com/moedahpos/backend/internal/service/mocks/product_service_interface.go:244.19,245.56 1 0
github.com/moedahpos/backend/internal/service/mocks/product_service_interface.go:248.2,250.121 3 0
github.com/moedahpos/backend/internal/service/mocks/product_service_interface.go:250.121,252.3 1 0
github.com/moedahpos/backend/internal/service/mocks/product_service_interface.go:253.2,253.112 1 0
github.com/moedahpos/backend/internal/service/mocks/product_service_interface.go:253.112,255.3 1 0
github.com/moedahpos/backend/internal/service/mocks/product_service_interface.go:255.8,256.24 1 0
github.com/moedahpos/backend/internal/service/mocks/product_service_interface.go:256.24,258.4 1 0
github.com/moedahpos/backend/internal/service/mocks/product_service_interface.go:261.2,261.96 1 0
github.com/moedahpos/backend/internal/service/mocks/product_service_interface.go:261.96,263.3 1 0
github.com/moedahpos/backend/internal/service/mocks/product_service_interface.go:263.8,265.3 1 0
github.com/moedahpos/backend/internal/service/mocks/product_service_interface.go:267.2,267.15 1 0
github.com/moedahpos/backend/internal/service/mocks/product_service_interface.go:271.161,274.19 2 0
github.com/moedahpos/backend/internal/service/mocks/product_service_interface.go:274.19,275.55 1 0
github.com/moedahpos/backend/internal/service/mocks/product_service_interface.go:278.2,280.127 3 0
github.com/moedahpos/backend/internal/service/mocks/product_service_interface.go:280.127,282.3 1 0
github.com/moedahpos/backend/internal/service/mocks/product_service_interface.go:283.2,283.118 1 0
github.com/moedahpos/backend/internal/service/mocks/product_service_interface.go:283.118,285.3 1 0
github.com/moedahpos/backend/internal/service/mocks/product_service_interface.go:285.8,286.24 1 0
github.com/moedahpos/backend/internal/service/mocks/product_service_interface.go:286.24,288.4 1 0
github.com/moedahpos/backend/internal/service/mocks/product_service_interface.go:291.2,291.103 1 0
github.com/moedahpos/backend/internal/service/mocks/product_service_interface.go:291.103,293.3 1 0
github.com/moedahpos/backend/internal/service/mocks/product_service_interface.go:293.8,295.3 1 0
github.com/moedahpos/backend/internal/service/mocks/product_service_interface.go:297.2,297.15 1 0
github.com/moedahpos/backend/internal/service/mocks/product_service_interface.go:305.29,309.19 3 0
github.com/moedahpos/backend/internal/service/mocks/product_service_interface.go:309.19,309.49 1 0
github.com/moedahpos/backend/internal/service/mocks/product_service_interface.go:311.2,311.13 1 0
github.com/moedahpos/backend/internal/service/mocks/report_service_interface.go:18.121,21.19 2 0
github.com/moedahpos/backend/internal/service/mocks/report_service_interface.go:21.19,22.50 1 0
github.com/moedahpos/backend/internal/service/mocks/report_service_interface.go:25.2,27.103 3 0
github.com/moedahpos/backend/internal/service/mocks/report_service_interface.go:27.103,29.3 1 0
github.com/moedahpos/backend/internal/service/mocks/report_service_interface.go:30.2,30.94 1 0
github.com/moedahpos/backend/internal/service/mocks/report_service_interface.go:30.94,32.3 1 0
github.com/moedahpos/backend/internal/service/mocks/report_service_interface.go:32.8,33.24 1 0
github.com/moedahpos/backend/internal/service/mocks/report_service_interface.go:33.24,35.4 1 0
github.com/moedahpos/backend/internal/service/mocks/report_service_interface.go:38.2,38.78 1 0
github.com/moedahpos/backend/internal/service/mocks/report_service_interface.go:38.78,40.3 1 0
github.com/moedahpos/backend/internal/service/mocks/report_service_interface.go:40.8,42.3 1 0
github.com/moedahpos/backend/internal/service/mocks/report_service_interface.go:44.2,44.15 1 0
github.com/moedahpos/backend/internal/service/mocks/report_service_interface.go:48.138,51.19 2 0
github.com/moedahpos/backend/internal/service/mocks/report_service_interface.go:51.19,52.56 1 0
github.com/moedahpos/backend/internal/service/mocks/report_service_interface.go:55.2,57.105 3 0
github.com/moedahpos/backend/internal/service/mocks/report_service_interface.go:57.105,59.3 1 0
github.com/moedahpos/backend/internal/service/mocks/report_service_interface.go:60.2,60.96 1 0
github.com/moedahpos/backend/internal/service/mocks/report_service_interface.go:60.96,62.3 1 0
github.com/moedahpos/backend/internal/service/mocks/report_service_interface.go:62.8,63.24 1 0
github.com/moedahpos/backend/internal/service/mocks/report_service_interface.go:63.24,65.4 1 0
github.com/moedahpos/backend/internal/service/mocks/report_service_interface.go:68.2,68.76 1 0
github.com/moedahpos/backend/internal/service/mocks/report_service_interface.go:68.76,70.3 1 0
github.com/moedahpos/backend/internal/service/mocks/report_service_interface.go:70.8,72.3 1 0
github.com/moedahpos/backend/internal/service/mocks/report_service_interface.go:74.2,74.15 1 0
github.com/moedahpos/backend/internal/service/mocks/report_service_interface.go:78.147,81.19 2 0
github.com/moedahpos/backend/internal/service/mocks/report_service_interface.go:81.19,82.55 1 0
github.com/moedahpos/backend/internal/service/mocks/report_service_interface.go:85.2,87.116 3 0
github.com/moedahpos/backend/internal/service/mocks/report_service_interface.go:87.116,89.3 1 0
github.com/moedahpos/backend/internal/service/mocks/report_service_interface.go:90.2,90.107 1 0
github.com/moedahpos/backend/internal/service/mocks/report_service_interface.go:90.107,92.3 1 0
github.com/moedahpos/backend/internal/service/mocks/report_service_interface.go:92.8,93.24 1 0
github.com/moedahpos/backend/internal/service/mocks/report_service_interface.go:93.24,95.4 1 0
github.com/moedahpos/backend/internal/service/mocks/report_service_interface.go:98.2,98.86 1 0
github.com/moedahpos/backend/internal/service/mocks/report_service_interface.go:98.86,100.3 1 0
github.com/moedahpos/backend/internal/service/mocks/report_service_interface.go:100.8,102.3 1 0
github.com/moedahpos/backend/internal/service/mocks/report_service_interface.go:104.2,104.15 1 0
github.com/moedahpos/backend/internal/service/mocks/report_service_interface.go:108.129,111.19 2 0
github.com/moedahpos/backend/internal/service/mocks/report_service_interface.go:111.19,112.56 1 0
github.com/moedahpos/backend/internal/service/mocks/report_service_interface.go:115.2,117.105 3 0
github.com/moedahpos/backend/internal/service/mocks/report_service_interface.go:117.105,119.3 1 0
github.com/moedahpos/backend/internal/service/mocks/report_service_interface.go:120.2,120.96 1 0
github.com/moedahpos/backend/internal/service/mocks/report_service_interface.go:120.96,122.3 1 0
github.com/moedahpos/backend/internal/service/mocks/report_service_interface.go:122.8,123.24 1 0
github.com/moedahpos/backend/internal/service/mocks/report_service_interface.go:123.24,125.4 1 0
github.com/moedahpos/backend/internal/service/mocks/report_service_interface.go:128.2,128.78 1 0
github.com/moedahpos/backend/internal/service/mocks/report_service_interface.go:128.78,130.3 1 0
github.com/moedahpos/backend/internal/service/mocks/report_service_interface.go:130.8,132.3 1 0
github.com/moedahpos/backend/internal/service/mocks/report_service_interface.go:134.2,134.15 1 0
github.com/moedahpos/backend/internal/service/mocks/report_service_interface.go:138.129,141.19 2 0
github.com/moedahpos/backend/internal/service/mocks/report_service_interface.go:141.19,142.56 1 0
github.com/moedahpos/backend/internal/service/mocks/report_service_interface.go:145.2,147.105 3 0
github.com/moedahpos/backend/internal/service/mocks/report_service_interface.go:147.105,149.3 1 0
github.com/moedahpos/backend/internal/service/mocks/report_service_interface.go:150.2,150.96 1 0
github.com/moedahpos/backend/internal/service/mocks/report_service_interface.go:150.96,152.3 1 0
github.com/moedahpos/backend/internal/service/mocks/report_service_interface.go:152.8,153.24 1 0
github.com/moedahpos/backend/internal/service/mocks/report_service_interface.go:153.24,155.4 1 0
github.com/moedahpos/backend/internal/service/mocks/report_service_interface.go:158.2,158.78 1 0
github.com/moedahpos/backend/internal/service/mocks/report_service_interface.go:158.78,160.3 1 0
github.com/moedahpos/backend/internal/service/mocks/report_service_interface.go:160.8,162.3 1 0
github.com/moedahpos/backend/internal/service/mocks/report_service_interface.go:164.2,164.15 1 0
github.com/moedahpos/backend/internal/service/mocks/report_service_interface.go:168.129,171.19 2 0
github.com/moedahpos/backend/internal/service/mocks/report_service_interface.go:171.19,172.54 1 0
github.com/moedahpos/backend/internal/service/mocks/report_service_interface.go:175.2,177.107 3 0
github.com/moedahpos/backend/internal/service/mocks/report_service_interface.go:177.107,179.3 1 0
github.com/moedahpos/backend/internal/service/mocks/report_service_interface.go:180.2,180.98 1 0
github.com/moedahpos/backend/internal/service/mocks/report_service_interface.go:180.98,182.3 1 0
github.com/moedahpos/backend/internal/service/mocks/report_service_interface.go:182.8,183.24 1 0
github.com/moedahpos/backend/internal/service/mocks/report_service_interface.go:183.24,185.4 1 0
github.com/moedahpos/backend/internal/service/mocks/report_service_interface.go:188.2,188.78 1 0
github.com/moedahpos/backend/internal/service/mocks/report_service_interface.go:188.78,190.3 1 0
github.com/moedahpos/backend/internal/service/mocks/report_service_interface.go:190.8,192.3 1 0
github.com/moedahpos/backend/internal/service/mocks/report_service_interface.go:194.2,194.15 1 0
github.com/moedahpos/backend/internal/service/mocks/report_service_interface.go:198.124,201.19 2 0
github.com/moedahpos/backend/internal/service/mocks/report_service_interface.go:201.19,202.56 1 0
github.com/moedahpos/backend/internal/service/mocks/report_service_interface.go:205.2,207.99 3 0
github.com/moedahpos/backend/internal/service/mocks/report_service_interface.go:207.99,209.3 1 0
github.com/moedahpos/backend/internal/service/mocks/report_service_interface.go:210.2,210.90 1 0
github.com/moedahpos/backend/internal/service/mocks/report_service_interface.go:210.90,212.3 1 0
github.com/moedahpos/backend/internal/service/mocks/report_service_interface.go:212.8,213.24 1 0
github.com/moedahpos/backend/internal/service/mocks/report_service_interface.go:213.24,215.4 1 0
github.com/moedahpos/backend/internal/service/mocks/report_service_interface.go:218.2,218.68 1 0
github.com/moedahpos/backend/internal/service/mocks/report_service_interface.go:218.68,220.3 1 0
github.com/moedahpos/backend/internal/service/mocks/report_service_interface.go:220.8,222.3 1 0
github.com/moedahpos/backend/internal/service/mocks/report_service_interface.go:224.2,224.15 1 0
github.com/moedahpos/backend/internal/service/mocks/report_service_interface.go:232.28,236.19 3 0
github.com/moedahpos/backend/internal/service/mocks/report_service_interface.go:236.19,236.49 1 0
github.com/moedahpos/backend/internal/service/mocks/report_service_interface.go:238.2,238.13 1 0
github.com/moedahpos/backend/internal/service/mocks/stock_adjustment_service_interface.go:18.155,21.19 2 0
github.com/moedahpos/backend/internal/service/mocks/stock_adjustment_service_interface.go:21.19,22.58 1 0
github.com/moedahpos/backend/internal/service/mocks/stock_adjustment_service_interface.go:25.2,26.106 2 0
github.com/moedahpos/backend/internal/service/mocks/stock_adjustment_service_interface.go:26.106,28.3 1 0
github.com/moedahpos/backend/internal/service/mocks/stock_adjustment_service_interface.go:28.8,30.3 1 0
github.com/moedahpos/backend/internal/service/mocks/stock_adjustment_service_interface.go:32.2,32.11 1 0
github.com/moedahpos/backend/internal/service/mocks/stock_adjustment_service_interface.go:36.156,39.19 2 0
github.com/moedahpos/backend/internal/service/mocks/stock_adjustment_service_interface.go:39.19,40.62 1 0
github.com/moedahpos/backend/internal/service/mocks/stock_adjustment_service_interface.go:43.2,45.106 3 0
github.com/moedahpos/backend/internal/service/mocks/stock_adjustment_service_interface.go:45.106,47.3 1 0
github.com/moedahpos/backend/internal/service/mocks/stock_adjustment_service_interface.go:48.2,48.97 1 0
github.com/moedahpos/backend/internal/service/mocks/stock_adjustment_service_interface.go:48.97,50.3 1 0
github.com/moedahpos/backend/internal/service/mocks/stock_adjustment_service_interface.go:50.8,51.24 1 0
github.com/moedahpos/backend/internal/service/mocks/stock_adjustment_service_interface.go:51.24,53.4 1 0
github.com/moedahpos/backend/internal/service/mocks/stock_adjustment_service_interface.go:56.2,56.77 1 0
github.com/moedahpos/backend/internal/service/mocks/stock_adjustment_service_interface.go:56.77,58.3 1 0
github.com/moedahpos/backend/internal/service/mocks/stock_adjustment_service_interface.go:58.8,60.3 1 0
github.com/moedahpos/backend/internal/service/mocks/stock_adjustment_service_interface.go:62.2,62.15 1 0
github.com/moedahpos/backend/internal/service/mocks/stock_adjustment_service_interface.go:70.37,74.19 3 0
github.com/moedahpos/backend/internal/service/mocks/stock_adjustment_service_interface.go:74.19,74.49 1 0
github.com/moedahpos/backend/internal/service/mocks/stock_adjustment_service_interface.go:76.2,76.13 1 0
github.com/moedahpos/backend/internal/service/mocks/stock_service_interface.go:18.160,21.19 2 0
github.com/moedahpos/backend/internal/service/mocks/stock_service_interface.go:21.19,22.53 1 0
github.com/moedahpos/backend/internal/service/mocks/stock_service_interface.go:25.2,27.128 3 0
github.com/moedahpos/backend/internal/service/mocks/stock_service_interface.go:27.128,29.3 1 0
github.com/moedahpos/backend/internal/service/mocks/stock_service_interface.go:30.2,30.119 1 0
github.com/moedahpos/backend/internal/service/mocks/stock_service_interface.go:30.119,32.3 1 0
github.com/moedahpos/backend/internal/service/mocks/stock_service_interface.go:32.8,33.24 1 0
github.com/moedahpos/backend/internal/service/mocks/stock_service_interface.go:33.24,35.4 1 0
github.com/moedahpos/backend/internal/service/mocks/stock_service_interface.go:38.2,38.101 1 0
github.com/moedahpos/backend/internal/service/mocks/stock_service_interface.go:38.101,40.3 1 0
github.com/moedahpos/backend/internal/service/mocks/stock_service_interface.go:40.8,42.3 1 0
github.com/moedahpos/backend/internal/service/mocks/stock_service_interface.go:44.2,44.15 1 0
github.com/moedahpos/backend/internal/service/mocks/stock_service_interface.go:48.158,51.19 2 0
github.com/moedahpos/backend/internal/service/mocks/stock_service_interface.go:51.19,52.54 1 0
github.com/moedahpos/backend/internal/service/mocks/stock_service_interface.go:55.2,58.137 4 0
github.com/moedahpos/backend/internal/service/mocks/stock_service_interface.go:58.137,60.3 1 0
github.com/moedahpos/backend/internal/service/mocks/stock_service_interface.go:61.2,61.108 1 0
github.com/moedahpos/backend/internal/service/mocks/stock_service_interface.go:61.108,63.3 1 0
github.com/moedahpos/backend/internal/service/mocks/stock_service_interface.go:63.8,64.24 1 0
github.com/moedahpos/backend/internal/service/mocks/stock_service_interface.go:64.24,66.4 1 0
github.com/moedahpos/backend/internal/service/mocks/stock_service_interface.go:69.2,69.98 1 0
github.com/moedahpos/backend/internal/service/mocks/stock_service_interface.go:69.98,71.3 1 0
github.com/moedahpos/backend/internal/service/mocks/stock_service_interface.go:71.8,73.3 1 0
github.com/moedahpos/backend/internal/service/mocks/stock_service_interface.go:75.2,75.85 1 0
github.com/moedahpos/backend/internal/service/mocks/stock_service_interface.go:75.85,77.3 1 0
github.com/moedahpos/backend/internal/service/mocks/stock_service_interface.go:77.8,79.3 1 0
github.com/moedahpos/backend/internal/service/mocks/stock_service_interface.go:81.2,81.19 1 0
github.com/moedahpos/backend/internal/service/mocks/stock_service_interface.go:85.138,88.19 2 0
github.com/moedahpos/backend/internal/service/mocks/stock_service_interface.go:88.19,89.57 1 0
github.com/moedahpos/backend/internal/service/mocks/stock_service_interface.go:92.2,94.103 3 0
github.com/moedahpos/backend/internal/service/mocks/stock_service_interface.go:94.103,96.3 1 0
github.com/moedahpos/backend/internal/service/mocks/stock_service_interface.go:97.2,97.94 1 0
github.com/moedahpos/backend/internal/service/mocks/stock_service_interface.go:97.94,99.3 1 0
github.com/moedahpos/backend/internal/service/mocks/stock_service_interface.go:99.8,100.24 1 0
github.com/moedahpos/backend/internal/service/mocks/stock_service_interface.go:100.24,102.4 1 0
github.com/moedahpos/backend/internal/service/mocks/stock_service_interface.go:105.2,105.76 1 0
github.com/moedahpos/backend/internal/service/mocks/stock_service_interface.go:105.76,107.3 1 0
github.com/moedahpos/backend/internal/service/mocks/stock_service_interface.go:107.8,109.3 1 0
github.com/moedahpos/backend/internal/service/mocks/stock_service_interface.go:111.2,111.15 1 0
github.com/moedahpos/backend/internal/service/mocks/stock_service_interface.go:115.140,118.19 2 0
github.com/moedahpos/backend/internal/service/mocks/stock_service_interface.go:118.19,119.56 1 0
github.com/moedahpos/backend/internal/service/mocks/stock_service_interface.go:122.2,124.103 3 0
github.com/moedahpos/backend/internal/service/mocks/stock_service_interface.go:124.103,126.3 1 0
github.com/moedahpos/backend/internal/service/mocks/stock_service_interface.go:127.2,127.94 1 0
github.com/moedahpos/backend/internal/service/mocks/stock_service_interface.go:127.94,129.3 1 0
github.com/moedahpos/backend/internal/service/mocks/stock_service_interface.go:129.8,130.24 1 0
github.com/moedahpos/backend/internal/service/mocks/stock_service_interface.go:130.24,132.4 1 0
github.com/moedahpos/backend/internal/service/mocks/stock_service_interface.go:135.2,135.74 1 0
github.com/moedahpos/backend/internal/service/mocks/stock_service_interface.go:135.74,137.3 1 0
github.com/moedahpos/backend/internal/service/mocks/stock_service_interface.go:137.8,139.3 1 0
github.com/moedahpos/backend/internal/service/mocks/stock_service_interface.go:141.2,141.15 1 0
github.com/moedahpos/backend/internal/service/mocks/stock_service_interface.go:145.118,148.19 2 0
github.com/moedahpos/backend/internal/service/mocks/stock_service_interface.go:148.19,149.53 1 0
github.com/moedahpos/backend/internal/service/mocks/stock_service_interface.go:152.2,153.93 2 0
github.com/moedahpos/backend/internal/service/mocks/stock_service_interface.go:153.93,155.3 1 0
github.com/moedahpos/backend/internal/service/mocks/stock_service_interface.go:155.8,157.3 1 0
github.com/moedahpos/backend/internal/service/mocks/stock_service_interface.go:159.2,159.11 1 0
github.com/moedahpos/backend/internal/service/mocks/stock_service_interface.go:167.27,171.19 3 0
github.com/moedahpos/backend/internal/service/mocks/stock_service_interface.go:171.19,171.49 1 0
github.com/moedahpos/backend/internal/service/mocks/stock_service_interface.go:173.2,173.13 1 0
github.com/moedahpos/backend/internal/service/mocks/supplier_service_interface.go:18.136,21.19 2 0
github.com/moedahpos/backend/internal/service/mocks/supplier_service_interface.go:21.19,22.56 1 0
github.com/moedahpos/backend/internal/service/mocks/supplier_service_interface.go:25.2,27.113 3 0
github.com/moedahpos/backend/internal/service/mocks/supplier_service_interface.go:27.113,29.3 1 0
github.com/moedahpos/backend/internal/service/mocks/supplier_service_interface.go:30.2,30.104 1 0
github.com/moedahpos/backend/internal/service/mocks/supplier_service_interface.go:30.104,32.3 1 0
github.com/moedahpos/backend/internal/service/mocks/supplier_service_interface.go:32.8,33.24 1 0
github.com/moedahpos/backend/internal/service/mocks/supplier_service_interface.go:33.24,35.4 1 0
github.com/moedahpos/backend/internal/service/mocks/supplier_service_interface.go:38.2,38.88 1 0
github.com/moedahpos/backend/internal/service/mocks/supplier_service_interface.go:38.88,40.3 1 0
github.com/moedahpos/backend/internal/service/mocks/supplier_service_interface.go:40.8,42.3 1 0
github.com/moedahpos/backend/internal/service/mocks/supplier_service_interface.go:44.2,44.15 1 0
github.com/moedahpos/backend/internal/service/mocks/supplier_service_interface.go:48.90,51.19 2 0
github.com/moedahpos/backend/internal/service/mocks/supplier_service_interface.go:51.19,52.56 1 0
github.com/moedahpos/backend/internal/service/mocks/supplier_service_interface.go:55.2,56.68 2 0
github.com/moedahpos/backend/internal/service/mocks/supplier_service_interface.go:56.68,58.3 1 0
github.com/moedahpos/backend/internal/service/mocks/supplier_service_interface.go:58.8,60.3 1 0
github.com/moedahpos/backend/internal/service/mocks/supplier_service_interface.go:62.2,62.11 1 0
github.com/moedahpos/backend/internal/service/mocks/supplier_service_interface.go:66.112,69.19 2 0
github.com/moedahpos/backend/internal/service/mocks/supplier_service_interface.go:69.19,70.53 1 0
github.com/moedahpos/backend/internal/service/mocks/supplier_service_interface.go:73.2,75.93 3 0
github.com/moedahpos/backend/internal/service/mocks/supplier_service_interface.go:75.93,77.3 1 0
github.com/moedahpos/backend/internal/service/mocks/supplier_service_interface.go:78.2,78.84 1 0
github.com/moedahpos/backend/internal/service/mocks/supplier_service_interface.go:78.84,80.3 1 0
github.com/moedahpos/backend/internal/service/mocks/supplier_service_interface.go:80.8,81.24 1 0
github.com/moedahpos/backend/internal/service/mocks/supplier_service_interface.go:81.24,83.4 1 0
github.com/moedahpos/backend/internal/service/mocks/supplier_service_interface.go:86.2,86.68 1 0
github.com/moedahpos/backend/internal/service/mocks/supplier_service_interface.go:86.68,88.3 1 0
github.com/moedahpos/backend/internal/service/mocks/supplier_service_interface.go:88.8,90.3 1 0
github.com/moedahpos/backend/internal/service/mocks/supplier_service_interface.go:92.2,92.15 1 0
github.com/moedahpos/backend/internal/service/mocks/supplier_service_interface.go:96.156,99.19 2 0
github.com/moedahpos/backend/internal/service/mocks/supplier_service_interface.go:99.19,100.55 1 0
github.com/moedahpos/backend/internal/service/mocks/supplier_service_interface.go:103.2,106.131 4 0
github.com/moedahpos/backend/internal/service/mocks/supplier_service_interface.go:106.131,108.3 1 0
github.com/moedahpos/backend/internal/service/mocks/supplier_service_interface.go:109.2,109.102 1 0
github.com/moedahpos/backend/internal/service/mocks/supplier_service_interface.go:109.102,111.3 1 0
github.com/moedahpos/backend/internal/service/mocks/supplier_service_interface.go:111.8,112.24 1 0
github.com/moedahpos/backend/internal/service/mocks/supplier_service_interface.go:112.24,114.4 1 0
github.com/moedahpos/backend/internal/service/mocks/supplier_service_interface.go:117.2,117.97 1 0
github.com/moedahpos/backend/internal/service/mocks/supplier_service_interface.go:117.97,119.3 1 0
github.com/moedahpos/backend/internal/service/mocks/supplier_service_interface.go:119.8,121.3 1 0
github.com/moedahpos/backend/internal/service/mocks/supplier_service_interface.go:123.2,123.84 1 0
github.com/moedahpos/backend/internal/service/mocks/supplier_service_interface.go:123.84,125.3 1 0
github.com/moedahpos/backend/internal/service/mocks/supplier_service_interface.go:125.8,127.3 1 0
github.com/moedahpos/backend/internal/service/mocks/supplier_service_interface.go:129.2,129.19 1 0
github.com/moedahpos/backend/internal/service/mocks/supplier_service_interface.go:133.147,136.19 2 0
github.com/moedahpos/backend/internal/service/mocks/supplier_service_interface.go:136.19,137.56 1 0
github.com/moedahpos/backend/internal/service/mocks/supplier_service_interface.go:140.2,142.121 3 0
github.com/moedahpos/backend/internal/service/mocks/supplier_service_interface.go:142.121,144.3 1 0
github.com/moedahpos/backend/internal/service/mocks/supplier_service_interface.go:145.2,145.112 1 0
github.com/moedahpos/backend/internal/service/mocks/supplier_service_interface.go:145.112,147.3 1 0
github.com/moedahpos/backend/internal/service/mocks/supplier_service_interface.go:147.8,148.24 1 0
github.com/moedahpos/backend/internal/service/mocks/supplier_service_interface.go:148.24,150.4 1 0
github.com/moedahpos/backend/internal/service/mocks/supplier_service_interface.go:153.2,153.96 1 0
github.com/moedahpos/backend/internal/service/mocks/supplier_service_interface.go:153.96,155.3 1 0
github.com/moedahpos/backend/internal/service/mocks/supplier_service_interface.go:155.8,157.3 1 0
github.com/moedahpos/backend/internal/service/mocks/supplier_service_interface.go:159.2,159.15 1 0
github.com/moedahpos/backend/internal/service/mocks/supplier_service_interface.go:167.30,171.19 3 0
github.com/moedahpos/backend/internal/service/mocks/supplier_service_interface.go:171.19,171.49 1 0
github.com/moedahpos/backend/internal/service/mocks/supplier_service_interface.go:173.2,173.13 1 0
github.com/moedahpos/backend/internal/service/mocks/table_repo.go:18.110,21.19 2 0
github.com/moedahpos/backend/internal/service/mocks/table_repo.go:21.19,22.48 1 0
github.com/moedahpos/backend/internal/service/mocks/table_repo.go:25.2,27.112 3 0
github.com/moedahpos/backend/internal/service/mocks/table_repo.go:27.112,29.3 1 0
github.com/moedahpos/backend/internal/service/mocks/table_repo.go:30.2,30.103 1 0
github.com/moedahpos/backend/internal/service/mocks/table_repo.go:30.103,32.3 1 0
github.com/moedahpos/backend/internal/service/mocks/table_repo.go:32.8,33.24 1 0
github.com/moedahpos/backend/internal/service/mocks/table_repo.go:33.24,35.4 1 0
github.com/moedahpos/backend/internal/service/mocks/table_repo.go:38.2,38.85 1 0
github.com/moedahpos/backend/internal/service/mocks/table_repo.go:38.85,40.3 1 0
github.com/moedahpos/backend/internal/service/mocks/table_repo.go:40.8,42.3 1 0
github.com/moedahpos/backend/internal/service/mocks/table_repo.go:44.2,44.15 1 0
github.com/moedahpos/backend/internal/service/mocks/table_repo.go:48.109,51.19 2 0
github.com/moedahpos/backend/internal/service/mocks/table_repo.go:51.19,52.56 1 0
github.com/moedahpos/backend/internal/service/mocks/table_repo.go:55.2,57.97 3 0
github.com/moedahpos/backend/internal/service/mocks/table_repo.go:57.97,59.3 1 0
github.com/moedahpos/backend/internal/service/mocks/table_repo.go:60.2,60.88 1 0
github.com/moedahpos/backend/internal/service/mocks/table_repo.go:60.88,62.3 1 0
github.com/moedahpos/backend/internal/service/mocks/table_repo.go:62.8,63.24 1 0
github.com/moedahpos/backend/internal/service/mocks/table_repo.go:63.24,65.4 1 0
github.com/moedahpos/backend/internal/service/mocks/table_repo.go:68.2,68.68 1 0
github.com/moedahpos/backend/internal/service/mocks/table_repo.go:68.68,70.3 1 0
github.com/moedahpos/backend/internal/service/mocks/table_repo.go:70.8,72.3 1 0
github.com/moedahpos/backend/internal/service/mocks/table_repo.go:74.2,74.15 1 0
github.com/moedahpos/backend/internal/service/mocks/table_repo.go:78.96,81.19 2 0
github.com/moedahpos/backend/internal/service/mocks/table_repo.go:81.19,82.50 1 0
github.com/moedahpos/backend/internal/service/mocks/table_repo.go:85.2,87.95 3 0
github.com/moedahpos/backend/internal/service/mocks/table_repo.go:87.95,89.3 1 0
github.com/moedahpos/backend/internal/service/mocks/table_repo.go:90.2,90.86 1 0
github.com/moedahpos/backend/internal/service/mocks/table_repo.go:90.86,92.3 1 0
github.com/moedahpos/backend/internal/service/mocks/table_repo.go:92.8,93.24 1 0
github.com/moedahpos/backend/internal/service/mocks/table_repo.go:93.24,95.4 1 0
github.com/moedahpos/backend/internal/service/mocks/table_repo.go:98.2,98.68 1 0
github.com/moedahpos/backend/internal/service/mocks/table_repo.go:98.68,100.3 1 0
github.com/moedahpos/backend/internal/service/mocks/table_repo.go:100.8,102.3 1 0
github.com/moedahpos/backend/internal/service/mocks/table_repo.go:104.2,104.15 1 0
github.com/moedahpos/backend/internal/service/mocks/table_repo.go:108.71,111.19 2 0
github.com/moedahpos/backend/internal/service/mocks/table_repo.go:111.19,112.52 1 0
github.com/moedahpos/backend/internal/service/mocks/table_repo.go:115.2,116.68 2 0
github.com/moedahpos/backend/internal/service/mocks/table_repo.go:116.68,118.3 1 0
github.com/moedahpos/backend/internal/service/mocks/table_repo.go:118.8,120.3 1 0
github.com/moedahpos/backend/internal/service/mocks/table_repo.go:122.2,122.11 1 0
github.com/moedahpos/backend/internal/service/mocks/table_repo.go:126.110,129.19 2 0
github.com/moedahpos/backend/internal/service/mocks/table_repo.go:129.19,130.48 1 0
github.com/moedahpos/backend/internal/service/mocks/table_repo.go:133.2,135.112 3 0
github.com/moedahpos/backend/internal/service/mocks/table_repo.go:135.112,137.3 1 0
github.com/moedahpos/backend/internal/service/mocks/table_repo.go:138.2,138.103 1 0
github.com/moedahpos/backend/internal/service/mocks/table_repo.go:138.103,140.3 1 0
github.com/moedahpos/backend/internal/service/mocks/table_repo.go:140.8,141.24 1 0
github.com/moedahpos/backend/internal/service/mocks/table_repo.go:141.24,143.4 1 0
github.com/moedahpos/backend/internal/service/mocks/table_repo.go:146.2,146.85 1 0
github.com/moedahpos/backend/internal/service/mocks/table_repo.go:146.85,148.3 1 0
github.com/moedahpos/backend/internal/service/mocks/table_repo.go:148.8,150.3 1 0
github.com/moedahpos/backend/internal/service/mocks/table_repo.go:152.2,152.15 1 0
github.com/moedahpos/backend/internal/service/mocks/table_repo.go:156.100,159.19 2 0
github.com/moedahpos/backend/internal/service/mocks/table_repo.go:159.19,160.54 1 0
github.com/moedahpos/backend/internal/service/mocks/table_repo.go:163.2,164.88 2 0
github.com/moedahpos/backend/internal/service/mocks/table_repo.go:164.88,166.3 1 0
github.com/moedahpos/backend/internal/service/mocks/table_repo.go:166.8,168.3 1 0
github.com/moedahpos/backend/internal/service/mocks/table_repo.go:170.2,170.11 1 0
github.com/moedahpos/backend/internal/service/mocks/table_repo.go:178.15,182.19 3 0
github.com/moedahpos/backend/internal/service/mocks/table_repo.go:182.19,182.49 1 0
github.com/moedahpos/backend/internal/service/mocks/table_repo.go:184.2,184.13 1 0
github.com/moedahpos/backend/internal/service/mocks/transaction_service_interface.go:18.173,21.19 2 0
github.com/moedahpos/backend/internal/service/mocks/transaction_service_interface.go:21.19,22.50 1 0
github.com/moedahpos/backend/internal/service/mocks/transaction_service_interface.go:25.2,27.135 3 0
github.com/moedahpos/backend/internal/service/mocks/transaction_service_interface.go:27.135,29.3 1 0
github.com/moedahpos/backend/internal/service/mocks/transaction_service_interface.go:30.2,30.126 1 0
github.com/moedahpos/backend/internal/service/mocks/transaction_service_interface.go:30.126,32.3 1 0
github.com/moedahpos/backend/internal/service/mocks/transaction_service_interface.go:32.8,33.24 1 0
github.com/moedahpos/backend/internal/service/mocks/transaction_service_interface.go:33.24,35.4 1 0
github.com/moedahpos/backend/internal/service/mocks/transaction_service_interface.go:38.2,38.107 1 0
github.com/moedahpos/backend/internal/service/mocks/transaction_service_interface.go:38.107,40.3 1 0
github.com/moedahpos/backend/internal/service/mocks/transaction_service_interface.go:40.8,42.3 1 0
github.com/moedahpos/backend/internal/service/mocks/transaction_service_interface.go:44.2,44.15 1 0
github.com/moedahpos/backend/internal/service/mocks/transaction_service_interface.go:48.170,51.19 2 0
github.com/moedahpos/backend/internal/service/mocks/transaction_service_interface.go:51.19,52.53 1 0
github.com/moedahpos/backend/internal/service/mocks/transaction_service_interface.go:55.2,57.129 3 0
github.com/moedahpos/backend/internal/service/mocks/transaction_service_interface.go:57.129,59.3 1 0
github.com/moedahpos/backend/internal/service/mocks/transaction_service_interface.go:60.2,60.120 1 0
github.com/moedahpos/backend/internal/service/mocks/transaction_service_interface.go:60.120,62.3 1 0
github.com/moedahpos/backend/internal/service/mocks/transaction_service_interface.go:62.8,63.24 1 0
github.com/moedahpos/backend/internal/service/mocks/transaction_service_interface.go:63.24,65.4 1 0
github.com/moedahpos/backend/internal/service/mocks/transaction_service_interface.go:68.2,68.101 1 0
github.com/moedahpos/backend/internal/service/mocks/transaction_service_interface.go:68.101,70.3 1 0
github.com/moedahpos/backend/internal/service/mocks/transaction_service_interface.go:70.8,72.3 1 0
github.com/moedahpos/backend/internal/service/mocks/transaction_service_interface.go:74.2,74.15 1 0
github.com/moedahpos/backend/internal/service/mocks/transaction_service_interface.go:78.143,81.19 2 0
github.com/moedahpos/backend/internal/service/mocks/transaction_service_interface.go:81.19,82.57 1 0
github.com/moedahpos/backend/internal/service/mocks/transaction_service_interface.go:85.2,87.104 3 0
github.com/moedahpos/backend/internal/service/mocks/transaction_service_interface.go:87.104,89.3 1 0
github.com/moedahpos/backend/internal/service/mocks/transaction_service_interface.go:90.2,90.95 1 0
github.com/moedahpos/backend/internal/service/mocks/transaction_service_interface.go:90.95,92.3 1 0
github.com/moedahpos/backend/internal/service/mocks/transaction_service_interface.go:92.8,93.24 1 0
github.com/moedahpos/backend/internal/service/mocks/transaction_service_interface.go:93.24,95.4 1 0
github.com/moedahpos/backend/internal/service/mocks/transaction_service_interface.go:98.2,98.76 1 0
github.com/moedahpos/backend/internal/service/mocks/transaction_service_interface.go:98.76,100.3 1 0
github.com/moedahpos/backend/internal/service/mocks/transaction_service_interface.go:100.8,102.3 1 0
github.com/moedahpos/backend/internal/service/mocks/transaction_service_interface.go:104.2,104.15 1 0
github.com/moedahpos/backend/internal/service/mocks/transaction_service_interface.go:108.127,111.19 2 0
github.com/moedahpos/backend/internal/service/mocks/transaction_service_interface.go:111.19,112.55 1 0
github.com/moedahpos/backend/internal/service/mocks/transaction_service_interface.go:115.2,117.98 3 0
github.com/moedahpos/backend/internal/service/mocks/transaction_service_interface.go:117.98,119.3 1 0
github.com/moedahpos/backend/internal/service/mocks/transaction_service_interface.go:120.2,120.89 1 0
github.com/moedahpos/backend/internal/service/mocks/transaction_service_interface.go:120.89,122.3 1 0
github.com/moedahpos/backend/internal/service/mocks/transaction_service_interface.go:122.8,123.24 1 0
github.com/moedahpos/backend/internal/service/mocks/transaction_service_interface.go:123.24,125.4 1 0
github.com/moedahpos/backend/internal/service/mocks/transaction_service_interface.go:128.2,128.68 1 0
github.com/moedahpos/backend/internal/service/mocks/transaction_service_interface.go:128.68,130.3 1 0
github.com/moedahpos/backend/internal/service/mocks/transaction_service_interface.go:130.8,132.3 1 0
github.com/moedahpos/backend/internal/service/mocks/transaction_service_interface.go:134.2,134.15 1 0
github.com/moedahpos/backend/internal/service/mocks/transaction_service_interface.go:138.121,141.19 2 0
github.com/moedahpos/backend/internal/service/mocks/transaction_service_interface.go:141.19,142.56 1 0
github.com/moedahpos/backend/internal/service/mocks/transaction_service_interface.go:145.2,147.96 3 0
github.com/moedahpos/backend/internal/service/mocks/transaction_service_interface.go:147.96,149.3 1 0
github.com/moedahpos/backend/internal/service/mocks/transaction_service_interface.go:150.2,150.87 1 0
github.com/moedahpos/backend/internal/service/mocks/transaction_service_interface.go:150.87,152.3 1 0
github.com/moedahpos/backend/internal/service/mocks/transaction_service_interface.go:152.8,153.24 1 0
github.com/moedahpos/backend/internal/service/mocks/transaction_service_interface.go:153.24,155.4 1 0
github.com/moedahpos/backend/internal/service/mocks/transaction_service_interface.go:158.2,158.68 1 0
github.com/moedahpos/backend/internal/service/mocks/transaction_service_interface.go:158.68,160.3 1 0
github.com/moedahpos/backend/internal/service/mocks/transaction_service_interface.go:160.8,162.3 1 0
github.com/moedahpos/backend/internal/service/mocks/transaction_service_interface.go:164.2,164.15 1 0
github.com/moedahpos/backend/internal/service/mocks/transaction_service_interface.go:168.168,171.19 2 0
github.com/moedahpos/backend/internal/service/mocks/transaction_service_interface.go:171.19,172.58 1 0
github.com/moedahpos/backend/internal/service/mocks/transaction_service_interface.go:175.2,178.137 4 0
github.com/moedahpos/backend/internal/service/mocks/transaction_service_interface.go:178.137,180.3 1 0
github.com/moedahpos/backend/internal/service/mocks/transaction_service_interface.go:181.2,181.108 1 0
github.com/moedahpos/backend/internal/service/mocks/transaction_service_interface.go:181.108,183.3 1 0
github.com/moedahpos/backend/internal/service/mocks/transaction_service_interface.go:183.8,184.24 1 0
github.com/moedahpos/backend/internal/service/mocks/transaction_service_interface.go:184.24,186.4 1 0
github.com/moedahpos/backend/internal/service/mocks/transaction_service_interface.go:189.2,189.100 1 0
github.com/moedahpos/backend/internal/service/mocks/transaction_service_interface.go:189.100,191.3 1 0
github.com/moedahpos/backend/internal/service/mocks/transaction_service_interface.go:191.8,193.3 1 0
github.com/moedahpos/backend/internal/service/mocks/transaction_service_interface.go:195.2,195.87 1 0
github.com/moedahpos/backend/internal/service/mocks/transaction_service_interface.go:195.87,197.3 1 0
github.com/moedahpos/backend/internal/service/mocks/transaction_service_interface.go:197.8,199.3 1 0
github.com/moedahpos/backend/internal/service/mocks/transaction_service_interface.go:201.2,201.19 1 0
github.com/moedahpos/backend/internal/service/mocks/transaction_service_interface.go:205.178,208.19 2 0
github.com/moedahpos/backend/internal/service/mocks/transaction_service_interface.go:208.19,209.50 1 0
github.com/moedahpos/backend/internal/service/mocks/transaction_service_interface.go:212.2,214.134 3 0
github.com/moedahpos/backend/internal/service/mocks/transaction_service_interface.go:214.134,216.3 1 0
github.com/moedahpos/backend/internal/service/mocks/transaction_service_interface.go:217.2,217.125 1 0
github.com/moedahpos/backend/internal/service/mocks/transaction_service_interface.go:217.125,219.3 1 0
github.com/moedahpos/backend/internal/service/mocks/transaction_service_interface.go:219.8,220.24 1 0
github.com/moedahpos/backend/internal/service/mocks/transaction_service_interface.go:220.24,222.4 1 0
github.com/moedahpos/backend/internal/service/mocks/transaction_service_interface.go:225.2,225.106 1 0
github.com/moedahpos/backend/internal/service/mocks/transaction_service_interface.go:225.106,227.3 1 0
github.com/moedahpos/backend/internal/service/mocks/transaction_service_interface.go:227.8,229.3 1 0
github.com/moedahpos/backend/internal/service/mocks/transaction_service_interface.go:231.2,231.15 1 0
github.com/moedahpos/backend/internal/service/mocks/transaction_service_interface.go:235.171,238.19 2 0
github.com/moedahpos/backend/internal/service/mocks/transaction_service_interface.go:238.19,239.58 1 0
github.com/moedahpos/backend/internal/service/mocks/transaction_service_interface.go:242.2,244.129 3 0
github.com/moedahpos/backend/internal/service/mocks/transaction_service_interface.go:244.129,246.3 1 0
github.com/moedahpos/backend/internal/service/mocks/transaction_service_interface.go:247.2,247.120 1 0
github.com/moedahpos/backend/internal/service/mocks/transaction_service_interface.go:247.120,249.3 1 0
github.com/moedahpos/backend/internal/service/mocks/transaction_service_interface.go:249.8,250.24 1 0
github.com/moedahpos/backend/internal/service/mocks/transaction_service_interface.go:250.24,252.4 1 0
github.com/moedahpos/backend/internal/service/mocks/transaction_service_interface.go:255.2,255.101 1 0
github.com/moedahpos/backend/internal/service/mocks/transaction_service_interface.go:255.101,257.3 1 0
github.com/moedahpos/backend/internal/service/mocks/transaction_service_interface.go:257.8,259.3 1 0
github.com/moedahpos/backend/internal/service/mocks/transaction_service_interface.go:261.2,261.15 1 0
github.com/moedahpos/backend/internal/service/mocks/transaction_service_interface.go:265.139,268.19 2 0
github.com/moedahpos/backend/internal/service/mocks/transaction_service_interface.go:268.19,269.61 1 0
github.com/moedahpos/backend/internal/service/mocks/transaction_service_interface.go:272.2,273.101 2 0
github.com/moedahpos/backend/internal/service/mocks/transaction_service_interface.go:273.101,275.3 1 0
github.com/moedahpos/backend/internal/service/mocks/transaction_service_interface.go:275.8,277.3 1 0
github.com/moedahpos/backend/internal/service/mocks/transaction_service_interface.go:279.2,279.11 1 0
github.com/moedahpos/backend/internal/service/mocks/transaction_service_interface.go:283.109,286.19 2 0
github.com/moedahpos/backend/internal/service/mocks/transaction_service_interface.go:286.19,287.57 1 0
github.com/moedahpos/backend/internal/service/mocks/transaction_service_interface.go:290.2,291.76 2 0
github.com/moedahpos/backend/internal/service/mocks/transaction_service_interface.go:291.76,293.3 1 0
github.com/moedahpos/backend/internal/service/mocks/transaction_service_interface.go:293.8,295.3 1 0
github.com/moedahpos/backend/internal/service/mocks/transaction_service_interface.go:297.2,297.11 1 0
github.com/moedahpos/backend/internal/service/mocks/transaction_service_interface.go:305.33,309.19 3 0
github.com/moedahpos/backend/internal/service/mocks/transaction_service_interface.go:309.19,309.49 1 0
github.com/moedahpos/backend/internal/service/mocks/transaction_service_interface.go:311.2,311.13 1 0
github.com/moedahpos/backend/internal/repository/postgres/activity_log_repo.go:18.55,20.2 1 0
github.com/moedahpos/backend/internal/repository/postgres/activity_log_repo.go:22.86,31.16 3 0
github.com/moedahpos/backend/internal/repository/postgres/activity_log_repo.go:31.16,33.3 1 0
github.com/moedahpos/backend/internal/repository/postgres/activity_log_repo.go:34.2,34.12 1 0
github.com/moedahpos/backend/internal/repository/postgres/activity_log_repo.go:37.138,43.19 3 0
github.com/moedahpos/backend/internal/repository/postgres/activity_log_repo.go:43.19,46.3 2 0
github.com/moedahpos/backend/internal/repository/postgres/activity_log_repo.go:48.2,48.25 1 0
github.com/moedahpos/backend/internal/repository/postgres/activity_log_repo.go:48.25,51.3 2 0
github.com/moedahpos/backend/internal/repository/postgres/activity_log_repo.go:52.2,52.25 1 0
github.com/moedahpos/backend/internal/repository/postgres/activity_log_repo.go:52.25,55.3 2 0
github.com/moedahpos/backend/internal/repository/postgres/activity_log_repo.go:56.2,56.29 1 0
github.com/moedahpos/backend/internal/repository/postgres/activity_log_repo.go:56.29,59.3 2 0
github.com/moedahpos/backend/internal/repository/postgres/activity_log_repo.go:60.2,60.28 1 0
github.com/moedahpos/backend/internal/repository/postgres/activity_log_repo.go:60.28,63.3 2 0
github.com/moedahpos/backend/internal/repository/postgres/activity_log_repo.go:64.2,64.26 1 0
github.com/moedahpos/backend/internal/repository/postgres/activity_log_repo.go:64.26,67.3 2 0
github.com/moedahpos/backend/internal/repository/postgres/activity_log_repo.go:69.2,75.16 5 0
github.com/moedahpos/backend/internal/repository/postgres/activity_log_repo.go:75.16,77.3 1 0
github.com/moedahpos/backend/internal/repository/postgres/activity_log_repo.go:78.2,78.60 1 0
github.com/moedahpos/backend/internal/repository/postgres/activity_log_repo.go:78.60,80.3 1 0
github.com/moedahpos/backend/internal/repository/postgres/activity_log_repo.go:83.2,98.16 6 0
github.com/moedahpos/backend/internal/repository/postgres/activity_log_repo.go:98.16,100.3 1 0
github.com/moedahpos/backend/internal/repository/postgres/activity_log_repo.go:101.2,101.62 1 0
github.com/moedahpos/backend/internal/repository/postgres/activity_log_repo.go:101.62,103.3 1 0
github.com/moedahpos/backend/internal/repository/postgres/activity_log_repo.go:105.2,105.25 1 0
github.com/moedahpos/backend/internal/repository/postgres/batch_repo.go:17.43,17.72 1 0
github.com/moedahpos/backend/internal/repository/postgres/batch_repo.go:20.86,29.16 3 0
github.com/moedahpos/backend/internal/repository/postgres/batch_repo.go:29.16,31.3 1 0
github.com/moedahpos/backend/internal/repository/postgres/batch_repo.go:32.2,32.12 1 0
github.com/moedahpos/backend/internal/repository/postgres/batch_repo.go:37.119,47.81 3 0
github.com/moedahpos/backend/internal/repository/postgres/batch_repo.go:47.81,49.3 1 0
github.com/moedahpos/backend/internal/repository/postgres/batch_repo.go:50.2,50.21 1 0
github.com/moedahpos/backend/internal/repository/postgres/batch_repo.go:55.113,64.23 3 0
github.com/moedahpos/backend/internal/repository/postgres/batch_repo.go:64.23,68.3 2 0
github.com/moedahpos/backend/internal/repository/postgres/batch_repo.go:69.2,71.70 3 0
github.com/moedahpos/backend/internal/repository/postgres/batch_repo.go:71.70,73.3 1 0
github.com/moedahpos/backend/internal/repository/postgres/batch_repo.go:74.2,74.21 1 0
github.com/moedahpos/backend/internal/repository/postgres/batch_repo.go:79.111,94.67 3 0
github.com/moedahpos/backend/internal/repository/postgres/batch_repo.go:94.67,96.3 1 0
github.com/moedahpos/backend/internal/repository/postgres/batch_repo.go:97.2,97.18 1 0
github.com/moedahpos/backend/internal/repository/postgres/batch_repo.go:107.99,109.16 2 0
github.com/moedahpos/backend/internal/repository/postgres/batch_repo.go:109.16,111.3 1 0
github.com/moedahpos/backend/internal/repository/postgres/batch_repo.go:112.2,112.15 1 0
github.com/moedahpos/backend/internal/repository/postgres/batch_repo.go:112.15,112.36 1 0
github.com/moedahpos/backend/internal/repository/postgres/batch_repo.go:116.2,129.85 4 0
github.com/moedahpos/backend/internal/repository/postgres/batch_repo.go:129.85,131.3 1 0
github.com/moedahpos/backend/internal/repository/postgres/batch_repo.go:134.2,135.28 2 0
github.com/moedahpos/backend/internal/repository/postgres/batch_repo.go:135.28,137.3 1 0
github.com/moedahpos/backend/internal/repository/postgres/batch_repo.go:138.2,138.22 1 0
github.com/moedahpos/backend/internal/repository/postgres/batch_repo.go:138.22,141.3 1 0
github.com/moedahpos/backend/internal/repository/postgres/batch_repo.go:144.2,145.28 2 0
github.com/moedahpos/backend/internal/repository/postgres/batch_repo.go:145.28,146.21 1 0
github.com/moedahpos/backend/internal/repository/postgres/batch_repo.go:146.21,147.9 1 0
github.com/moedahpos/backend/internal/repository/postgres/batch_repo.go:150.3,151.25 2 0
github.com/moedahpos/backend/internal/repository/postgres/batch_repo.go:151.25,153.4 1 0
github.com/moedahpos/backend/internal/repository/postgres/batch_repo.go:154.3,158.17 2 0
github.com/moedahpos/backend/internal/repository/postgres/batch_repo.go:158.17,160.4 1 0
github.com/moedahpos/backend/internal/repository/postgres/batch_repo.go:161.3,161.22 1 0
github.com/moedahpos/backend/internal/repository/postgres/batch_repo.go:165.2,165.20 1 0
github.com/moedahpos/backend/internal/repository/postgres/customer_repo.go:19.49,19.81 1 1
github.com/moedahpos/backend/internal/repository/postgres/customer_repo.go:21.98,29.32 3 1
github.com/moedahpos/backend/internal/repository/postgres/customer_repo.go:29.32,31.3 1 0
github.com/moedahpos/backend/internal/repository/postgres/customer_repo.go:32.2,32.17 1 1
github.com/moedahpos/backend/internal/repository/postgres/customer_repo.go:35.112,39.20 4 1
github.com/moedahpos/backend/internal/repository/postgres/customer_repo.go:39.20,43.3 3 0
github.com/moedahpos/backend/internal/repository/postgres/customer_repo.go:44.2,47.130 3 1
github.com/moedahpos/backend/internal/repository/postgres/customer_repo.go:47.130,49.3 1 0
github.com/moedahpos/backend/internal/repository/postgres/customer_repo.go:51.2,54.67 4 1
github.com/moedahpos/backend/internal/repository/postgres/customer_repo.go:54.67,56.3 1 0
github.com/moedahpos/backend/internal/repository/postgres/customer_repo.go:57.2,57.25 1 1
github.com/moedahpos/backend/internal/repository/postgres/customer_repo.go:60.91,63.72 3 0
github.com/moedahpos/backend/internal/repository/postgres/customer_repo.go:63.72,64.36 1 0
github.com/moedahpos/backend/internal/repository/postgres/customer_repo.go:64.36,66.4 1 0
github.com/moedahpos/backend/internal/repository/postgres/customer_repo.go:67.3,67.59 1 0
github.com/moedahpos/backend/internal/repository/postgres/customer_repo.go:69.2,69.15 1 0
github.com/moedahpos/backend/internal/repository/postgres/customer_repo.go:72.98,78.122 3 1
github.com/moedahpos/backend/internal/repository/postgres/customer_repo.go:78.122,79.36 1 0
github.com/moedahpos/backend/internal/repository/postgres/customer_repo.go:79.36,81.4 1 0
github.com/moedahpos/backend/internal/repository/postgres/customer_repo.go:82.3,82.57 1 0
github.com/moedahpos/backend/internal/repository/postgres/customer_repo.go:84.2,84.17 1 1
github.com/moedahpos/backend/internal/repository/postgres/customer_repo.go:87.73,89.16 2 1
github.com/moedahpos/backend/internal/repository/postgres/customer_repo.go:89.16,91.3 1 0
github.com/moedahpos/backend/internal/repository/postgres/customer_repo.go:92.2,92.40 1 1
github.com/moedahpos/backend/internal/repository/postgres/customer_repo.go:92.40,94.3 1 0
github.com/moedahpos/backend/internal/repository/postgres/customer_repo.go:95.2,95.12 1 1
github.com/moedahpos/backend/internal/repository/postgres/customer_repo.go:99.110,102.78 3 0
github.com/moedahpos/backend/internal/repository/postgres/customer_repo.go:102.78,104.3 1 0
github.com/moedahpos/backend/internal/repository/postgres/customer_repo.go:105.2,105.18 1 0
github.com/moedahpos/backend/internal/repository/postgres/expense_repo.go:18.47,18.78 1 1
github.com/moedahpos/backend/internal/repository/postgres/expense_repo.go:22.115,24.21 2 0
github.com/moedahpos/backend/internal/repository/postgres/expense_repo.go:24.21,26.3 1 0
github.com/moedahpos/backend/internal/repository/postgres/expense_repo.go:27.2,29.58 3 0
github.com/moedahpos/backend/internal/repository/postgres/expense_repo.go:29.58,31.3 1 0
github.com/moedahpos/backend/internal/repository/postgres/expense_repo.go:32.2,32.18 1 0
github.com/moedahpos/backend/internal/repository/postgres/expense_repo.go:35.119,41.93 3 1
github.com/moedahpos/backend/internal/repository/postgres/expense_repo.go:41.93,43.3 1 0
github.com/moedahpos/backend/internal/repository/postgres/expense_repo.go:44.2,44.17 1 1
github.com/moedahpos/backend/internal/repository/postgres/expense_repo.go:47.104,50.74 3 0
github.com/moedahpos/backend/internal/repository/postgres/expense_repo.go:50.74,51.36 1 0
github.com/moedahpos/backend/internal/repository/postgres/expense_repo.go:51.36,53.4 1 0
github.com/moedahpos/backend/internal/repository/postgres/expense_repo.go:54.3,54.65 1 0
github.com/moedahpos/backend/internal/repository/postgres/expense_repo.go:56.2,56.17 1 0
github.com/moedahpos/backend/internal/repository/postgres/expense_repo.go:59.137,66.96 3 0
github.com/moedahpos/backend/internal/repository/postgres/expense_repo.go:66.96,67.36 1 0
github.com/moedahpos/backend/internal/repository/postgres/expense_repo.go:67.36,69.4 1 0
github.com/moedahpos/backend/internal/repository/postgres/expense_repo.go:70.3,70.64 1 0
github.com/moedahpos/backend/internal/repository/postgres/expense_repo.go:72.2,72.17 1 0
github.com/moedahpos/backend/internal/repository/postgres/expense_repo.go:75.80,81.16 3 0
github.com/moedahpos/backend/internal/repository/postgres/expense_repo.go:81.16,83.3 1 0
github.com/moedahpos/backend/internal/repository/postgres/expense_repo.go:84.2,84.40 1 0
github.com/moedahpos/backend/internal/repository/postgres/expense_repo.go:84.40,86.3 1 0
github.com/moedahpos/backend/internal/repository/postgres/expense_repo.go:87.2,87.12 1 0
github.com/moedahpos/backend/internal/repository/postgres/expense_repo.go:92.102,98.180 3 1
github.com/moedahpos/backend/internal/repository/postgres/expense_repo.go:98.180,100.3 1 0
github.com/moedahpos/backend/internal/repository/postgres/expense_repo.go:102.2,103.17 2 1
github.com/moedahpos/backend/internal/repository/postgres/expense_repo.go:106.109,111.24 4 1
github.com/moedahpos/backend/internal/repository/postgres/expense_repo.go:111.24,115.3 3 0
github.com/moedahpos/backend/internal/repository/postgres/expense_repo.go:116.2,116.22 1 1
github.com/moedahpos/backend/internal/repository/postgres/expense_repo.go:116.22,120.3 3 0
github.com/moedahpos/backend/internal/repository/postgres/expense_repo.go:121.2,121.20 1 1
github.com/moedahpos/backend/internal/repository/postgres/expense_repo.go:121.20,125.3 3 0
github.com/moedahpos/backend/internal/repository/postgres/expense_repo.go:127.2,130.131 3 1
github.com/moedahpos/backend/internal/repository/postgres/expense_repo.go:130.131,132.3 1 0
github.com/moedahpos/backend/internal/repository/postgres/expense_repo.go:134.2,144.71 4 1
github.com/moedahpos/backend/internal/repository/postgres/expense_repo.go:144.71,146.3 1 0
github.com/moedahpos/backend/internal/repository/postgres/expense_repo.go:147.2,147.25 1 1
github.com/moedahpos/backend/internal/repository/postgres/expense_repo.go:150.97,157.83 3 0
github.com/moedahpos/backend/internal/repository/postgres/expense_repo.go:157.83,158.36 1 0
github.com/moedahpos/backend/internal/repository/postgres/expense_repo.go:158.36,160.4 1 0
github.com/moedahpos/backend/internal/repository/postgres/expense_repo.go:161.3,161.57 1 0
github.com/moedahpos/backend/internal/repository/postgres/expense_repo.go:163.2,163.17 1 0
github.com/moedahpos/backend/internal/repository/postgres/expense_repo.go:166.95,172.156 3 0
github.com/moedahpos/backend/internal/repository/postgres/expense_repo.go:172.156,173.36 1 0
github.com/moedahpos/backend/internal/repository/postgres/expense_repo.go:173.36,175.4 1 0
github.com/moedahpos/backend/internal/repository/postgres/expense_repo.go:176.3,176.56 1 0
github.com/moedahpos/backend/internal/repository/postgres/expense_repo.go:178.2,179.17 2 0
github.com/moedahpos/backend/internal/repository/postgres/expense_repo.go:182.77,185.16 3 0
github.com/moedahpos/backend/internal/repository/postgres/expense_repo.go:185.16,187.3 1 0
github.com/moedahpos/backend/internal/repository/postgres/expense_repo.go:188.2,188.40 1 0
github.com/moedahpos/backend/internal/repository/postgres/expense_repo.go:188.40,190.3 1 0
github.com/moedahpos/backend/internal/repository/postgres/expense_repo.go:191.2,191.12 1 0
github.com/moedahpos/backend/internal/repository/postgres/expense_repo.go:194.117,200.91 3 0
github.com/moedahpos/backend/internal/repository/postgres/expense_repo.go:200.91,201.36 1 0
github.com/moedahpos/backend/internal/repository/postgres/expense_repo.go:201.36,203.4 1 0
github.com/moedahpos/backend/internal/repository/postgres/expense_repo.go:204.3,204.69 1 0
github.com/moedahpos/backend/internal/repository/postgres/expense_repo.go:206.2,207.17 2 0
github.com/moedahpos/backend/internal/repository/postgres/expense_repo.go:212.129,221.65 3 0
github.com/moedahpos/backend/internal/repository/postgres/expense_repo.go:221.65,223.3 1 0
github.com/moedahpos/backend/internal/repository/postgres/expense_repo.go:224.2,225.17 2 0
github.com/moedahpos/backend/internal/repository/postgres/expense_repo.go:228.127,233.24 4 0
github.com/moedahpos/backend/internal/repository/postgres/expense_repo.go:233.24,237.3 3 0
github.com/moedahpos/backend/internal/repository/postgres/expense_repo.go:239.2,242.142 3 0
github.com/moedahpos/backend/internal/repository/postgres/expense_repo.go:242.142,244.3 1 0
github.com/moedahpos/backend/internal/repository/postgres/expense_repo.go:246.2,256.71 4 0
github.com/moedahpos/backend/internal/repository/postgres/expense_repo.go:256.71,258.3 1 0
github.com/moedahpos/backend/internal/repository/postgres/expense_repo.go:259.2,259.25 1 0
github.com/moedahpos/backend/internal/repository/postgres/expense_repo.go:262.115,269.83 3 0
github.com/moedahpos/backend/internal/repository/postgres/expense_repo.go:269.83,270.36 1 0
github.com/moedahpos/backend/internal/repository/postgres/expense_repo.go:270.36,272.4 1 0
github.com/moedahpos/backend/internal/repository/postgres/expense_repo.go:273.3,273.66 1 0
github.com/moedahpos/backend/internal/repository/postgres/expense_repo.go:275.2,275.17 1 0
github.com/moedahpos/backend/internal/repository/postgres/expense_repo.go:278.122,288.48 3 0
github.com/moedahpos/backend/internal/repository/postgres/expense_repo.go:288.48,289.36 1 0
github.com/moedahpos/backend/internal/repository/postgres/expense_repo.go:289.36,291.4 1 0
github.com/moedahpos/backend/internal/repository/postgres/expense_repo.go:292.3,292.65 1 0
github.com/moedahpos/backend/internal/repository/postgres/expense_repo.go:294.2,295.17 2 0
github.com/moedahpos/backend/internal/repository/postgres/expense_repo.go:298.86,301.16 3 0
github.com/moedahpos/backend/internal/repository/postgres/expense_repo.go:301.16,303.3 1 0
github.com/moedahpos/backend/internal/repository/postgres/expense_repo.go:304.2,304.40 1 0
github.com/moedahpos/backend/internal/repository/postgres/expense_repo.go:304.40,306.3 1 0
github.com/moedahpos/backend/internal/repository/postgres/expense_repo.go:307.2,307.12 1 0
github.com/moedahpos/backend/internal/repository/postgres/expense_repo.go:310.104,320.58 3 0
github.com/moedahpos/backend/internal/repository/postgres/expense_repo.go:320.58,322.3 1 0
github.com/moedahpos/backend/internal/repository/postgres/expense_repo.go:323.2,323.18 1 0
github.com/moedahpos/backend/internal/repository/postgres/expense_repo.go:326.98,330.2 3 0
github.com/moedahpos/backend/internal/repository/postgres/income_repo.go:20.45,20.75 1 1
github.com/moedahpos/backend/internal/repository/postgres/income_repo.go:24.113,26.21 2 0
github.com/moedahpos/backend/internal/repository/postgres/income_repo.go:26.21,28.3 1 0
github.com/moedahpos/backend/internal/repository/postgres/income_repo.go:29.2,31.58 3 0
github.com/moedahpos/backend/internal/repository/postgres/income_repo.go:31.58,33.3 1 0
github.com/moedahpos/backend/internal/repository/postgres/income_repo.go:34.2,34.18 1 0
github.com/moedahpos/backend/internal/repository/postgres/income_repo.go:37.118,43.97 3 1
github.com/moedahpos/backend/internal/repository/postgres/income_repo.go:43.97,45.3 1 0
github.com/moedahpos/backend/internal/repository/postgres/income_repo.go:46.2,46.17 1 1
github.com/moedahpos/backend/internal/repository/postgres/income_repo.go:49.102,52.74 3 0
github.com/moedahpos/backend/internal/repository/postgres/income_repo.go:52.74,53.36 1 0
github.com/moedahpos/backend/internal/repository/postgres/income_repo.go:53.36,55.4 1 0
github.com/moedahpos/backend/internal/repository/postgres/income_repo.go:56.3,56.64 1 0
github.com/moedahpos/backend/internal/repository/postgres/income_repo.go:58.2,58.17 1 0
github.com/moedahpos/backend/internal/repository/postgres/income_repo.go:61.135,68.96 3 0
github.com/moedahpos/backend/internal/repository/postgres/income_repo.go:68.96,69.36 1 0
github.com/moedahpos/backend/internal/repository/postgres/income_repo.go:69.36,71.4 1 0
github.com/moedahpos/backend/internal/repository/postgres/income_repo.go:72.3,72.63 1 0
github.com/moedahpos/backend/internal/repository/postgres/income_repo.go:74.2,74.17 1 0
github.com/moedahpos/backend/internal/repository/postgres/income_repo.go:77.79,83.16 3 0
github.com/moedahpos/backend/internal/repository/postgres/income_repo.go:83.16,85.3 1 0
github.com/moedahpos/backend/internal/repository/postgres/income_repo.go:86.2,86.40 1 0
github.com/moedahpos/backend/internal/repository/postgres/income_repo.go:86.40,88.3 1 0
github.com/moedahpos/backend/internal/repository/postgres/income_repo.go:89.2,89.12 1 0
github.com/moedahpos/backend/internal/repository/postgres/income_repo.go:94.94,103.32 3 1
github.com/moedahpos/backend/internal/repository/postgres/income_repo.go:103.32,105.3 1 0
github.com/moedahpos/backend/internal/repository/postgres/income_repo.go:107.2,107.32 1 1
github.com/moedahpos/backend/internal/repository/postgres/income_repo.go:110.106,116.24 5 0
github.com/moedahpos/backend/internal/repository/postgres/income_repo.go:116.24,120.3 3 0
github.com/moedahpos/backend/internal/repository/postgres/income_repo.go:121.2,121.22 1 0
github.com/moedahpos/backend/internal/repository/postgres/income_repo.go:121.22,125.3 3 0
github.com/moedahpos/backend/internal/repository/postgres/income_repo.go:126.2,126.20 1 0
github.com/moedahpos/backend/internal/repository/postgres/income_repo.go:126.20,130.3 3 0
github.com/moedahpos/backend/internal/repository/postgres/income_repo.go:132.2,137.29 3 0
github.com/moedahpos/backend/internal/repository/postgres/income_repo.go:137.29,139.3 1 0
github.com/moedahpos/backend/internal/repository/postgres/income_repo.go:141.2,157.71 5 0
github.com/moedahpos/backend/internal/repository/postgres/income_repo.go:157.71,159.3 1 0
github.com/moedahpos/backend/internal/repository/postgres/income_repo.go:160.2,160.25 1 0
github.com/moedahpos/backend/internal/repository/postgres/income_repo.go:163.87,175.74 3 1
github.com/moedahpos/backend/internal/repository/postgres/income_repo.go:175.74,176.36 1 0
github.com/moedahpos/backend/internal/repository/postgres/income_repo.go:176.36,178.4 1 0
github.com/moedahpos/backend/internal/repository/postgres/income_repo.go:179.3,179.57 1 0
github.com/moedahpos/backend/internal/repository/postgres/income_repo.go:181.2,181.17 1 1
github.com/moedahpos/backend/internal/repository/postgres/income_repo.go:184.94,195.26 3 0
github.com/moedahpos/backend/internal/repository/postgres/income_repo.go:195.26,196.36 1 0
github.com/moedahpos/backend/internal/repository/postgres/income_repo.go:196.36,198.4 1 0
github.com/moedahpos/backend/internal/repository/postgres/income_repo.go:199.3,199.55 1 0
github.com/moedahpos/backend/internal/repository/postgres/income_repo.go:201.2,201.28 1 0
github.com/moedahpos/backend/internal/repository/postgres/income_repo.go:204.76,207.16 3 0
github.com/moedahpos/backend/internal/repository/postgres/income_repo.go:207.16,209.3 1 0
github.com/moedahpos/backend/internal/repository/postgres/income_repo.go:210.2,210.40 1 0
github.com/moedahpos/backend/internal/repository/postgres/income_repo.go:210.40,212.3 1 0
github.com/moedahpos/backend/internal/repository/postgres/income_repo.go:213.2,213.12 1 0
github.com/moedahpos/backend/internal/repository/postgres/income_repo.go:217.111,223.128 3 0
github.com/moedahpos/backend/internal/repository/postgres/income_repo.go:223.128,225.3 1 0
github.com/moedahpos/backend/internal/repository/postgres/income_repo.go:226.2,226.19 1 0
github.com/moedahpos/backend/internal/repository/postgres/payment_record_repo.go:16.59,16.96 1 0
github.com/moedahpos/backend/internal/repository/postgres/payment_record_repo.go:19.114,35.16 3 0
github.com/moedahpos/backend/internal/repository/postgres/payment_record_repo.go:35.16,37.3 1 0
github.com/moedahpos/backend/internal/repository/postgres/payment_record_repo.go:38.2,38.17 1 0
github.com/moedahpos/backend/internal/repository/postgres/payment_record_repo.go:42.113,51.71 3 0
github.com/moedahpos/backend/internal/repository/postgres/payment_record_repo.go:51.71,53.3 1 0
github.com/moedahpos/backend/internal/repository/postgres/payment_record_repo.go:54.2,54.21 1 0
github.com/moedahpos/backend/internal/repository/postgres/po_payment_repo.go:17.51,17.84 1 0
github.com/moedahpos/backend/internal/repository/postgres/po_payment_repo.go:20.100,28.33 3 0
github.com/moedahpos/backend/internal/repository/postgres/po_payment_repo.go:28.33,30.3 1 0
github.com/moedahpos/backend/internal/repository/postgres/po_payment_repo.go:32.2,33.18 2 0
github.com/moedahpos/backend/internal/repository/postgres/po_payment_repo.go:37.97,57.64 3 0
github.com/moedahpos/backend/internal/repository/postgres/po_payment_repo.go:57.64,59.3 1 0
github.com/moedahpos/backend/internal/repository/postgres/po_payment_repo.go:60.2,60.18 1 0
github.com/moedahpos/backend/internal/repository/postgres/po_payment_repo.go:64.119,71.72 3 0
github.com/moedahpos/backend/internal/repository/postgres/po_payment_repo.go:71.72,73.3 1 0
github.com/moedahpos/backend/internal/repository/postgres/po_payment_repo.go:74.2,75.26 2 0
github.com/moedahpos/backend/internal/repository/postgres/po_payment_repo.go:79.106,116.16 3 0
github.com/moedahpos/backend/internal/repository/postgres/po_payment_repo.go:116.16,118.3 1 0
github.com/moedahpos/backend/internal/repository/postgres/po_payment_repo.go:119.2,119.16 1 0
github.com/moedahpos/backend/internal/repository/postgres/po_payment_repo.go:122.48,123.9 1 0
github.com/moedahpos/backend/internal/repository/postgres/po_payment_repo.go:124.17,125.18 1 0
github.com/moedahpos/backend/internal/repository/postgres/po_payment_repo.go:126.21,127.16 1 0
github.com/moedahpos/backend/internal/repository/postgres/po_payment_repo.go:128.10,129.19 1 0
github.com/moedahpos/backend/internal/repository/postgres/po_payment_repo.go:134.94,135.19 1 0
github.com/moedahpos/backend/internal/repository/postgres/po_payment_repo.go:135.19,137.3 1 0
github.com/moedahpos/backend/internal/repository/postgres/po_payment_repo.go:138.2,139.25 2 0
github.com/moedahpos/backend/internal/repository/postgres/po_payment_repo.go:139.25,141.3 1 0
github.com/moedahpos/backend/internal/repository/postgres/po_payment_repo.go:142.2,158.25 7 0
github.com/moedahpos/backend/internal/repository/postgres/po_payment_repo.go:158.25,160.3 1 0
github.com/moedahpos/backend/internal/repository/postgres/po_payment_repo.go:161.2,161.25 1 0
github.com/moedahpos/backend/internal/repository/postgres/po_payment_repo.go:161.25,165.3 3 0
github.com/moedahpos/backend/internal/repository/postgres/po_payment_repo.go:166.2,166.16 1 0
github.com/moedahpos/backend/internal/repository/postgres/po_repo.go:19.37,19.63 1 0
github.com/moedahpos/backend/internal/repository/postgres/po_repo.go:21.126,23.16 2 0
github.com/moedahpos/backend/internal/repository/postgres/po_repo.go:23.16,25.3 1 0
github.com/moedahpos/backend/internal/repository/postgres/po_repo.go:26.2,26.15 1 0
github.com/moedahpos/backend/internal/repository/postgres/po_repo.go:26.15,26.36 1 0
github.com/moedahpos/backend/internal/repository/postgres/po_repo.go:28.2,36.35 3 0
github.com/moedahpos/backend/internal/repository/postgres/po_repo.go:36.35,38.3 1 0
github.com/moedahpos/backend/internal/repository/postgres/po_repo.go:40.2,41.16 2 0
github.com/moedahpos/backend/internal/repository/postgres/po_repo.go:41.16,43.3 1 0
github.com/moedahpos/backend/internal/repository/postgres/po_repo.go:45.2,45.36 1 0
github.com/moedahpos/backend/internal/repository/postgres/po_repo.go:45.36,47.3 1 0
github.com/moedahpos/backend/internal/repository/postgres/po_repo.go:48.2,49.20 2 0
github.com/moedahpos/backend/internal/repository/postgres/po_repo.go:52.125,58.29 3 0
github.com/moedahpos/backend/internal/repository/postgres/po_repo.go:58.29,60.137 2 0
github.com/moedahpos/backend/internal/repository/postgres/po_repo.go:60.137,62.4 1 0
github.com/moedahpos/backend/internal/repository/postgres/po_repo.go:63.3,63.31 1 0
github.com/moedahpos/backend/internal/repository/postgres/po_repo.go:65.2,65.20 1 0
github.com/moedahpos/backend/internal/repository/postgres/po_repo.go:68.105,72.20 4 0
github.com/moedahpos/backend/internal/repository/postgres/po_repo.go:72.20,76.3 3 0
github.com/moedahpos/backend/internal/repository/postgres/po_repo.go:77.2,77.22 1 0
github.com/moedahpos/backend/internal/repository/postgres/po_repo.go:77.22,81.3 3 0
github.com/moedahpos/backend/internal/repository/postgres/po_repo.go:82.2,82.20 1 0
github.com/moedahpos/backend/internal/repository/postgres/po_repo.go:82.20,86.3 3 0
github.com/moedahpos/backend/internal/repository/postgres/po_repo.go:87.2,92.29 3 0
github.com/moedahpos/backend/internal/repository/postgres/po_repo.go:92.29,94.3 1 0
github.com/moedahpos/backend/internal/repository/postgres/po_repo.go:96.2,129.70 4 0
github.com/moedahpos/backend/internal/repository/postgres/po_repo.go:129.70,131.3 1 0
github.com/moedahpos/backend/internal/repository/postgres/po_repo.go:132.2,132.24 1 0
github.com/moedahpos/backend/internal/repository/postgres/po_repo.go:135.90,149.75 3 0
github.com/moedahpos/backend/internal/repository/postgres/po_repo.go:149.75,150.36 1 0
github.com/moedahpos/backend/internal/repository/postgres/po_repo.go:150.36,152.4 1 0
github.com/moedahpos/backend/internal/repository/postgres/po_repo.go:153.3,153.53 1 0
github.com/moedahpos/backend/internal/repository/postgres/po_repo.go:156.2,162.70 2 0
github.com/moedahpos/backend/internal/repository/postgres/po_repo.go:162.70,164.3 1 0
github.com/moedahpos/backend/internal/repository/postgres/po_repo.go:165.2,165.16 1 0
github.com/moedahpos/backend/internal/repository/postgres/po_repo.go:168.126,170.16 2 0
github.com/moedahpos/backend/internal/repository/postgres/po_repo.go:170.16,172.3 1 0
github.com/moedahpos/backend/internal/repository/postgres/po_repo.go:173.2,173.15 1 0
github.com/moedahpos/backend/internal/repository/postgres/po_repo.go:173.15,173.36 1 0
github.com/moedahpos/backend/internal/repository/postgres/po_repo.go:175.2,181.119 3 0
github.com/moedahpos/backend/internal/repository/postgres/po_repo.go:181.119,182.36 1 0
github.com/moedahpos/backend/internal/repository/postgres/po_repo.go:182.36,184.4 1 0
github.com/moedahpos/backend/internal/repository/postgres/po_repo.go:185.3,185.51 1 0
github.com/moedahpos/backend/internal/repository/postgres/po_repo.go:189.2,189.107 1 0
github.com/moedahpos/backend/internal/repository/postgres/po_repo.go:189.107,191.3 1 0
github.com/moedahpos/backend/internal/repository/postgres/po_repo.go:192.2,193.16 2 0
github.com/moedahpos/backend/internal/repository/postgres/po_repo.go:193.16,195.3 1 0
github.com/moedahpos/backend/internal/repository/postgres/po_repo.go:197.2,197.36 1 0
github.com/moedahpos/backend/internal/repository/postgres/po_repo.go:197.36,199.3 1 0
github.com/moedahpos/backend/internal/repository/postgres/po_repo.go:200.2,201.20 2 0
github.com/moedahpos/backend/internal/repository/postgres/po_repo.go:204.68,210.16 3 0
github.com/moedahpos/backend/internal/repository/postgres/po_repo.go:210.16,212.3 1 0
github.com/moedahpos/backend/internal/repository/postgres/po_repo.go:213.2,213.40 1 0
github.com/moedahpos/backend/internal/repository/postgres/po_repo.go:213.40,215.3 1 0
github.com/moedahpos/backend/internal/repository/postgres/po_repo.go:216.2,216.12 1 0
github.com/moedahpos/backend/internal/repository/postgres/po_repo.go:220.74,230.16 3 0
github.com/moedahpos/backend/internal/repository/postgres/po_repo.go:230.16,232.3 1 0
github.com/moedahpos/backend/internal/repository/postgres/po_repo.go:234.2,235.126 2 0
github.com/moedahpos/backend/internal/repository/postgres/po_repo.go:235.126,237.3 1 0
github.com/moedahpos/backend/internal/repository/postgres/po_repo.go:239.2,240.16 2 0
github.com/moedahpos/backend/internal/repository/postgres/po_repo.go:240.16,242.3 1 0
github.com/moedahpos/backend/internal/repository/postgres/po_repo.go:243.2,243.15 1 0
github.com/moedahpos/backend/internal/repository/postgres/po_repo.go:243.15,243.36 1 0
github.com/moedahpos/backend/internal/repository/postgres/po_repo.go:246.2,250.16 2 0
github.com/moedahpos/backend/internal/repository/postgres/po_repo.go:250.16,252.3 1 0
github.com/moedahpos/backend/internal/repository/postgres/po_repo.go:253.2,253.40 1 0
github.com/moedahpos/backend/internal/repository/postgres/po_repo.go:253.40,255.3 1 0
github.com/moedahpos/backend/internal/repository/postgres/po_repo.go:258.2,260.16 1 0
github.com/moedahpos/backend/internal/repository/postgres/po_repo.go:260.16,262.3 1 0
github.com/moedahpos/backend/internal/repository/postgres/po_repo.go:264.2,283.29 5 0
github.com/moedahpos/backend/internal/repository/postgres/po_repo.go:283.29,284.107 1 0
github.com/moedahpos/backend/internal/repository/postgres/po_repo.go:284.107,286.4 1 0
github.com/moedahpos/backend/internal/repository/postgres/po_repo.go:287.3,287.93 1 0
github.com/moedahpos/backend/internal/repository/postgres/po_repo.go:287.93,289.4 1 0
github.com/moedahpos/backend/internal/repository/postgres/po_repo.go:291.3,291.84 1 0
github.com/moedahpos/backend/internal/repository/postgres/po_repo.go:291.84,293.4 1 0
github.com/moedahpos/backend/internal/repository/postgres/po_repo.go:295.3,295.117 1 0
github.com/moedahpos/backend/internal/repository/postgres/po_repo.go:295.117,297.4 1 0
github.com/moedahpos/backend/internal/repository/postgres/po_repo.go:300.2,300.20 1 0
github.com/moedahpos/backend/internal/repository/postgres/po_repo.go:303.65,309.16 4 0
github.com/moedahpos/backend/internal/repository/postgres/po_repo.go:309.16,311.3 1 0
github.com/moedahpos/backend/internal/repository/postgres/po_repo.go:312.2,312.40 1 0
github.com/moedahpos/backend/internal/repository/postgres/po_repo.go:312.40,314.3 1 0
github.com/moedahpos/backend/internal/repository/postgres/po_repo.go:315.2,315.12 1 0
github.com/moedahpos/backend/internal/repository/postgres/po_repo.go:318.79,336.2 6 0
github.com/moedahpos/backend/internal/repository/postgres/price_history_repo.go:16.57,16.93 1 0
github.com/moedahpos/backend/internal/repository/postgres/price_history_repo.go:19.85,29.16 3 0
github.com/moedahpos/backend/internal/repository/postgres/price_history_repo.go:29.16,31.3 1 0
github.com/moedahpos/backend/internal/repository/postgres/price_history_repo.go:32.2,32.12 1 0
github.com/moedahpos/backend/internal/repository/postgres/price_history_repo.go:36.144,39.83 3 0
github.com/moedahpos/backend/internal/repository/postgres/price_history_repo.go:39.83,41.3 1 0
github.com/moedahpos/backend/internal/repository/postgres/price_history_repo.go:43.2,58.92 3 0
github.com/moedahpos/backend/internal/repository/postgres/price_history_repo.go:58.92,60.3 1 0
github.com/moedahpos/backend/internal/repository/postgres/price_history_repo.go:61.2,61.25 1 0
github.com/moedahpos/backend/internal/repository/postgres/price_history_repo.go:65.140,70.23 4 0
github.com/moedahpos/backend/internal/repository/postgres/price_history_repo.go:70.23,74.3 3 0
github.com/moedahpos/backend/internal/repository/postgres/price_history_repo.go:75.2,75.20 1 0
github.com/moedahpos/backend/internal/repository/postgres/price_history_repo.go:75.20,79.3 3 0
github.com/moedahpos/backend/internal/repository/postgres/price_history_repo.go:81.2,84.29 2 0
github.com/moedahpos/backend/internal/repository/postgres/price_history_repo.go:84.29,86.3 1 0
github.com/moedahpos/backend/internal/repository/postgres/price_history_repo.go:88.2,104.67 4 0
github.com/moedahpos/backend/internal/repository/postgres/price_history_repo.go:104.67,106.3 1 0
github.com/moedahpos/backend/internal/repository/postgres/price_history_repo.go:107.2,107.25 1 0
github.com/moedahpos/backend/internal/repository/postgres/restaurant_repo.go:18.43,18.72 1 0
github.com/moedahpos/backend/internal/repository/postgres/restaurant_repo.go:20.108,27.69 3 0
github.com/moedahpos/backend/internal/repository/postgres/restaurant_repo.go:27.69,29.3 1 0
github.com/moedahpos/backend/internal/repository/postgres/restaurant_repo.go:30.2,30.20 1 0
github.com/moedahpos/backend/internal/repository/postgres/restaurant_repo.go:33.95,38.72 3 0
github.com/moedahpos/backend/internal/repository/postgres/restaurant_repo.go:38.72,39.36 1 0
github.com/moedahpos/backend/internal/repository/postgres/restaurant_repo.go:39.36,41.4 1 0
github.com/moedahpos/backend/internal/repository/postgres/restaurant_repo.go:42.3,42.56 1 0
github.com/moedahpos/backend/internal/repository/postgres/restaurant_repo.go:44.2,44.15 1 0
github.com/moedahpos/backend/internal/repository/postgres/restaurant_repo.go:47.109,56.16 4 0
github.com/moedahpos/backend/internal/repository/postgres/restaurant_repo.go:56.16,58.3 1 0
github.com/moedahpos/backend/internal/repository/postgres/restaurant_repo.go:59.2,59.17 1 0
github.com/moedahpos/backend/internal/repository/postgres/restaurant_repo.go:62.109,70.16 4 0
github.com/moedahpos/backend/internal/repository/postgres/restaurant_repo.go:70.16,71.36 1 0
github.com/moedahpos/backend/internal/repository/postgres/restaurant_repo.go:71.36,73.4 1 0
github.com/moedahpos/backend/internal/repository/postgres/restaurant_repo.go:74.3,74.54 1 0
github.com/moedahpos/backend/internal/repository/postgres/restaurant_repo.go:76.2,76.17 1 0
github.com/moedahpos/backend/internal/repository/postgres/restaurant_repo.go:79.99,82.16 3 0
github.com/moedahpos/backend/internal/repository/postgres/restaurant_repo.go:82.16,84.3 1 0
github.com/moedahpos/backend/internal/repository/postgres/restaurant_repo.go:85.2,85.40 1 0
github.com/moedahpos/backend/internal/repository/postgres/restaurant_repo.go:85.40,87.3 1 0
github.com/moedahpos/backend/internal/repository/postgres/restaurant_repo.go:88.2,88.12 1 0
github.com/moedahpos/backend/internal/repository/postgres/restaurant_repo.go:91.70,94.16 3 0
github.com/moedahpos/backend/internal/repository/postgres/restaurant_repo.go:94.16,96.3 1 0
github.com/moedahpos/backend/internal/repository/postgres/restaurant_repo.go:97.2,97.40 1 0
github.com/moedahpos/backend/internal/repository/postgres/restaurant_repo.go:97.40,99.3 1 0
github.com/moedahpos/backend/internal/repository/postgres/restaurant_repo.go:100.2,100.12 1 0
github.com/moedahpos/backend/internal/repository/postgres/restaurant_repo.go:107.49,107.81 1 0
github.com/moedahpos/backend/internal/repository/postgres/restaurant_repo.go:109.104,122.68 3 0
github.com/moedahpos/backend/internal/repository/postgres/restaurant_repo.go:122.68,124.3 1 0
github.com/moedahpos/backend/internal/repository/postgres/restaurant_repo.go:127.2,127.21 1 0
github.com/moedahpos/backend/internal/repository/postgres/restaurant_repo.go:127.21,129.3 1 0
github.com/moedahpos/backend/internal/repository/postgres/restaurant_repo.go:130.2,131.29 2 0
github.com/moedahpos/backend/internal/repository/postgres/restaurant_repo.go:131.29,133.3 1 0
github.com/moedahpos/backend/internal/repository/postgres/restaurant_repo.go:134.2,135.16 2 0
github.com/moedahpos/backend/internal/repository/postgres/restaurant_repo.go:135.16,137.3 1 0
github.com/moedahpos/backend/internal/repository/postgres/restaurant_repo.go:138.2,138.29 1 0
github.com/moedahpos/backend/internal/repository/postgres/restaurant_repo.go:138.29,140.3 1 0
github.com/moedahpos/backend/internal/repository/postgres/restaurant_repo.go:141.2,141.19 1 0
github.com/moedahpos/backend/internal/repository/postgres/restaurant_repo.go:144.91,156.75 3 0
github.com/moedahpos/backend/internal/repository/postgres/restaurant_repo.go:156.75,157.36 1 0
github.com/moedahpos/backend/internal/repository/postgres/restaurant_repo.go:157.36,159.4 1 0
github.com/moedahpos/backend/internal/repository/postgres/restaurant_repo.go:160.3,160.59 1 0
github.com/moedahpos/backend/internal/repository/postgres/restaurant_repo.go:162.2,163.16 2 0
github.com/moedahpos/backend/internal/repository/postgres/restaurant_repo.go:163.16,165.3 1 0
github.com/moedahpos/backend/internal/repository/postgres/restaurant_repo.go:166.2,167.18 2 0
github.com/moedahpos/backend/internal/repository/postgres/restaurant_repo.go:170.123,171.19 1 0
github.com/moedahpos/backend/internal/repository/postgres/restaurant_repo.go:171.19,173.3 1 0
github.com/moedahpos/backend/internal/repository/postgres/restaurant_repo.go:174.2,181.16 2 0
github.com/moedahpos/backend/internal/repository/postgres/restaurant_repo.go:181.16,183.3 1 0
github.com/moedahpos/backend/internal/repository/postgres/restaurant_repo.go:184.2,186.71 3 0
github.com/moedahpos/backend/internal/repository/postgres/restaurant_repo.go:186.71,188.3 1 0
github.com/moedahpos/backend/internal/repository/postgres/restaurant_repo.go:189.2,190.27 2 0
github.com/moedahpos/backend/internal/repository/postgres/restaurant_repo.go:190.27,192.3 1 0
github.com/moedahpos/backend/internal/repository/postgres/restaurant_repo.go:193.2,193.15 1 0
github.com/moedahpos/backend/internal/repository/postgres/restaurant_repo.go:196.101,207.16 4 0
github.com/moedahpos/backend/internal/repository/postgres/restaurant_repo.go:207.16,209.3 1 0
github.com/moedahpos/backend/internal/repository/postgres/restaurant_repo.go:210.2,210.17 1 0
github.com/moedahpos/backend/internal/repository/postgres/restaurant_repo.go:213.101,228.16 4 0
github.com/moedahpos/backend/internal/repository/postgres/restaurant_repo.go:228.16,229.36 1 0
github.com/moedahpos/backend/internal/repository/postgres/restaurant_repo.go:229.36,231.4 1 0
github.com/moedahpos/backend/internal/repository/postgres/restaurant_repo.go:232.3,232.57 1 0
github.com/moedahpos/backend/internal/repository/postgres/restaurant_repo.go:234.2,234.17 1 0
github.com/moedahpos/backend/internal/repository/postgres/restaurant_repo.go:237.123,239.16 2 0
github.com/moedahpos/backend/internal/repository/postgres/restaurant_repo.go:239.16,241.3 1 0
github.com/moedahpos/backend/internal/repository/postgres/restaurant_repo.go:242.2,242.15 1 0
github.com/moedahpos/backend/internal/repository/postgres/restaurant_repo.go:242.15,242.36 1 0
github.com/moedahpos/backend/internal/repository/postgres/restaurant_repo.go:244.2,244.120 1 0
github.com/moedahpos/backend/internal/repository/postgres/restaurant_repo.go:244.120,246.3 1 0
github.com/moedahpos/backend/internal/repository/postgres/restaurant_repo.go:247.2,247.27 1 0
github.com/moedahpos/backend/internal/repository/postgres/restaurant_repo.go:247.27,250.59 1 0
github.com/moedahpos/backend/internal/repository/postgres/restaurant_repo.go:250.59,252.4 1 0
github.com/moedahpos/backend/internal/repository/postgres/restaurant_repo.go:254.2,254.20 1 0
github.com/moedahpos/backend/internal/repository/postgres/restaurant_repo.go:257.73,260.16 3 0
github.com/moedahpos/backend/internal/repository/postgres/restaurant_repo.go:260.16,262.3 1 0
github.com/moedahpos/backend/internal/repository/postgres/restaurant_repo.go:263.2,263.40 1 0
github.com/moedahpos/backend/internal/repository/postgres/restaurant_repo.go:263.40,265.3 1 0
github.com/moedahpos/backend/internal/repository/postgres/restaurant_repo.go:266.2,266.12 1 0
github.com/moedahpos/backend/internal/repository/postgres/role_repo.go:17.41,17.69 1 0
github.com/moedahpos/backend/internal/repository/postgres/role_repo.go:20.75,23.64 3 0
github.com/moedahpos/backend/internal/repository/postgres/role_repo.go:23.64,25.3 1 0
github.com/moedahpos/backend/internal/repository/postgres/role_repo.go:28.2,35.16 3 0
github.com/moedahpos/backend/internal/repository/postgres/role_repo.go:35.16,37.3 1 0
github.com/moedahpos/backend/internal/repository/postgres/role_repo.go:38.2,38.15 1 0
github.com/moedahpos/backend/internal/repository/postgres/role_repo.go:38.15,39.40 1 0
github.com/moedahpos/backend/internal/repository/postgres/role_repo.go:39.40,41.4 1 0
github.com/moedahpos/backend/internal/repository/postgres/role_repo.go:44.2,45.18 2 0
github.com/moedahpos/backend/internal/repository/postgres/role_repo.go:45.18,47.55 2 0
github.com/moedahpos/backend/internal/repository/postgres/role_repo.go:47.55,49.4 1 0
github.com/moedahpos/backend/internal/repository/postgres/role_repo.go:50.3,50.54 1 0
github.com/moedahpos/backend/internal/repository/postgres/role_repo.go:53.2,53.29 1 0
github.com/moedahpos/backend/internal/repository/postgres/role_repo.go:53.29,55.3 1 0
github.com/moedahpos/backend/internal/repository/postgres/role_repo.go:56.2,56.19 1 0
github.com/moedahpos/backend/internal/repository/postgres/stock_adjustment_repo.go:17.63,19.2 1 1
github.com/moedahpos/backend/internal/repository/postgres/stock_adjustment_repo.go:22.135,24.16 2 1
github.com/moedahpos/backend/internal/repository/postgres/stock_adjustment_repo.go:24.16,26.3 1 0
github.com/moedahpos/backend/internal/repository/postgres/stock_adjustment_repo.go:27.2,27.15 1 1
github.com/moedahpos/backend/internal/repository/postgres/stock_adjustment_repo.go:27.15,27.36 1 1
github.com/moedahpos/backend/internal/repository/postgres/stock_adjustment_repo.go:29.2,36.155 3 1
github.com/moedahpos/backend/internal/repository/postgres/stock_adjustment_repo.go:36.155,38.3 1 0
github.com/moedahpos/backend/internal/repository/postgres/stock_adjustment_repo.go:40.2,40.25 1 1
github.com/moedahpos/backend/internal/repository/postgres/stock_adjustment_repo.go:40.25,55.92 4 1
github.com/moedahpos/backend/internal/repository/postgres/stock_adjustment_repo.go:55.92,57.4 1 0
github.com/moedahpos/backend/internal/repository/postgres/stock_adjustment_repo.go:60.3,61.29 2 1
github.com/moedahpos/backend/internal/repository/postgres/stock_adjustment_repo.go:61.29,63.4 1 1
github.com/moedahpos/backend/internal/repository/postgres/stock_adjustment_repo.go:64.3,64.34 1 1
github.com/moedahpos/backend/internal/repository/postgres/stock_adjustment_repo.go:64.34,66.4 1 1
github.com/moedahpos/backend/internal/repository/postgres/stock_adjustment_repo.go:68.3,69.29 2 1
github.com/moedahpos/backend/internal/repository/postgres/stock_adjustment_repo.go:69.29,70.22 1 1
github.com/moedahpos/backend/internal/repository/postgres/stock_adjustment_repo.go:70.22,71.10 1 0
github.com/moedahpos/backend/internal/repository/postgres/stock_adjustment_repo.go:73.4,74.26 2 1
github.com/moedahpos/backend/internal/repository/postgres/stock_adjustment_repo.go:74.26,76.5 1 1
github.com/moedahpos/backend/internal/repository/postgres/stock_adjustment_repo.go:77.4,80.129 2 1
github.com/moedahpos/backend/internal/repository/postgres/stock_adjustment_repo.go:80.129,82.5 1 0
github.com/moedahpos/backend/internal/repository/postgres/stock_adjustment_repo.go:85.4,86.192 2 1
github.com/moedahpos/backend/internal/repository/postgres/stock_adjustment_repo.go:86.192,88.5 1 0
github.com/moedahpos/backend/internal/repository/postgres/stock_adjustment_repo.go:90.4,90.23 1 1
github.com/moedahpos/backend/internal/repository/postgres/stock_adjustment_repo.go:94.3,94.182 1 1
github.com/moedahpos/backend/internal/repository/postgres/stock_adjustment_repo.go:94.182,96.4 1 0
github.com/moedahpos/backend/internal/repository/postgres/stock_adjustment_repo.go:99.3,101.99 2 1
github.com/moedahpos/backend/internal/repository/postgres/stock_adjustment_repo.go:101.99,103.4 1 0
github.com/moedahpos/backend/internal/repository/postgres/stock_adjustment_repo.go:105.8,105.31 1 1
github.com/moedahpos/backend/internal/repository/postgres/stock_adjustment_repo.go:105.31,111.23 3 1
github.com/moedahpos/backend/internal/repository/postgres/stock_adjustment_repo.go:111.23,114.4 1 0
github.com/moedahpos/backend/internal/repository/postgres/stock_adjustment_repo.go:116.3,118.83 2 1
github.com/moedahpos/backend/internal/repository/postgres/stock_adjustment_repo.go:118.83,120.4 1 0
github.com/moedahpos/backend/internal/repository/postgres/stock_adjustment_repo.go:123.3,124.200 2 1
github.com/moedahpos/backend/internal/repository/postgres/stock_adjustment_repo.go:124.200,126.4 1 0
github.com/moedahpos/backend/internal/repository/postgres/stock_adjustment_repo.go:129.3,133.76 1 1
github.com/moedahpos/backend/internal/repository/postgres/stock_adjustment_repo.go:133.76,135.4 1 0
github.com/moedahpos/backend/internal/repository/postgres/stock_adjustment_repo.go:138.3,140.98 2 1
github.com/moedahpos/backend/internal/repository/postgres/stock_adjustment_repo.go:140.98,142.4 1 0
github.com/moedahpos/backend/internal/repository/postgres/stock_adjustment_repo.go:145.2,145.20 1 1
github.com/moedahpos/backend/internal/repository/postgres/stock_adjustment_repo.go:148.148,161.42 3 0
github.com/moedahpos/backend/internal/repository/postgres/stock_adjustment_repo.go:161.42,164.3 2 0
github.com/moedahpos/backend/internal/repository/postgres/stock_adjustment_repo.go:166.2,169.74 3 0
github.com/moedahpos/backend/internal/repository/postgres/stock_adjustment_repo.go:169.74,171.3 1 0
github.com/moedahpos/backend/internal/repository/postgres/stock_adjustment_repo.go:173.2,173.25 1 0
github.com/moedahpos/backend/internal/repository/postgres/store_product_stock_repo.go:22.43,22.72 1 0
github.com/moedahpos/backend/internal/repository/postgres/store_product_stock_repo.go:24.89,31.16 4 0
github.com/moedahpos/backend/internal/repository/postgres/store_product_stock_repo.go:31.16,33.3 1 0
github.com/moedahpos/backend/internal/repository/postgres/store_product_stock_repo.go:34.2,34.17 1 0
github.com/moedahpos/backend/internal/repository/postgres/store_product_stock_repo.go:37.108,42.25 4 0
github.com/moedahpos/backend/internal/repository/postgres/store_product_stock_repo.go:42.25,46.3 3 0
github.com/moedahpos/backend/internal/repository/postgres/store_product_stock_repo.go:47.2,47.28 1 0
github.com/moedahpos/backend/internal/repository/postgres/store_product_stock_repo.go:47.28,51.3 3 0
github.com/moedahpos/backend/internal/repository/postgres/store_product_stock_repo.go:53.2,58.81 4 0
github.com/moedahpos/backend/internal/repository/postgres/store_product_stock_repo.go:58.81,60.3 1 0
github.com/moedahpos/backend/internal/repository/postgres/store_product_stock_repo.go:63.2,71.73 4 0
github.com/moedahpos/backend/internal/repository/postgres/store_product_stock_repo.go:71.73,73.3 1 0
github.com/moedahpos/backend/internal/repository/postgres/store_product_stock_repo.go:74.2,74.27 1 0
github.com/moedahpos/backend/internal/repository/postgres/store_product_stock_repo.go:77.85,82.72 3 0
github.com/moedahpos/backend/internal/repository/postgres/store_product_stock_repo.go:82.72,83.36 1 0
github.com/moedahpos/backend/internal/repository/postgres/store_product_stock_repo.go:83.36,85.4 1 0
github.com/moedahpos/backend/internal/repository/postgres/store_product_stock_repo.go:86.3,86.56 1 0
github.com/moedahpos/backend/internal/repository/postgres/store_product_stock_repo.go:88.2,88.15 1 0
github.com/moedahpos/backend/internal/repository/postgres/store_product_stock_repo.go:91.89,99.16 4 0
github.com/moedahpos/backend/internal/repository/postgres/store_product_stock_repo.go:99.16,100.36 1 0
github.com/moedahpos/backend/internal/repository/postgres/store_product_stock_repo.go:100.36,102.4 1 0
github.com/moedahpos/backend/internal/repository/postgres/store_product_stock_repo.go:103.3,103.54 1 0
github.com/moedahpos/backend/internal/repository/postgres/store_product_stock_repo.go:105.2,105.17 1 0
github.com/moedahpos/backend/internal/repository/postgres/store_product_stock_repo.go:109.70,112.16 3 0
github.com/moedahpos/backend/internal/repository/postgres/store_product_stock_repo.go:112.16,114.3 1 0
github.com/moedahpos/backend/internal/repository/postgres/store_product_stock_repo.go:115.2,115.40 1 0
github.com/moedahpos/backend/internal/repository/postgres/store_product_stock_repo.go:115.40,117.3 1 0
github.com/moedahpos/backend/internal/repository/postgres/store_product_stock_repo.go:118.2,118.12 1 0
github.com/moedahpos/backend/internal/repository/postgres/store_product_stock_repo.go:123.104,128.86 3 0
github.com/moedahpos/backend/internal/repository/postgres/store_product_stock_repo.go:128.86,129.36 1 0
github.com/moedahpos/backend/internal/repository/postgres/store_product_stock_repo.go:129.36,131.4 1 0
github.com/moedahpos/backend/internal/repository/postgres/store_product_stock_repo.go:132.3,132.58 1 0
github.com/moedahpos/backend/internal/repository/postgres/store_product_stock_repo.go:134.2,134.16 1 0
github.com/moedahpos/backend/internal/repository/postgres/store_product_stock_repo.go:137.101,154.70 3 0
github.com/moedahpos/backend/internal/repository/postgres/store_product_stock_repo.go:154.70,156.3 1 0
github.com/moedahpos/backend/internal/repository/postgres/store_product_stock_repo.go:157.2,157.21 1 0
github.com/moedahpos/backend/internal/repository/postgres/store_product_stock_repo.go:160.80,165.86 2 0
github.com/moedahpos/backend/internal/repository/postgres/store_product_stock_repo.go:165.86,167.3 1 0
github.com/moedahpos/backend/internal/repository/postgres/store_product_stock_repo.go:168.2,168.12 1 0
github.com/moedahpos/backend/internal/repository/postgres/store_product_stock_repo.go:171.97,173.77 2 0
github.com/moedahpos/backend/internal/repository/postgres/store_product_stock_repo.go:173.77,175.3 1 0
github.com/moedahpos/backend/internal/repository/postgres/store_product_stock_repo.go:176.2,176.12 1 0
github.com/moedahpos/backend/internal/repository/postgres/store_product_stock_repo.go:180.89,183.16 3 0
github.com/moedahpos/backend/internal/repository/postgres/store_product_stock_repo.go:183.16,185.3 1 0
github.com/moedahpos/backend/internal/repository/postgres/store_product_stock_repo.go:186.2,186.40 1 0
github.com/moedahpos/backend/internal/repository/postgres/store_product_stock_repo.go:186.40,188.3 1 0
github.com/moedahpos/backend/internal/repository/postgres/store_product_stock_repo.go:189.2,189.12 1 0
github.com/moedahpos/backend/internal/repository/postgres/store_product_stock_repo.go:196.49,196.81 1 1
github.com/moedahpos/backend/internal/repository/postgres/store_product_stock_repo.go:198.98,204.101 3 1
github.com/moedahpos/backend/internal/repository/postgres/store_product_stock_repo.go:204.101,206.3 1 0
github.com/moedahpos/backend/internal/repository/postgres/store_product_stock_repo.go:207.2,207.17 1 1
github.com/moedahpos/backend/internal/repository/postgres/store_product_stock_repo.go:210.104,219.67 3 0
github.com/moedahpos/backend/internal/repository/postgres/store_product_stock_repo.go:219.67,221.3 1 0
github.com/moedahpos/backend/internal/repository/postgres/store_product_stock_repo.go:222.2,222.18 1 0
github.com/moedahpos/backend/internal/repository/postgres/store_product_stock_repo.go:225.91,230.72 3 0
github.com/moedahpos/backend/internal/repository/postgres/store_product_stock_repo.go:230.72,231.36 1 0
github.com/moedahpos/backend/internal/repository/postgres/store_product_stock_repo.go:231.36,233.4 1 0
github.com/moedahpos/backend/internal/repository/postgres/store_product_stock_repo.go:234.3,234.59 1 0
github.com/moedahpos/backend/internal/repository/postgres/store_product_stock_repo.go:236.2,236.15 1 0
github.com/moedahpos/backend/internal/repository/postgres/store_product_stock_repo.go:239.98,245.96 3 0
github.com/moedahpos/backend/internal/repository/postgres/store_product_stock_repo.go:245.96,246.36 1 0
github.com/moedahpos/backend/internal/repository/postgres/store_product_stock_repo.go:246.36,248.4 1 0
github.com/moedahpos/backend/internal/repository/postgres/store_product_stock_repo.go:249.3,249.57 1 0
github.com/moedahpos/backend/internal/repository/postgres/store_product_stock_repo.go:251.2,251.17 1 0
github.com/moedahpos/backend/internal/repository/postgres/store_product_stock_repo.go:254.73,257.16 3 0
github.com/moedahpos/backend/internal/repository/postgres/store_product_stock_repo.go:257.16,259.3 1 0
github.com/moedahpos/backend/internal/repository/postgres/store_product_stock_repo.go:260.2,260.40 1 0
github.com/moedahpos/backend/internal/repository/postgres/store_product_stock_repo.go:260.40,262.3 1 0
github.com/moedahpos/backend/internal/repository/postgres/store_product_stock_repo.go:263.2,263.12 1 0
github.com/moedahpos/backend/internal/repository/postgres/store_product_stock_repo.go:270.47,270.78 1 1
github.com/moedahpos/backend/internal/repository/postgres/store_product_stock_repo.go:272.95,284.16 4 1
github.com/moedahpos/backend/internal/repository/postgres/store_product_stock_repo.go:284.16,286.3 1 0
github.com/moedahpos/backend/internal/repository/postgres/store_product_stock_repo.go:287.2,287.17 1 1
github.com/moedahpos/backend/internal/repository/postgres/store_product_stock_repo.go:290.109,296.20 5 0
github.com/moedahpos/backend/internal/repository/postgres/store_product_stock_repo.go:296.20,300.3 3 0
github.com/moedahpos/backend/internal/repository/postgres/store_product_stock_repo.go:301.2,301.24 1 0
github.com/moedahpos/backend/internal/repository/postgres/store_product_stock_repo.go:301.24,305.3 3 0
github.com/moedahpos/backend/internal/repository/postgres/store_product_stock_repo.go:306.2,306.23 1 0
github.com/moedahpos/backend/internal/repository/postgres/store_product_stock_repo.go:306.23,310.3 3 0
github.com/moedahpos/backend/internal/repository/postgres/store_product_stock_repo.go:312.2,317.29 3 0
github.com/moedahpos/backend/internal/repository/postgres/store_product_stock_repo.go:317.29,319.3 1 0
github.com/moedahpos/backend/internal/repository/postgres/store_product_stock_repo.go:321.2,324.17 4 0
github.com/moedahpos/backend/internal/repository/postgres/store_product_stock_repo.go:324.17,327.3 2 0
github.com/moedahpos/backend/internal/repository/postgres/store_product_stock_repo.go:329.2,344.75 3 0
github.com/moedahpos/backend/internal/repository/postgres/store_product_stock_repo.go:344.75,346.3 1 0
github.com/moedahpos/backend/internal/repository/postgres/store_product_stock_repo.go:347.2,347.29 1 0
github.com/moedahpos/backend/internal/repository/postgres/store_product_stock_repo.go:350.89,361.72 3 0
github.com/moedahpos/backend/internal/repository/postgres/store_product_stock_repo.go:361.72,362.36 1 0
github.com/moedahpos/backend/internal/repository/postgres/store_product_stock_repo.go:362.36,364.4 1 0
github.com/moedahpos/backend/internal/repository/postgres/store_product_stock_repo.go:365.3,365.58 1 0
github.com/moedahpos/backend/internal/repository/postgres/store_product_stock_repo.go:367.2,367.15 1 0
github.com/moedahpos/backend/internal/repository/postgres/store_product_stock_repo.go:370.108,381.86 3 0
github.com/moedahpos/backend/internal/repository/postgres/store_product_stock_repo.go:381.86,382.36 1 0
github.com/moedahpos/backend/internal/repository/postgres/store_product_stock_repo.go:382.36,384.4 1 0
github.com/moedahpos/backend/internal/repository/postgres/store_product_stock_repo.go:385.3,385.63 1 0
github.com/moedahpos/backend/internal/repository/postgres/store_product_stock_repo.go:387.2,387.15 1 0
github.com/moedahpos/backend/internal/repository/postgres/store_product_stock_repo.go:390.102,393.21 3 0
github.com/moedahpos/backend/internal/repository/postgres/store_product_stock_repo.go:393.21,396.3 2 0
github.com/moedahpos/backend/internal/repository/postgres/store_product_stock_repo.go:397.2,399.77 3 0
github.com/moedahpos/backend/internal/repository/postgres/store_product_stock_repo.go:399.77,401.3 1 0
github.com/moedahpos/backend/internal/repository/postgres/store_product_stock_repo.go:402.2,402.20 1 0
github.com/moedahpos/backend/internal/repository/postgres/store_product_stock_repo.go:405.95,418.16 4 0
github.com/moedahpos/backend/internal/repository/postgres/store_product_stock_repo.go:418.16,419.36 1 0
github.com/moedahpos/backend/internal/repository/postgres/store_product_stock_repo.go:419.36,421.4 1 0
github.com/moedahpos/backend/internal/repository/postgres/store_product_stock_repo.go:422.3,422.56 1 0
github.com/moedahpos/backend/internal/repository/postgres/store_product_stock_repo.go:424.2,424.17 1 0
github.com/moedahpos/backend/internal/repository/postgres/store_product_stock_repo.go:427.72,430.16 3 0
github.com/moedahpos/backend/internal/repository/postgres/store_product_stock_repo.go:430.16,432.3 1 0
github.com/moedahpos/backend/internal/repository/postgres/store_product_stock_repo.go:433.2,433.40 1 0
github.com/moedahpos/backend/internal/repository/postgres/store_product_stock_repo.go:433.40,435.3 1 0
github.com/moedahpos/backend/internal/repository/postgres/store_product_stock_repo.go:436.2,436.12 1 0
github.com/moedahpos/backend/internal/repository/postgres/store_product_stock_repo.go:443.43,443.72 1 1
github.com/moedahpos/backend/internal/repository/postgres/store_product_stock_repo.go:445.125,452.18 2 1
github.com/moedahpos/backend/internal/repository/postgres/store_product_stock_repo.go:452.18,454.3 1 1
github.com/moedahpos/backend/internal/repository/postgres/store_product_stock_repo.go:455.2,458.69 3 1
github.com/moedahpos/backend/internal/repository/postgres/store_product_stock_repo.go:458.69,460.3 1 0
github.com/moedahpos/backend/internal/repository/postgres/store_product_stock_repo.go:461.2,461.20 1 1
github.com/moedahpos/backend/internal/repository/postgres/store_product_stock_repo.go:464.116,472.89 3 1
github.com/moedahpos/backend/internal/repository/postgres/store_product_stock_repo.go:472.89,473.36 1 1
github.com/moedahpos/backend/internal/repository/postgres/store_product_stock_repo.go:473.36,475.4 1 1
github.com/moedahpos/backend/internal/repository/postgres/store_product_stock_repo.go:476.3,476.66 1 0
github.com/moedahpos/backend/internal/repository/postgres/store_product_stock_repo.go:478.2,478.16 1 1
github.com/moedahpos/backend/internal/repository/postgres/store_product_stock_repo.go:481.103,486.77 2 1
github.com/moedahpos/backend/internal/repository/postgres/store_product_stock_repo.go:486.77,488.3 1 0
github.com/moedahpos/backend/internal/repository/postgres/store_product_stock_repo.go:489.2,489.12 1 1
github.com/moedahpos/backend/internal/repository/postgres/store_product_stock_repo.go:493.103,495.16 2 1
github.com/moedahpos/backend/internal/repository/postgres/store_product_stock_repo.go:495.16,497.3 1 0
github.com/moedahpos/backend/internal/repository/postgres/store_product_stock_repo.go:498.2,498.15 1 1
github.com/moedahpos/backend/internal/repository/postgres/store_product_stock_repo.go:498.15,498.36 1 1
github.com/moedahpos/backend/internal/repository/postgres/store_product_stock_repo.go:501.2,507.16 2 1
github.com/moedahpos/backend/internal/repository/postgres/store_product_stock_repo.go:507.16,509.3 1 1
github.com/moedahpos/backend/internal/repository/postgres/store_product_stock_repo.go:512.2,519.114 3 1
github.com/moedahpos/backend/internal/repository/postgres/store_product_stock_repo.go:519.114,521.3 1 0
github.com/moedahpos/backend/internal/repository/postgres/store_product_stock_repo.go:523.2,523.36 1 1
github.com/moedahpos/backend/internal/repository/postgres/store_product_stock_repo.go:523.36,525.3 1 0
github.com/moedahpos/backend/internal/repository/postgres/store_product_stock_repo.go:528.2,531.16 3 1
github.com/moedahpos/backend/internal/repository/postgres/store_product_stock_repo.go:534.121,540.23 5 1
github.com/moedahpos/backend/internal/repository/postgres/store_product_stock_repo.go:540.23,544.3 3 0
github.com/moedahpos/backend/internal/repository/postgres/store_product_stock_repo.go:545.2,545.21 1 1
github.com/moedahpos/backend/internal/repository/postgres/store_product_stock_repo.go:545.21,549.3 3 0
github.com/moedahpos/backend/internal/repository/postgres/store_product_stock_repo.go:551.2,556.29 3 1
github.com/moedahpos/backend/internal/repository/postgres/store_product_stock_repo.go:556.29,558.3 1 0
github.com/moedahpos/backend/internal/repository/postgres/store_product_stock_repo.go:560.2,573.76 4 1
github.com/moedahpos/backend/internal/repository/postgres/store_product_stock_repo.go:573.76,575.3 1 0
github.com/moedahpos/backend/internal/repository/postgres/store_product_stock_repo.go:576.2,576.30 1 1
github.com/moedahpos/backend/internal/repository/postgres/store_product_stock_repo.go:581.125,583.16 2 1
github.com/moedahpos/backend/internal/repository/postgres/store_product_stock_repo.go:583.16,585.3 1 0
github.com/moedahpos/backend/internal/repository/postgres/store_product_stock_repo.go:586.2,586.15 1 1
github.com/moedahpos/backend/internal/repository/postgres/store_product_stock_repo.go:586.15,586.36 1 1
github.com/moedahpos/backend/internal/repository/postgres/store_product_stock_repo.go:588.2,591.96 2 1
github.com/moedahpos/backend/internal/repository/postgres/store_product_stock_repo.go:591.96,593.3 1 0
github.com/moedahpos/backend/internal/repository/postgres/store_product_stock_repo.go:595.2,599.77 2 1
github.com/moedahpos/backend/internal/repository/postgres/store_product_stock_repo.go:599.77,601.3 1 0
github.com/moedahpos/backend/internal/repository/postgres/store_product_stock_repo.go:603.2,603.20 1 1
github.com/moedahpos/backend/internal/repository/postgres/supplier_report_repo.go:21.49,21.81 1 1
github.com/moedahpos/backend/internal/repository/postgres/supplier_report_repo.go:23.98,29.122 3 1
github.com/moedahpos/backend/internal/repository/postgres/supplier_report_repo.go:29.122,31.3 1 0
github.com/moedahpos/backend/internal/repository/postgres/supplier_report_repo.go:32.2,32.17 1 1
github.com/moedahpos/backend/internal/repository/postgres/supplier_report_repo.go:35.112,40.20 4 1
github.com/moedahpos/backend/internal/repository/postgres/supplier_report_repo.go:40.20,44.3 3 1
github.com/moedahpos/backend/internal/repository/postgres/supplier_report_repo.go:45.2,45.23 1 1
github.com/moedahpos/backend/internal/repository/postgres/supplier_report_repo.go:45.23,49.3 3 1
github.com/moedahpos/backend/internal/repository/postgres/supplier_report_repo.go:50.2,55.29 3 1
github.com/moedahpos/backend/internal/repository/postgres/supplier_report_repo.go:55.29,57.3 1 0
github.com/moedahpos/backend/internal/repository/postgres/supplier_report_repo.go:59.2,66.76 4 1
github.com/moedahpos/backend/internal/repository/postgres/supplier_report_repo.go:66.76,68.3 1 0
github.com/moedahpos/backend/internal/repository/postgres/supplier_report_repo.go:69.2,69.30 1 1
github.com/moedahpos/backend/internal/repository/postgres/supplier_report_repo.go:72.91,77.72 3 1
github.com/moedahpos/backend/internal/repository/postgres/supplier_report_repo.go:77.72,78.36 1 1
github.com/moedahpos/backend/internal/repository/postgres/supplier_report_repo.go:78.36,80.4 1 1
github.com/moedahpos/backend/internal/repository/postgres/supplier_report_repo.go:81.3,81.59 1 0
github.com/moedahpos/backend/internal/repository/postgres/supplier_report_repo.go:83.2,83.15 1 1
github.com/moedahpos/backend/internal/repository/postgres/supplier_report_repo.go:86.98,92.140 3 1
github.com/moedahpos/backend/internal/repository/postgres/supplier_report_repo.go:92.140,93.36 1 0
github.com/moedahpos/backend/internal/repository/postgres/supplier_report_repo.go:93.36,95.4 1 0
github.com/moedahpos/backend/internal/repository/postgres/supplier_report_repo.go:96.3,96.57 1 0
github.com/moedahpos/backend/internal/repository/postgres/supplier_report_repo.go:98.2,98.17 1 1
github.com/moedahpos/backend/internal/repository/postgres/supplier_report_repo.go:101.73,104.16 3 1
github.com/moedahpos/backend/internal/repository/postgres/supplier_report_repo.go:104.16,106.3 1 0
github.com/moedahpos/backend/internal/repository/postgres/supplier_report_repo.go:107.2,107.40 1 1
github.com/moedahpos/backend/internal/repository/postgres/supplier_report_repo.go:107.40,109.3 1 1
github.com/moedahpos/backend/internal/repository/postgres/supplier_report_repo.go:110.2,110.12 1 1
github.com/moedahpos/backend/internal/repository/postgres/supplier_report_repo.go:117.45,117.75 1 1
github.com/moedahpos/backend/internal/repository/postgres/supplier_report_repo.go:119.123,187.77 3 0
github.com/moedahpos/backend/internal/repository/postgres/supplier_report_repo.go:187.77,189.3 1 0
github.com/moedahpos/backend/internal/repository/postgres/supplier_report_repo.go:190.2,190.18 1 0
github.com/moedahpos/backend/internal/repository/postgres/supplier_report_repo.go:193.127,214.77 3 1
github.com/moedahpos/backend/internal/repository/postgres/supplier_report_repo.go:214.77,216.3 1 0
github.com/moedahpos/backend/internal/repository/postgres/supplier_report_repo.go:217.2,217.18 1 1
github.com/moedahpos/backend/internal/repository/postgres/supplier_report_repo.go:220.127,234.77 3 0
github.com/moedahpos/backend/internal/repository/postgres/supplier_report_repo.go:234.77,236.3 1 0
github.com/moedahpos/backend/internal/repository/postgres/supplier_report_repo.go:237.2,237.18 1 0
github.com/moedahpos/backend/internal/repository/postgres/supplier_report_repo.go:240.107,255.67 3 1
github.com/moedahpos/backend/internal/repository/postgres/supplier_report_repo.go:255.67,257.3 1 0
github.com/moedahpos/backend/internal/repository/postgres/supplier_report_repo.go:258.2,258.18 1 1
github.com/moedahpos/backend/internal/repository/postgres/supplier_report_repo.go:268.51,274.36 2 0
github.com/moedahpos/backend/internal/repository/postgres/supplier_report_repo.go:274.36,276.3 1 0
github.com/moedahpos/backend/internal/repository/postgres/supplier_report_repo.go:277.2,277.21 1 0
github.com/moedahpos/backend/internal/repository/postgres/supplier_report_repo.go:280.53,286.36 2 0
github.com/moedahpos/backend/internal/repository/postgres/supplier_report_repo.go:286.36,288.3 1 0
github.com/moedahpos/backend/internal/repository/postgres/supplier_report_repo.go:289.2,289.21 1 0
github.com/moedahpos/backend/internal/repository/postgres/supplier_report_repo.go:292.55,298.36 2 0
github.com/moedahpos/backend/internal/repository/postgres/supplier_report_repo.go:298.36,300.3 1 0
github.com/moedahpos/backend/internal/repository/postgres/supplier_report_repo.go:301.2,301.21 1 0
github.com/moedahpos/backend/internal/repository/postgres/supplier_report_repo.go:304.59,310.36 2 0
github.com/moedahpos/backend/internal/repository/postgres/supplier_report_repo.go:310.36,312.3 1 0
github.com/moedahpos/backend/internal/repository/postgres/supplier_report_repo.go:313.2,313.21 1 0
github.com/moedahpos/backend/internal/repository/postgres/supplier_report_repo.go:316.65,323.2 1 0
github.com/moedahpos/backend/internal/repository/postgres/supplier_report_repo.go:325.68,391.2 1 0
github.com/moedahpos/backend/internal/repository/postgres/supplier_report_repo.go:395.140,398.77 3 0
github.com/moedahpos/backend/internal/repository/postgres/supplier_report_repo.go:398.77,400.3 1 0
github.com/moedahpos/backend/internal/repository/postgres/supplier_report_repo.go:401.2,401.18 1 0
github.com/moedahpos/backend/internal/repository/postgres/supplier_report_repo.go:477.113,481.29 3 0
github.com/moedahpos/backend/internal/repository/postgres/supplier_report_repo.go:481.29,484.10 3 0
github.com/moedahpos/backend/internal/repository/postgres/supplier_report_repo.go:484.10,487.4 2 0
github.com/moedahpos/backend/internal/repository/postgres/supplier_report_repo.go:488.3,490.52 3 0
github.com/moedahpos/backend/internal/repository/postgres/supplier_report_repo.go:492.2,492.33 1 0
github.com/moedahpos/backend/internal/repository/postgres/supplier_report_repo.go:492.33,495.10 3 0
github.com/moedahpos/backend/internal/repository/postgres/supplier_report_repo.go:495.10,498.4 2 0
github.com/moedahpos/backend/internal/repository/postgres/supplier_report_repo.go:499.3,500.27 2 0
github.com/moedahpos/backend/internal/repository/postgres/supplier_report_repo.go:502.2,502.30 1 0
github.com/moedahpos/backend/internal/repository/postgres/supplier_report_repo.go:502.30,505.10 3 0
github.com/moedahpos/backend/internal/repository/postgres/supplier_report_repo.go:505.10,508.4 2 0
github.com/moedahpos/backend/internal/repository/postgres/supplier_report_repo.go:509.3,509.27 1 0
github.com/moedahpos/backend/internal/repository/postgres/supplier_report_repo.go:512.2,513.26 2 0
github.com/moedahpos/backend/internal/repository/postgres/supplier_report_repo.go:513.26,515.3 1 0
github.com/moedahpos/backend/internal/repository/postgres/supplier_report_repo.go:517.2,517.23 1 0
github.com/moedahpos/backend/internal/repository/postgres/supplier_report_repo.go:517.23,518.39 1 0
github.com/moedahpos/backend/internal/repository/postgres/supplier_report_repo.go:518.39,519.27 1 0
github.com/moedahpos/backend/internal/repository/postgres/supplier_report_repo.go:519.27,521.5 1 0
github.com/moedahpos/backend/internal/repository/postgres/supplier_report_repo.go:525.2,526.26 2 0
github.com/moedahpos/backend/internal/repository/postgres/supplier_report_repo.go:526.26,537.3 2 0
github.com/moedahpos/backend/internal/repository/postgres/supplier_report_repo.go:538.2,538.15 1 0
github.com/moedahpos/backend/internal/repository/postgres/supplier_report_repo.go:553.125,555.85 2 0
github.com/moedahpos/backend/internal/repository/postgres/supplier_report_repo.go:555.85,557.3 1 0
github.com/moedahpos/backend/internal/repository/postgres/supplier_report_repo.go:558.2,559.87 2 0
github.com/moedahpos/backend/internal/repository/postgres/supplier_report_repo.go:559.87,561.3 1 0
github.com/moedahpos/backend/internal/repository/postgres/supplier_report_repo.go:562.2,563.91 2 0
github.com/moedahpos/backend/internal/repository/postgres/supplier_report_repo.go:563.91,565.3 1 0
github.com/moedahpos/backend/internal/repository/postgres/supplier_report_repo.go:566.2,566.60 1 0
github.com/moedahpos/backend/internal/repository/postgres/supplier_report_repo.go:569.129,643.77 3 0
github.com/moedahpos/backend/internal/repository/postgres/supplier_report_repo.go:643.77,645.3 1 0
github.com/moedahpos/backend/internal/repository/postgres/supplier_report_repo.go:646.2,646.18 1 0
github.com/moedahpos/backend/internal/repository/postgres/termin_repo.go:17.45,17.75 1 0
github.com/moedahpos/backend/internal/repository/postgres/termin_repo.go:22.104,24.16 2 0
github.com/moedahpos/backend/internal/repository/postgres/termin_repo.go:24.16,26.3 1 0
github.com/moedahpos/backend/internal/repository/postgres/termin_repo.go:27.2,27.15 1 0
github.com/moedahpos/backend/internal/repository/postgres/termin_repo.go:27.15,27.36 1 0
github.com/moedahpos/backend/internal/repository/postgres/termin_repo.go:30.2,32.16 1 0
github.com/moedahpos/backend/internal/repository/postgres/termin_repo.go:32.16,34.3 1 0
github.com/moedahpos/backend/internal/repository/postgres/termin_repo.go:36.2,41.28 2 0
github.com/moedahpos/backend/internal/repository/postgres/termin_repo.go:41.28,44.17 1 0
github.com/moedahpos/backend/internal/repository/postgres/termin_repo.go:44.17,46.4 1 0
github.com/moedahpos/backend/internal/repository/postgres/termin_repo.go:49.2,49.20 1 0
github.com/moedahpos/backend/internal/repository/postgres/termin_repo.go:53.93,65.67 3 0
github.com/moedahpos/backend/internal/repository/postgres/termin_repo.go:65.67,67.3 1 0
github.com/moedahpos/backend/internal/repository/postgres/termin_repo.go:68.2,68.21 1 0
github.com/moedahpos/backend/internal/repository/postgres/termin_repo.go:72.95,83.62 3 0
github.com/moedahpos/backend/internal/repository/postgres/termin_repo.go:83.62,85.3 1 0
github.com/moedahpos/backend/internal/repository/postgres/termin_repo.go:86.2,86.16 1 0
github.com/moedahpos/backend/internal/repository/postgres/termin_repo.go:96.79,113.62 2 0
github.com/moedahpos/backend/internal/repository/postgres/termin_repo.go:113.62,115.3 1 0
github.com/moedahpos/backend/internal/repository/postgres/termin_repo.go:116.2,116.12 1 0
github.com/moedahpos/backend/internal/repository/postgres/termin_repo.go:120.120,139.71 3 0
github.com/moedahpos/backend/internal/repository/postgres/termin_repo.go:139.71,141.3 1 0
github.com/moedahpos/backend/internal/repository/postgres/termin_repo.go:144.2,144.9 1 0
github.com/moedahpos/backend/internal/repository/postgres/termin_repo.go:145.60,146.21 1 0
github.com/moedahpos/backend/internal/repository/postgres/termin_repo.go:147.24,148.24 1 0
github.com/moedahpos/backend/internal/repository/postgres/termin_repo.go:149.10,150.23 1 0
github.com/moedahpos/backend/internal/repository/postgres/termin_repo.go:153.2,153.16 1 0
github.com/moedahpos/backend/internal/repository/postgres/transaction_repo.go:23.55,23.90 1 1
github.com/moedahpos/backend/internal/repository/postgres/transaction_repo.go:27.121,29.16 2 1
github.com/moedahpos/backend/internal/repository/postgres/transaction_repo.go:29.16,31.3 1 0
github.com/moedahpos/backend/internal/repository/postgres/transaction_repo.go:32.2,32.15 1 1
github.com/moedahpos/backend/internal/repository/postgres/transaction_repo.go:32.15,32.36 1 1
github.com/moedahpos/backend/internal/repository/postgres/transaction_repo.go:34.2,35.18 2 1
github.com/moedahpos/backend/internal/repository/postgres/transaction_repo.go:35.18,37.3 1 0
github.com/moedahpos/backend/internal/repository/postgres/transaction_repo.go:40.2,64.16 4 1
github.com/moedahpos/backend/internal/repository/postgres/transaction_repo.go:64.16,66.3 1 0
github.com/moedahpos/backend/internal/repository/postgres/transaction_repo.go:69.2,89.35 4 1
github.com/moedahpos/backend/internal/repository/postgres/transaction_repo.go:89.35,97.32 2 1
github.com/moedahpos/backend/internal/repository/postgres/transaction_repo.go:97.32,99.4 1 0
github.com/moedahpos/backend/internal/repository/postgres/transaction_repo.go:100.3,103.57 2 1
github.com/moedahpos/backend/internal/repository/postgres/transaction_repo.go:103.57,106.18 1 1
github.com/moedahpos/backend/internal/repository/postgres/transaction_repo.go:106.18,108.5 1 0
github.com/moedahpos/backend/internal/repository/postgres/transaction_repo.go:109.4,109.102 1 1
github.com/moedahpos/backend/internal/repository/postgres/transaction_repo.go:109.102,111.5 1 0
github.com/moedahpos/backend/internal/repository/postgres/transaction_repo.go:115.2,115.36 1 1
github.com/moedahpos/backend/internal/repository/postgres/transaction_repo.go:115.36,117.3 1 0
github.com/moedahpos/backend/internal/repository/postgres/transaction_repo.go:120.2,122.17 2 1
github.com/moedahpos/backend/internal/repository/postgres/transaction_repo.go:126.118,142.88 3 0
github.com/moedahpos/backend/internal/repository/postgres/transaction_repo.go:142.88,143.36 1 0
github.com/moedahpos/backend/internal/repository/postgres/transaction_repo.go:143.36,145.4 1 0
github.com/moedahpos/backend/internal/repository/postgres/transaction_repo.go:146.3,146.69 1 0
github.com/moedahpos/backend/internal/repository/postgres/transaction_repo.go:149.2,155.75 2 0
github.com/moedahpos/backend/internal/repository/postgres/transaction_repo.go:155.75,157.3 1 0
github.com/moedahpos/backend/internal/repository/postgres/transaction_repo.go:158.2,158.17 1 0
github.com/moedahpos/backend/internal/repository/postgres/transaction_repo.go:165.105,168.16 2 0
github.com/moedahpos/backend/internal/repository/postgres/transaction_repo.go:168.16,170.3 1 0
github.com/moedahpos/backend/internal/repository/postgres/transaction_repo.go:171.2,171.15 1 0
github.com/moedahpos/backend/internal/repository/postgres/transaction_repo.go:171.15,171.36 1 0
github.com/moedahpos/backend/internal/repository/postgres/transaction_repo.go:174.2,179.119 2 0
github.com/moedahpos/backend/internal/repository/postgres/transaction_repo.go:179.119,181.3 1 0
github.com/moedahpos/backend/internal/repository/postgres/transaction_repo.go:184.2,185.211 2 0
github.com/moedahpos/backend/internal/repository/postgres/transaction_repo.go:185.211,187.3 1 0
github.com/moedahpos/backend/internal/repository/postgres/transaction_repo.go:189.2,194.52 2 0
github.com/moedahpos/backend/internal/repository/postgres/transaction_repo.go:194.52,195.20 1 0
github.com/moedahpos/backend/internal/repository/postgres/transaction_repo.go:195.20,197.4 1 0
github.com/moedahpos/backend/internal/repository/postgres/transaction_repo.go:198.3,198.23 1 0
github.com/moedahpos/backend/internal/repository/postgres/transaction_repo.go:198.23,200.4 1 0
github.com/moedahpos/backend/internal/repository/postgres/transaction_repo.go:201.3,201.19 1 0
github.com/moedahpos/backend/internal/repository/postgres/transaction_repo.go:205.2,206.27 2 0
github.com/moedahpos/backend/internal/repository/postgres/transaction_repo.go:206.27,208.41 2 0
github.com/moedahpos/backend/internal/repository/postgres/transaction_repo.go:208.41,211.4 2 0
github.com/moedahpos/backend/internal/repository/postgres/transaction_repo.go:211.9,213.4 1 0
github.com/moedahpos/backend/internal/repository/postgres/transaction_repo.go:217.2,218.35 2 0
github.com/moedahpos/backend/internal/repository/postgres/transaction_repo.go:218.35,221.3 2 0
github.com/moedahpos/backend/internal/repository/postgres/transaction_repo.go:224.2,224.37 1 0
github.com/moedahpos/backend/internal/repository/postgres/transaction_repo.go:224.37,227.29 3 0
github.com/moedahpos/backend/internal/repository/postgres/transaction_repo.go:227.29,229.4 1 0
github.com/moedahpos/backend/internal/repository/postgres/transaction_repo.go:231.3,232.15 2 0
github.com/moedahpos/backend/internal/repository/postgres/transaction_repo.go:232.15,250.18 5 0
github.com/moedahpos/backend/internal/repository/postgres/transaction_repo.go:250.18,252.5 1 0
github.com/moedahpos/backend/internal/repository/postgres/transaction_repo.go:253.9,253.22 1 0
github.com/moedahpos/backend/internal/repository/postgres/transaction_repo.go:253.22,256.36 2 0
github.com/moedahpos/backend/internal/repository/postgres/transaction_repo.go:256.36,257.31 1 0
github.com/moedahpos/backend/internal/repository/postgres/transaction_repo.go:257.31,258.24 1 0
github.com/moedahpos/backend/internal/repository/postgres/transaction_repo.go:258.24,259.12 1 0
github.com/moedahpos/backend/internal/repository/postgres/transaction_repo.go:261.6,262.63 2 0
github.com/moedahpos/backend/internal/repository/postgres/transaction_repo.go:262.63,263.15 1 0
github.com/moedahpos/backend/internal/repository/postgres/transaction_repo.go:266.6,266.33 1 0
github.com/moedahpos/backend/internal/repository/postgres/transaction_repo.go:266.33,267.105 1 0
github.com/moedahpos/backend/internal/repository/postgres/transaction_repo.go:267.105,269.8 1 0
github.com/moedahpos/backend/internal/repository/postgres/transaction_repo.go:270.7,270.30 1 0
github.com/moedahpos/backend/internal/repository/postgres/transaction_repo.go:271.12,275.154 4 0
github.com/moedahpos/backend/internal/repository/postgres/transaction_repo.go:275.154,277.8 1 0
github.com/moedahpos/backend/internal/repository/postgres/transaction_repo.go:278.7,278.20 1 0
github.com/moedahpos/backend/internal/repository/postgres/transaction_repo.go:286.2,286.41 1 0
github.com/moedahpos/backend/internal/repository/postgres/transaction_repo.go:286.41,287.35 1 0
github.com/moedahpos/backend/internal/repository/postgres/transaction_repo.go:287.35,288.30 1 0
github.com/moedahpos/backend/internal/repository/postgres/transaction_repo.go:288.30,289.103 1 0
github.com/moedahpos/backend/internal/repository/postgres/transaction_repo.go:289.103,291.6 1 0
github.com/moedahpos/backend/internal/repository/postgres/transaction_repo.go:296.2,296.36 1 0
github.com/moedahpos/backend/internal/repository/postgres/transaction_repo.go:296.36,298.3 1 0
github.com/moedahpos/backend/internal/repository/postgres/transaction_repo.go:300.2,300.31 1 0
github.com/moedahpos/backend/internal/repository/postgres/transaction_repo.go:304.141,312.87 4 0
github.com/moedahpos/backend/internal/repository/postgres/transaction_repo.go:312.87,314.3 1 0
github.com/moedahpos/backend/internal/repository/postgres/transaction_repo.go:316.2,317.16 2 0
github.com/moedahpos/backend/internal/repository/postgres/transaction_repo.go:317.16,319.3 1 0
github.com/moedahpos/backend/internal/repository/postgres/transaction_repo.go:320.2,320.15 1 0
github.com/moedahpos/backend/internal/repository/postgres/transaction_repo.go:320.15,320.36 1 0
github.com/moedahpos/backend/internal/repository/postgres/transaction_repo.go:323.2,334.16 3 0
github.com/moedahpos/backend/internal/repository/postgres/transaction_repo.go:334.16,336.3 1 0
github.com/moedahpos/backend/internal/repository/postgres/transaction_repo.go:337.2,337.40 1 0
github.com/moedahpos/backend/internal/repository/postgres/transaction_repo.go:337.40,339.3 1 0
github.com/moedahpos/backend/internal/repository/postgres/transaction_repo.go:342.2,351.32 3 0
github.com/moedahpos/backend/internal/repository/postgres/transaction_repo.go:351.32,352.28 1 0
github.com/moedahpos/backend/internal/repository/postgres/transaction_repo.go:352.28,353.12 1 0
github.com/moedahpos/backend/internal/repository/postgres/transaction_repo.go:355.3,355.127 1 0
github.com/moedahpos/backend/internal/repository/postgres/transaction_repo.go:355.127,357.4 1 0
github.com/moedahpos/backend/internal/repository/postgres/transaction_repo.go:358.3,358.95 1 0
github.com/moedahpos/backend/internal/repository/postgres/transaction_repo.go:358.95,360.4 1 0
github.com/moedahpos/backend/internal/repository/postgres/transaction_repo.go:363.2,363.36 1 0
github.com/moedahpos/backend/internal/repository/postgres/transaction_repo.go:363.36,365.3 1 0
github.com/moedahpos/backend/internal/repository/postgres/transaction_repo.go:367.2,367.45 1 0
github.com/moedahpos/backend/internal/repository/postgres/transaction_repo.go:371.121,376.20 4 0
github.com/moedahpos/backend/internal/repository/postgres/transaction_repo.go:376.20,380.3 3 0
github.com/moedahpos/backend/internal/repository/postgres/transaction_repo.go:381.2,381.23 1 0
github.com/moedahpos/backend/internal/repository/postgres/transaction_repo.go:381.23,385.3 3 0
github.com/moedahpos/backend/internal/repository/postgres/transaction_repo.go:386.2,386.21 1 0
github.com/moedahpos/backend/internal/repository/postgres/transaction_repo.go:386.21,390.3 3 0
github.com/moedahpos/backend/internal/repository/postgres/transaction_repo.go:391.2,391.22 1 0
github.com/moedahpos/backend/internal/repository/postgres/transaction_repo.go:391.22,395.3 3 0
github.com/moedahpos/backend/internal/repository/postgres/transaction_repo.go:396.2,396.20 1 0
github.com/moedahpos/backend/internal/repository/postgres/transaction_repo.go:396.20,400.3 3 0
github.com/moedahpos/backend/internal/repository/postgres/transaction_repo.go:402.2,407.29 3 0
github.com/moedahpos/backend/internal/repository/postgres/transaction_repo.go:407.29,409.3 1 0
github.com/moedahpos/backend/internal/repository/postgres/transaction_repo.go:411.2,427.71 4 0
github.com/moedahpos/backend/internal/repository/postgres/transaction_repo.go:427.71,429.3 1 0
github.com/moedahpos/backend/internal/repository/postgres/transaction_repo.go:430.2,430.25 1 0
github.com/moedahpos/backend/internal/repository/postgres/transaction_repo.go:434.97,448.77 3 1
github.com/moedahpos/backend/internal/repository/postgres/transaction_repo.go:448.77,449.36 1 0
github.com/moedahpos/backend/internal/repository/postgres/transaction_repo.go:449.36,451.4 1 0
github.com/moedahpos/backend/internal/repository/postgres/transaction_repo.go:452.3,452.62 1 0
github.com/moedahpos/backend/internal/repository/postgres/transaction_repo.go:455.2,461.71 2 1
github.com/moedahpos/backend/internal/repository/postgres/transaction_repo.go:461.71,463.3 1 0
github.com/moedahpos/backend/internal/repository/postgres/transaction_repo.go:464.2,464.17 1 1
github.com/moedahpos/backend/internal/repository/postgres/transaction_repo.go:468.81,476.70 4 0
github.com/moedahpos/backend/internal/repository/postgres/transaction_repo.go:476.70,478.3 1 0
github.com/moedahpos/backend/internal/repository/postgres/transaction_repo.go:480.2,481.124 2 0
github.com/moedahpos/backend/internal/repository/postgres/transaction_repo.go:481.124,483.3 1 0
github.com/moedahpos/backend/internal/repository/postgres/transaction_repo.go:485.2,486.16 2 0
github.com/moedahpos/backend/internal/repository/postgres/transaction_repo.go:486.16,488.3 1 0
github.com/moedahpos/backend/internal/repository/postgres/transaction_repo.go:489.2,489.15 1 0
github.com/moedahpos/backend/internal/repository/postgres/transaction_repo.go:489.15,489.36 1 0
github.com/moedahpos/backend/internal/repository/postgres/transaction_repo.go:491.2,493.16 1 0
github.com/moedahpos/backend/internal/repository/postgres/transaction_repo.go:493.16,495.3 1 0
github.com/moedahpos/backend/internal/repository/postgres/transaction_repo.go:497.2,506.29 3 0
github.com/moedahpos/backend/internal/repository/postgres/transaction_repo.go:506.29,507.28 1 0
github.com/moedahpos/backend/internal/repository/postgres/transaction_repo.go:507.28,508.12 1 0
github.com/moedahpos/backend/internal/repository/postgres/transaction_repo.go:510.3,510.109 1 0
github.com/moedahpos/backend/internal/repository/postgres/transaction_repo.go:510.109,512.4 1 0
github.com/moedahpos/backend/internal/repository/postgres/transaction_repo.go:513.3,513.94 1 0
github.com/moedahpos/backend/internal/repository/postgres/transaction_repo.go:513.94,515.4 1 0
github.com/moedahpos/backend/internal/repository/postgres/transaction_repo.go:518.2,518.20 1 0
github.com/moedahpos/backend/internal/repository/postgres/transaction_repo.go:522.109,543.67 3 0
github.com/moedahpos/backend/internal/repository/postgres/transaction_repo.go:543.67,545.3 1 0
github.com/moedahpos/backend/internal/repository/postgres/transaction_repo.go:547.2,547.20 1 0
github.com/moedahpos/backend/internal/repository/postgres/transaction_repo.go:547.20,549.3 1 0
github.com/moedahpos/backend/internal/repository/postgres/transaction_repo.go:551.2,552.25 2 0
github.com/moedahpos/backend/internal/repository/postgres/transaction_repo.go:552.25,554.3 1 0
github.com/moedahpos/backend/internal/repository/postgres/transaction_repo.go:556.2,562.16 2 0
github.com/moedahpos/backend/internal/repository/postgres/transaction_repo.go:562.16,564.3 1 0
github.com/moedahpos/backend/internal/repository/postgres/transaction_repo.go:565.2,568.76 3 0
github.com/moedahpos/backend/internal/repository/postgres/transaction_repo.go:568.76,570.3 1 0
github.com/moedahpos/backend/internal/repository/postgres/transaction_repo.go:572.2,573.30 2 0
github.com/moedahpos/backend/internal/repository/postgres/transaction_repo.go:573.30,575.3 1 0
github.com/moedahpos/backend/internal/repository/postgres/transaction_repo.go:577.2,577.25 1 0
github.com/moedahpos/backend/internal/repository/postgres/transaction_repo.go:577.25,579.3 1 0
github.com/moedahpos/backend/internal/repository/postgres/transaction_repo.go:581.2,581.18 1 0
github.com/moedahpos/backend/internal/repository/postgres/transaction_repo.go:585.97,586.31 1 0
github.com/moedahpos/backend/internal/repository/postgres/transaction_repo.go:586.31,589.3 2 0
github.com/moedahpos/backend/internal/repository/postgres/transaction_repo.go:590.2,591.12 2 0
github.com/moedahpos/backend/internal/repository/postgres/user_repo.go:21.41,23.2 1 1
github.com/moedahpos/backend/internal/repository/postgres/user_repo.go:26.86,33.103 3 1
github.com/moedahpos/backend/internal/repository/postgres/user_repo.go:33.103,35.3 1 0
github.com/moedahpos/backend/internal/repository/postgres/user_repo.go:36.2,36.17 1 1
github.com/moedahpos/backend/internal/repository/postgres/user_repo.go:40.83,47.75 3 1
github.com/moedahpos/backend/internal/repository/postgres/user_repo.go:47.75,48.36 1 1
github.com/moedahpos/backend/internal/repository/postgres/user_repo.go:48.36,50.4 1 1
github.com/moedahpos/backend/internal/repository/postgres/user_repo.go:51.3,51.55 1 0
github.com/moedahpos/backend/internal/repository/postgres/user_repo.go:53.2,53.18 1 1
github.com/moedahpos/backend/internal/repository/postgres/user_repo.go:57.89,64.78 3 0
github.com/moedahpos/backend/internal/repository/postgres/user_repo.go:64.78,65.36 1 0
github.com/moedahpos/backend/internal/repository/postgres/user_repo.go:65.36,67.4 1 0
github.com/moedahpos/backend/internal/repository/postgres/user_repo.go:68.3,68.58 1 0
github.com/moedahpos/backend/internal/repository/postgres/user_repo.go:70.2,70.18 1 0
github.com/moedahpos/backend/internal/repository/postgres/user_repo.go:74.83,77.75 3 0
github.com/moedahpos/backend/internal/repository/postgres/user_repo.go:77.75,79.3 1 0
github.com/moedahpos/backend/internal/repository/postgres/user_repo.go:80.2,80.20 1 0
github.com/moedahpos/backend/internal/repository/postgres/user_repo.go:84.103,102.68 3 0
github.com/moedahpos/backend/internal/repository/postgres/user_repo.go:102.68,104.3 1 0
github.com/moedahpos/backend/internal/repository/postgres/user_repo.go:105.2,105.20 1 0
github.com/moedahpos/backend/internal/repository/postgres/user_repo.go:111.134,117.22 5 0
github.com/moedahpos/backend/internal/repository/postgres/user_repo.go:117.22,119.3 1 0
github.com/moedahpos/backend/internal/repository/postgres/user_repo.go:120.2,120.18 1 0
github.com/moedahpos/backend/internal/repository/postgres/user_repo.go:120.18,125.3 4 0
github.com/moedahpos/backend/internal/repository/postgres/user_repo.go:128.2,130.77 3 0
github.com/moedahpos/backend/internal/repository/postgres/user_repo.go:130.77,132.3 1 0
github.com/moedahpos/backend/internal/repository/postgres/user_repo.go:135.2,143.68 4 0
github.com/moedahpos/backend/internal/repository/postgres/user_repo.go:143.68,145.3 1 0
github.com/moedahpos/backend/internal/repository/postgres/user_repo.go:146.2,146.26 1 0
github.com/moedahpos/backend/internal/repository/postgres/user_repo.go:150.94,156.85 3 0
github.com/moedahpos/backend/internal/repository/postgres/user_repo.go:156.85,157.36 1 0
github.com/moedahpos/backend/internal/repository/postgres/user_repo.go:157.36,159.4 1 0
github.com/moedahpos/backend/internal/repository/postgres/user_repo.go:160.3,160.53 1 0
github.com/moedahpos/backend/internal/repository/postgres/user_repo.go:162.2,162.15 1 0
github.com/moedahpos/backend/internal/repository/postgres/user_repo.go:166.69,169.16 2 0
github.com/moedahpos/backend/internal/repository/postgres/user_repo.go:169.16,171.3 1 0
github.com/moedahpos/backend/internal/repository/postgres/user_repo.go:172.2,172.40 1 0
github.com/moedahpos/backend/internal/repository/postgres/user_repo.go:172.40,174.3 1 0
github.com/moedahpos/backend/internal/repository/postgres/user_repo.go:175.2,175.12 1 0
github.com/moedahpos/backend/internal/repository/postgres/user_repo.go:179.69,182.16 2 0
github.com/moedahpos/backend/internal/repository/postgres/user_repo.go:182.16,184.3 1 0
github.com/moedahpos/backend/internal/repository/postgres/user_repo.go:185.2,185.40 1 0
github.com/moedahpos/backend/internal/repository/postgres/user_repo.go:185.40,187.3 1 0
github.com/moedahpos/backend/internal/repository/postgres/user_repo.go:188.2,188.12 1 0
github.com/moedahpos/backend/internal/repository/postgres/user_repo.go:192.78,195.16 2 0
github.com/moedahpos/backend/internal/repository/postgres/user_repo.go:195.16,197.3 1 0
github.com/moedahpos/backend/internal/repository/postgres/user_repo.go:198.2,198.40 1 0
github.com/moedahpos/backend/internal/repository/postgres/user_repo.go:198.40,200.3 1 0
github.com/moedahpos/backend/internal/repository/postgres/user_repo.go:201.2,201.12 1 0
github.com/moedahpos/backend/internal/repository/postgres/user_repo.go:206.110,208.16 2 0
github.com/moedahpos/backend/internal/repository/postgres/user_repo.go:208.16,210.3 1 0
github.com/moedahpos/backend/internal/repository/postgres/user_repo.go:211.2,211.15 1 0
github.com/moedahpos/backend/internal/repository/postgres/user_repo.go:211.15,211.36 1 0
github.com/moedahpos/backend/internal/repository/postgres/user_repo.go:214.2,214.113 1 0
github.com/moedahpos/backend/internal/repository/postgres/user_repo.go:214.113,216.3 1 0
github.com/moedahpos/backend/internal/repository/postgres/user_repo.go:219.2,219.32 1 0
github.com/moedahpos/backend/internal/repository/postgres/user_repo.go:219.32,226.17 2 0
github.com/moedahpos/backend/internal/repository/postgres/user_repo.go:226.17,228.4 1 0
github.com/moedahpos/backend/internal/repository/postgres/user_repo.go:230.2,230.20 1 0
github.com/moedahpos/backend/internal/repository/postgres/user_repo.go:241.57,243.2 1 1
github.com/moedahpos/backend/internal/repository/postgres/user_repo.go:246.86,250.88 2 1
github.com/moedahpos/backend/internal/repository/postgres/user_repo.go:250.88,252.3 1 0
github.com/moedahpos/backend/internal/repository/postgres/user_repo.go:253.2,253.12 1 1
github.com/moedahpos/backend/internal/repository/postgres/user_repo.go:257.108,264.79 3 1
github.com/moedahpos/backend/internal/repository/postgres/user_repo.go:264.79,265.36 1 0
github.com/moedahpos/backend/internal/repository/postgres/user_repo.go:265.36,267.4 1 0
github.com/moedahpos/backend/internal/repository/postgres/user_repo.go:268.3,268.65 1 0
github.com/moedahpos/backend/internal/repository/postgres/user_repo.go:270.2,270.15 1 1
github.com/moedahpos/backend/internal/repository/postgres/user_repo.go:274.77,276.56 2 0
github.com/moedahpos/backend/internal/repository/postgres/user_repo.go:276.56,278.3 1 0
github.com/moedahpos/backend/internal/repository/postgres/user_repo.go:279.2,279.12 1 0
github.com/moedahpos/backend/internal/repository/postgres/user_repo.go:283.88,285.60 2 0
github.com/moedahpos/backend/internal/repository/postgres/user_repo.go:285.60,287.3 1 0
github.com/moedahpos/backend/internal/repository/postgres/user_repo.go:288.2,288.12 1 0
github.com/moedahpos/backend/internal/repository/postgres/user_repo.go:292.87,294.60 2 0
github.com/moedahpos/backend/internal/repository/postgres/user_repo.go:294.60,296.3 1 0
github.com/moedahpos/backend/internal/repository/postgres/user_repo.go:297.2,297.12 1 0
