mode: set
github.com/moedahpos/backend/cmd/seed/main.go:24.22,25.16 1 0
github.com/moedahpos/backend/cmd/seed/main.go:25.16,27.3 1 0
github.com/moedahpos/backend/cmd/seed/main.go:30.34,34.2 3 0
github.com/moedahpos/backend/cmd/seed/main.go:167.13,173.16 5 0
github.com/moedahpos/backend/cmd/seed/main.go:173.16,175.3 1 0
github.com/moedahpos/backend/cmd/seed/main.go:177.2,179.15 3 0
github.com/moedahpos/backend/cmd/seed/main.go:179.15,179.35 1 0
github.com/moedahpos/backend/cmd/seed/main.go:181.2,183.12 2 0
github.com/moedahpos/backend/cmd/seed/main.go:183.12,186.3 2 0
github.com/moedahpos/backend/cmd/seed/main.go:190.2,193.45 3 0
github.com/moedahpos/backend/cmd/seed/main.go:193.45,196.3 2 0
github.com/moedahpos/backend/cmd/seed/main.go:199.2,202.18 4 0
github.com/moedahpos/backend/cmd/seed/main.go:202.18,206.3 3 0
github.com/moedahpos/backend/cmd/seed/main.go:207.2,208.21 2 0
github.com/moedahpos/backend/cmd/seed/main.go:208.21,210.3 1 0
github.com/moedahpos/backend/cmd/seed/main.go:211.2,221.30 3 0
github.com/moedahpos/backend/cmd/seed/main.go:221.30,231.3 3 0
github.com/moedahpos/backend/cmd/seed/main.go:233.2,236.18 4 0
github.com/moedahpos/backend/cmd/seed/main.go:236.18,240.3 3 0
github.com/moedahpos/backend/cmd/seed/main.go:241.2,251.30 5 0
github.com/moedahpos/backend/cmd/seed/main.go:251.30,265.12 5 0
github.com/moedahpos/backend/cmd/seed/main.go:266.10,267.26 1 0
github.com/moedahpos/backend/cmd/seed/main.go:268.10,269.28 1 0
github.com/moedahpos/backend/cmd/seed/main.go:270.10,271.28 1 0
github.com/moedahpos/backend/cmd/seed/main.go:273.3,273.59 1 0
github.com/moedahpos/backend/cmd/seed/main.go:277.2,288.32 2 0
github.com/moedahpos/backend/cmd/seed/main.go:288.32,295.3 2 0
github.com/moedahpos/backend/cmd/seed/main.go:296.2,307.30 5 0
github.com/moedahpos/backend/cmd/seed/main.go:307.30,319.3 5 0
github.com/moedahpos/backend/cmd/seed/main.go:320.2,345.27 15 0
github.com/moedahpos/backend/cmd/seed/main.go:345.27,357.3 1 0
github.com/moedahpos/backend/cmd/seed/main.go:358.2,400.191 34 0
github.com/moedahpos/backend/cmd/seed/main.go:406.55,409.28 3 1
github.com/moedahpos/backend/cmd/seed/main.go:409.28,410.24 1 1
github.com/moedahpos/backend/cmd/seed/main.go:410.24,413.4 2 1
github.com/moedahpos/backend/cmd/seed/main.go:415.2,415.12 1 1
github.com/moedahpos/backend/cmd/seed/main.go:419.105,446.26 4 0
github.com/moedahpos/backend/cmd/seed/main.go:446.26,449.17 3 0
github.com/moedahpos/backend/cmd/seed/main.go:449.17,456.4 3 0
github.com/moedahpos/backend/cmd/seed/main.go:457.3,457.18 1 0
github.com/moedahpos/backend/cmd/seed/main.go:459.2,459.12 1 0
github.com/moedahpos/backend/cmd/seed/main.go:466.141,467.28 1 0
github.com/moedahpos/backend/cmd/seed/main.go:467.28,496.3 8 0
github.com/moedahpos/backend/cmd/seed/main.go:497.2,497.21 1 0
github.com/moedahpos/backend/cmd/seed/main.go:501.140,524.30 9 0
github.com/moedahpos/backend/cmd/seed/main.go:524.30,525.14 1 0
github.com/moedahpos/backend/cmd/seed/main.go:525.14,526.9 1 0
github.com/moedahpos/backend/cmd/seed/main.go:528.3,546.12 10 0
github.com/moedahpos/backend/cmd/seed/main.go:548.2,551.74 3 0
github.com/moedahpos/backend/cmd/seed/main.go:555.107,556.18 1 0
github.com/moedahpos/backend/cmd/seed/main.go:556.18,558.3 1 0
github.com/moedahpos/backend/cmd/seed/main.go:561.2,570.21 3 0
github.com/moedahpos/backend/cmd/seed/main.go:570.21,572.3 1 0
github.com/moedahpos/backend/cmd/seed/main.go:574.2,577.27 3 0
github.com/moedahpos/backend/cmd/seed/main.go:577.27,581.16 4 0
github.com/moedahpos/backend/cmd/seed/main.go:582.10,583.19 1 0
github.com/moedahpos/backend/cmd/seed/main.go:584.10,585.19 1 0
github.com/moedahpos/backend/cmd/seed/main.go:589.3,612.33 8 0
github.com/moedahpos/backend/cmd/seed/main.go:612.33,620.4 7 0
github.com/moedahpos/backend/cmd/seed/main.go:622.3,632.30 6 0
github.com/moedahpos/backend/cmd/seed/main.go:632.30,638.4 2 0
github.com/moedahpos/backend/cmd/seed/main.go:640.3,641.10 2 0
github.com/moedahpos/backend/cmd/seed/main.go:643.2,643.14 1 0
github.com/moedahpos/backend/cmd/seed/main.go:647.50,663.27 2 0
github.com/moedahpos/backend/cmd/seed/main.go:663.27,664.82 1 0
github.com/moedahpos/backend/cmd/seed/main.go:664.82,666.4 1 0
github.com/moedahpos/backend/cmd/seed/main.go:668.2,668.47 1 0
github.com/moedahpos/backend/cmd/seed/main.go:672.71,698.28 2 0
github.com/moedahpos/backend/cmd/seed/main.go:698.28,699.60 1 0
github.com/moedahpos/backend/cmd/seed/main.go:699.60,701.4 1 0
github.com/moedahpos/backend/cmd/seed/main.go:703.2,703.49 1 0
github.com/moedahpos/backend/cmd/seed/main.go:707.98,715.21 3 0
github.com/moedahpos/backend/cmd/seed/main.go:715.21,717.3 1 0
github.com/moedahpos/backend/cmd/seed/main.go:719.2,721.27 3 0
github.com/moedahpos/backend/cmd/seed/main.go:721.27,738.33 10 0
github.com/moedahpos/backend/cmd/seed/main.go:738.33,743.4 4 0
github.com/moedahpos/backend/cmd/seed/main.go:745.3,755.27 6 0
github.com/moedahpos/backend/cmd/seed/main.go:755.27,762.4 3 0
github.com/moedahpos/backend/cmd/seed/main.go:763.3,764.10 2 0
github.com/moedahpos/backend/cmd/seed/main.go:766.2,766.14 1 0
github.com/moedahpos/backend/cmd/seed/main.go:993.80,1009.31 2 0
github.com/moedahpos/backend/cmd/seed/main.go:1009.31,1016.3 2 0
github.com/moedahpos/backend/cmd/seed/main.go:1017.2,1029.31 7 0
github.com/moedahpos/backend/cmd/seed/main.go:1029.31,1045.37 7 0
github.com/moedahpos/backend/cmd/seed/main.go:1045.37,1050.18 3 0
github.com/moedahpos/backend/cmd/seed/main.go:1050.18,1052.13 2 0
github.com/moedahpos/backend/cmd/seed/main.go:1054.4,1058.55 1 0
github.com/moedahpos/backend/cmd/seed/main.go:1061.2,1061.77 1 0
github.com/moedahpos/backend/cmd/seed/main.go:1065.88,1081.31 5 0
github.com/moedahpos/backend/cmd/seed/main.go:1081.31,1093.26 5 0
github.com/moedahpos/backend/cmd/seed/main.go:1093.26,1099.26 5 0
github.com/moedahpos/backend/cmd/seed/main.go:1099.26,1101.5 1 0
github.com/moedahpos/backend/cmd/seed/main.go:1103.4,1107.13 2 0
github.com/moedahpos/backend/cmd/seed/main.go:1110.3,1111.12 2 0
github.com/moedahpos/backend/cmd/seed/seed_extended.go:19.34,25.2 5 0
github.com/moedahpos/backend/cmd/seed/seed_extended.go:28.29,30.2 1 0
github.com/moedahpos/backend/cmd/seed/seed_extended.go:35.116,51.27 6 0
github.com/moedahpos/backend/cmd/seed/seed_extended.go:51.27,66.22 4 0
github.com/moedahpos/backend/cmd/seed/seed_extended.go:66.22,68.12 2 0
github.com/moedahpos/backend/cmd/seed/seed_extended.go:72.3,89.59 10 0
github.com/moedahpos/backend/cmd/seed/seed_extended.go:95.78,109.30 3 0
github.com/moedahpos/backend/cmd/seed/seed_extended.go:109.30,115.17 3 0
github.com/moedahpos/backend/cmd/seed/seed_extended.go:115.17,123.4 4 0
github.com/moedahpos/backend/cmd/seed/seed_extended.go:124.3,124.24 1 0
github.com/moedahpos/backend/cmd/seed/seed_extended.go:126.2,126.12 1 0
github.com/moedahpos/backend/cmd/seed/seed_extended.go:131.79,151.30 3 0
github.com/moedahpos/backend/cmd/seed/seed_extended.go:151.30,156.17 3 0
github.com/moedahpos/backend/cmd/seed/seed_extended.go:156.17,163.4 4 0
github.com/moedahpos/backend/cmd/seed/seed_extended.go:164.3,164.24 1 0
github.com/moedahpos/backend/cmd/seed/seed_extended.go:166.2,166.12 1 0
github.com/moedahpos/backend/cmd/seed/seed_extended.go:177.24,181.19 3 0
github.com/moedahpos/backend/cmd/seed/seed_extended.go:181.19,183.3 1 0
github.com/moedahpos/backend/cmd/seed/seed_extended.go:185.2,185.32 1 0
github.com/moedahpos/backend/cmd/seed/seed_extended.go:185.32,192.36 5 0
github.com/moedahpos/backend/cmd/seed/seed_extended.go:192.36,198.14 4 0
github.com/moedahpos/backend/cmd/seed/seed_extended.go:198.14,201.5 2 0
github.com/moedahpos/backend/cmd/seed/seed_extended.go:203.4,214.11 5 0
github.com/moedahpos/backend/cmd/seed/seed_extended.go:217.2,217.14 1 0
github.com/moedahpos/backend/cmd/seed/seed_extended.go:233.74,239.20 3 0
github.com/moedahpos/backend/cmd/seed/seed_extended.go:239.20,241.3 1 0
github.com/moedahpos/backend/cmd/seed/seed_extended.go:243.2,246.37 3 0
github.com/moedahpos/backend/cmd/seed/seed_extended.go:246.37,274.3 13 0
github.com/moedahpos/backend/cmd/seed/seed_extended.go:275.2,275.14 1 0
github.com/moedahpos/backend/cmd/seed/seed_extended.go:278.29,280.19 2 0
github.com/moedahpos/backend/cmd/seed/seed_extended.go:280.19,282.27 2 0
github.com/moedahpos/backend/cmd/seed/seed_extended.go:282.27,284.4 1 0
github.com/moedahpos/backend/cmd/seed/seed_extended.go:285.3,285.16 1 0
github.com/moedahpos/backend/cmd/seed/seed_extended.go:287.2,287.23 1 0
github.com/moedahpos/backend/cmd/seed/seed_extended.go:307.24,310.29 2 0
github.com/moedahpos/backend/cmd/seed/seed_extended.go:310.29,312.3 1 0
github.com/moedahpos/backend/cmd/seed/seed_extended.go:315.2,320.28 3 0
github.com/moedahpos/backend/cmd/seed/seed_extended.go:320.28,322.3 1 0
github.com/moedahpos/backend/cmd/seed/seed_extended.go:324.2,345.33 4 0
github.com/moedahpos/backend/cmd/seed/seed_extended.go:345.33,352.23 4 0
github.com/moedahpos/backend/cmd/seed/seed_extended.go:352.23,354.12 2 0
github.com/moedahpos/backend/cmd/seed/seed_extended.go:357.3,376.28 10 0
github.com/moedahpos/backend/cmd/seed/seed_extended.go:376.28,378.4 1 0
github.com/moedahpos/backend/cmd/seed/seed_extended.go:379.3,380.33 2 0
github.com/moedahpos/backend/cmd/seed/seed_extended.go:380.33,394.31 8 0
github.com/moedahpos/backend/cmd/seed/seed_extended.go:394.31,414.5 6 0
github.com/moedahpos/backend/cmd/seed/seed_extended.go:418.3,422.25 3 0
github.com/moedahpos/backend/cmd/seed/seed_extended.go:423.15,426.98 2 0
github.com/moedahpos/backend/cmd/seed/seed_extended.go:428.18,433.90 4 0
github.com/moedahpos/backend/cmd/seed/seed_extended.go:435.17,437.85 1 0
github.com/moedahpos/backend/cmd/seed/seed_extended.go:440.3,440.10 1 0
github.com/moedahpos/backend/cmd/seed/seed_extended.go:442.2,442.14 1 0
github.com/moedahpos/backend/cmd/seed/seed_extended.go:445.36,447.2 1 0
github.com/moedahpos/backend/cmd/seed/seed_extended.go:449.130,461.2 5 0
github.com/moedahpos/backend/cmd/seed/seed_extended.go:463.126,469.2 2 0
github.com/moedahpos/backend/cmd/seed/seed_extended.go:488.105,491.20 3 0
github.com/moedahpos/backend/cmd/seed/seed_extended.go:491.20,493.3 1 0
github.com/moedahpos/backend/cmd/seed/seed_extended.go:495.2,511.30 4 0
github.com/moedahpos/backend/cmd/seed/seed_extended.go:511.30,519.18 7 0
github.com/moedahpos/backend/cmd/seed/seed_extended.go:519.18,521.4 1 0
github.com/moedahpos/backend/cmd/seed/seed_extended.go:523.3,532.10 6 0
github.com/moedahpos/backend/cmd/seed/seed_extended.go:534.2,534.14 1 0
github.com/moedahpos/backend/cmd/seed/seed_extended.go:558.106,561.20 3 0
github.com/moedahpos/backend/cmd/seed/seed_extended.go:561.20,563.3 1 0
github.com/moedahpos/backend/cmd/seed/seed_extended.go:565.2,587.30 4 0
github.com/moedahpos/backend/cmd/seed/seed_extended.go:587.30,595.18 7 0
github.com/moedahpos/backend/cmd/seed/seed_extended.go:595.18,597.4 1 0
github.com/moedahpos/backend/cmd/seed/seed_extended.go:599.3,606.10 4 0
github.com/moedahpos/backend/cmd/seed/seed_extended.go:608.2,608.14 1 0
github.com/moedahpos/backend/internal/config/config.go:56.30,91.39 3 1
github.com/moedahpos/backend/internal/config/config.go:91.39,93.3 1 1
github.com/moedahpos/backend/internal/config/config.go:95.2,95.17 1 1
github.com/moedahpos/backend/internal/config/config.go:99.33,104.2 1 1
github.com/moedahpos/backend/internal/config/config.go:107.39,112.2 1 1
github.com/moedahpos/backend/internal/config/config.go:114.35,115.24 1 1
github.com/moedahpos/backend/internal/config/config.go:115.24,117.3 1 1
github.com/moedahpos/backend/internal/config/config.go:118.2,118.28 1 1
github.com/moedahpos/backend/internal/config/config.go:118.28,120.3 1 0
github.com/moedahpos/backend/internal/config/config.go:121.2,121.12 1 1
github.com/moedahpos/backend/internal/config/config.go:126.42,127.34 1 1
github.com/moedahpos/backend/internal/config/config.go:127.34,129.3 1 1
github.com/moedahpos/backend/internal/config/config.go:130.2,130.17 1 1
github.com/moedahpos/backend/internal/config/config.go:133.46,134.34 1 1
github.com/moedahpos/backend/internal/config/config.go:134.34,136.17 2 1
github.com/moedahpos/backend/internal/config/config.go:136.17,138.4 1 1
github.com/moedahpos/backend/internal/config/config.go:140.2,140.17 1 1
github.com/moedahpos/backend/internal/config/config.go:143.49,144.34 1 1
github.com/moedahpos/backend/internal/config/config.go:144.34,146.17 2 1
github.com/moedahpos/backend/internal/config/config.go:146.17,148.4 1 1
github.com/moedahpos/backend/internal/config/config.go:150.2,150.17 1 1
github.com/moedahpos/backend/internal/config/config.go:153.71,154.34 1 1
github.com/moedahpos/backend/internal/config/config.go:154.34,156.17 2 0
github.com/moedahpos/backend/internal/config/config.go:156.17,158.4 1 0
github.com/moedahpos/backend/internal/config/config.go:160.2,160.17 1 1
github.com/moedahpos/backend/internal/middleware/admin_auth.go:14.76,15.46 1 0
github.com/moedahpos/backend/internal/middleware/admin_auth.go:15.46,16.72 1 0
github.com/moedahpos/backend/internal/middleware/admin_auth.go:16.72,18.20 2 0
github.com/moedahpos/backend/internal/middleware/admin_auth.go:18.20,21.5 2 0
github.com/moedahpos/backend/internal/middleware/admin_auth.go:23.4,32.96 3 0
github.com/moedahpos/backend/internal/middleware/admin_auth.go:32.96,35.5 2 0
github.com/moedahpos/backend/internal/middleware/admin_auth.go:36.4,36.24 1 0
github.com/moedahpos/backend/internal/middleware/admin_auth.go:43.69,44.46 1 0
github.com/moedahpos/backend/internal/middleware/admin_auth.go:44.46,45.72 1 0
github.com/moedahpos/backend/internal/middleware/admin_auth.go:45.72,47.20 2 0
github.com/moedahpos/backend/internal/middleware/admin_auth.go:47.20,50.5 2 0
github.com/moedahpos/backend/internal/middleware/admin_auth.go:52.4,61.96 3 0
github.com/moedahpos/backend/internal/middleware/admin_auth.go:61.96,64.5 2 0
github.com/moedahpos/backend/internal/middleware/admin_auth.go:65.4,65.24 1 0
github.com/moedahpos/backend/internal/middleware/auth.go:22.72,23.46 1 1
github.com/moedahpos/backend/internal/middleware/auth.go:23.46,24.72 1 1
github.com/moedahpos/backend/internal/middleware/auth.go:24.72,26.61 2 1
github.com/moedahpos/backend/internal/middleware/auth.go:26.61,29.5 2 1
github.com/moedahpos/backend/internal/middleware/auth.go:31.4,34.18 3 1
github.com/moedahpos/backend/internal/middleware/auth.go:34.18,37.5 2 1
github.com/moedahpos/backend/internal/middleware/auth.go:39.4,42.41 3 1
github.com/moedahpos/backend/internal/middleware/auth.go:48.52,51.2 2 1
github.com/moedahpos/backend/internal/middleware/auth.go:54.51,57.2 2 1
github.com/moedahpos/backend/internal/middleware/logger.go:11.65,12.46 1 0
github.com/moedahpos/backend/internal/middleware/logger.go:12.46,13.72 1 0
github.com/moedahpos/backend/internal/middleware/logger.go:13.72,28.4 4 0
github.com/moedahpos/backend/internal/middleware/logger.go:38.48,41.2 2 0
github.com/moedahpos/backend/internal/middleware/rbac.go:12.102,13.46 1 1
github.com/moedahpos/backend/internal/middleware/rbac.go:13.46,14.72 1 1
github.com/moedahpos/backend/internal/middleware/rbac.go:14.72,18.35 2 1
github.com/moedahpos/backend/internal/middleware/rbac.go:18.35,21.5 2 0
github.com/moedahpos/backend/internal/middleware/rbac.go:23.4,23.44 1 1
github.com/moedahpos/backend/internal/middleware/rbac.go:23.44,26.5 2 1
github.com/moedahpos/backend/internal/middleware/rbac.go:27.4,27.24 1 1
github.com/moedahpos/backend/internal/middleware/store_context.go:29.64,30.46 1 1
github.com/moedahpos/backend/internal/middleware/store_context.go:30.46,31.72 1 1
github.com/moedahpos/backend/internal/middleware/store_context.go:31.72,33.21 2 1
github.com/moedahpos/backend/internal/middleware/store_context.go:33.21,36.5 2 0
github.com/moedahpos/backend/internal/middleware/store_context.go:38.4,39.20 2 1
github.com/moedahpos/backend/internal/middleware/store_context.go:39.20,42.5 2 0
github.com/moedahpos/backend/internal/middleware/store_context.go:44.4,45.18 2 1
github.com/moedahpos/backend/internal/middleware/store_context.go:45.18,48.5 2 0
github.com/moedahpos/backend/internal/middleware/store_context.go:50.4,52.41 3 1
github.com/moedahpos/backend/internal/middleware/store_context.go:58.53,61.2 2 1
github.com/moedahpos/backend/internal/middleware/store_context.go:64.55,67.2 2 1
github.com/moedahpos/backend/internal/middleware/store_context.go:70.99,77.85 3 1
github.com/moedahpos/backend/internal/middleware/store_context.go:77.85,78.36 1 0
github.com/moedahpos/backend/internal/middleware/store_context.go:78.36,80.4 1 0
github.com/moedahpos/backend/internal/middleware/store_context.go:81.3,81.17 1 0
github.com/moedahpos/backend/internal/middleware/store_context.go:83.2,83.22 1 1
github.com/moedahpos/backend/pkg/hash/hash.go:12.55,14.16 2 1
github.com/moedahpos/backend/pkg/hash/hash.go:14.16,16.3 1 0
github.com/moedahpos/backend/pkg/hash/hash.go:17.2,17.28 1 1
github.com/moedahpos/backend/pkg/hash/hash.go:22.48,24.2 1 1
github.com/moedahpos/backend/pkg/hash/hash.go:28.30,31.2 2 1
github.com/moedahpos/backend/internal/router/router.go:65.43,75.64 7 1
github.com/moedahpos/backend/internal/router/router.go:75.64,78.3 2 1
github.com/moedahpos/backend/internal/router/router.go:80.2,80.40 1 1
github.com/moedahpos/backend/internal/router/router.go:80.40,83.39 1 1
github.com/moedahpos/backend/internal/router/router.go:83.39,87.31 4 1
github.com/moedahpos/backend/internal/router/router.go:87.31,91.5 3 1
github.com/moedahpos/backend/internal/router/router.go:95.3,95.30 1 1
github.com/moedahpos/backend/internal/router/router.go:95.30,99.45 2 1
github.com/moedahpos/backend/internal/router/router.go:99.45,105.5 5 1
github.com/moedahpos/backend/internal/router/router.go:109.4,109.54 1 1
github.com/moedahpos/backend/internal/router/router.go:109.54,111.32 2 1
github.com/moedahpos/backend/internal/router/router.go:111.32,116.6 4 1
github.com/moedahpos/backend/internal/router/router.go:119.4,119.53 1 1
github.com/moedahpos/backend/internal/router/router.go:119.53,121.32 2 1
github.com/moedahpos/backend/internal/router/router.go:121.32,126.6 4 1
github.com/moedahpos/backend/internal/router/router.go:130.4,130.31 1 1
github.com/moedahpos/backend/internal/router/router.go:130.31,132.42 2 1
github.com/moedahpos/backend/internal/router/router.go:132.42,134.43 2 1
github.com/moedahpos/backend/internal/router/router.go:134.43,142.7 7 1
github.com/moedahpos/backend/internal/router/router.go:147.4,147.42 1 1
github.com/moedahpos/backend/internal/router/router.go:147.42,151.46 3 1
github.com/moedahpos/backend/internal/router/router.go:151.46,158.33 4 1
github.com/moedahpos/backend/internal/router/router.go:158.33,162.46 2 1
github.com/moedahpos/backend/internal/router/router.go:162.46,167.8 4 1
github.com/moedahpos/backend/internal/router/router.go:170.7,170.49 1 1
github.com/moedahpos/backend/internal/router/router.go:170.49,175.8 4 1
github.com/moedahpos/backend/internal/router/router.go:178.7,178.47 1 1
github.com/moedahpos/backend/internal/router/router.go:178.47,186.8 7 1
github.com/moedahpos/backend/internal/router/router.go:189.7,192.48 2 1
github.com/moedahpos/backend/internal/router/router.go:192.48,205.8 11 1
github.com/moedahpos/backend/internal/router/router.go:208.7,208.46 1 1
github.com/moedahpos/backend/internal/router/router.go:208.46,210.8 1 1
github.com/moedahpos/backend/internal/router/router.go:213.7,213.44 1 1
github.com/moedahpos/backend/internal/router/router.go:213.44,223.8 8 1
github.com/moedahpos/backend/internal/router/router.go:226.7,226.43 1 1
github.com/moedahpos/backend/internal/router/router.go:226.43,228.8 1 1
github.com/moedahpos/backend/internal/router/router.go:233.7,233.51 1 1
github.com/moedahpos/backend/internal/router/router.go:233.51,243.8 8 1
github.com/moedahpos/backend/internal/router/router.go:246.7,246.54 1 1
github.com/moedahpos/backend/internal/router/router.go:246.54,263.8 15 1
github.com/moedahpos/backend/internal/router/router.go:266.7,266.46 1 1
github.com/moedahpos/backend/internal/router/router.go:266.46,274.8 7 1
github.com/moedahpos/backend/internal/router/router.go:277.7,277.47 1 1
github.com/moedahpos/backend/internal/router/router.go:277.47,283.8 5 1
github.com/moedahpos/backend/internal/router/router.go:286.7,286.50 1 1
github.com/moedahpos/backend/internal/router/router.go:286.50,289.8 2 1
github.com/moedahpos/backend/internal/router/router.go:292.7,292.52 1 1
github.com/moedahpos/backend/internal/router/router.go:292.52,294.8 1 1
github.com/moedahpos/backend/internal/router/router.go:297.7,297.57 1 1
github.com/moedahpos/backend/internal/router/router.go:297.57,302.8 4 1
github.com/moedahpos/backend/internal/router/router.go:305.7,305.46 1 1
github.com/moedahpos/backend/internal/router/router.go:305.46,310.8 4 1
github.com/moedahpos/backend/internal/router/router.go:315.7,315.45 1 1
github.com/moedahpos/backend/internal/router/router.go:315.45,321.8 5 1
github.com/moedahpos/backend/internal/router/router.go:324.7,324.49 1 1
github.com/moedahpos/backend/internal/router/router.go:324.49,329.8 4 1
github.com/moedahpos/backend/internal/router/router.go:332.7,332.42 1 1
github.com/moedahpos/backend/internal/router/router.go:332.42,335.8 2 1
github.com/moedahpos/backend/internal/router/router.go:342.2,342.10 1 1
github.com/moedahpos/backend/internal/router/router.go:346.86,348.2 1 1
github.com/moedahpos/backend/internal/router/router.go:352.53,353.71 1 1
github.com/moedahpos/backend/internal/router/router.go:353.71,355.19 2 1
github.com/moedahpos/backend/internal/router/router.go:355.19,357.4 1 1
github.com/moedahpos/backend/internal/router/router.go:358.3,365.37 6 1
github.com/moedahpos/backend/internal/router/router.go:365.37,368.4 2 0
github.com/moedahpos/backend/internal/router/router.go:369.3,369.23 1 1
github.com/moedahpos/backend/internal/validator/validator.go:20.23,24.61 2 1
github.com/moedahpos/backend/internal/validator/validator.go:24.61,26.18 2 1
github.com/moedahpos/backend/internal/validator/validator.go:26.18,28.4 1 0
github.com/moedahpos/backend/internal/validator/validator.go:29.3,29.14 1 1
github.com/moedahpos/backend/internal/validator/validator.go:32.2,32.25 1 1
github.com/moedahpos/backend/internal/validator/validator.go:36.69,37.39 1 1
github.com/moedahpos/backend/internal/validator/validator.go:37.39,39.39 2 1
github.com/moedahpos/backend/internal/validator/validator.go:39.39,41.4 1 0
github.com/moedahpos/backend/internal/validator/validator.go:42.3,43.36 2 1
github.com/moedahpos/backend/internal/validator/validator.go:43.36,48.4 1 1
github.com/moedahpos/backend/internal/validator/validator.go:49.3,49.14 1 1
github.com/moedahpos/backend/internal/validator/validator.go:51.2,51.12 1 1
github.com/moedahpos/backend/internal/validator/validator.go:54.49,55.17 1 1
github.com/moedahpos/backend/internal/validator/validator.go:56.18,57.36 1 1
github.com/moedahpos/backend/internal/validator/validator.go:58.15,59.41 1 1
github.com/moedahpos/backend/internal/validator/validator.go:60.13,61.70 1 0
github.com/moedahpos/backend/internal/validator/validator.go:62.13,63.69 1 1
github.com/moedahpos/backend/internal/validator/validator.go:64.10,65.35 1 0
github.com/moedahpos/backend/pkg/jwt/jwt.go:26.71,32.2 1 1
github.com/moedahpos/backend/pkg/jwt/jwt.go:35.77,49.2 4 1
github.com/moedahpos/backend/pkg/jwt/jwt.go:53.69,55.16 2 1
github.com/moedahpos/backend/pkg/jwt/jwt.go:55.16,57.3 1 0
github.com/moedahpos/backend/pkg/jwt/jwt.go:58.2,59.36 2 1
github.com/moedahpos/backend/pkg/jwt/jwt.go:63.70,64.101 1 1
github.com/moedahpos/backend/pkg/jwt/jwt.go:64.101,65.56 1 1
github.com/moedahpos/backend/pkg/jwt/jwt.go:65.56,67.4 1 0
github.com/moedahpos/backend/pkg/jwt/jwt.go:68.3,68.23 1 1
github.com/moedahpos/backend/pkg/jwt/jwt.go:70.2,70.16 1 1
github.com/moedahpos/backend/pkg/jwt/jwt.go:70.16,72.3 1 1
github.com/moedahpos/backend/pkg/jwt/jwt.go:74.2,75.25 2 1
github.com/moedahpos/backend/pkg/jwt/jwt.go:75.25,77.3 1 0
github.com/moedahpos/backend/pkg/jwt/jwt.go:78.2,78.20 1 1
github.com/moedahpos/backend/pkg/jwt/jwt.go:82.44,84.2 1 1
github.com/moedahpos/backend/pkg/response/response.go:17.67,21.2 3 1
github.com/moedahpos/backend/pkg/response/response.go:24.55,26.2 1 1
github.com/moedahpos/backend/pkg/response/response.go:29.55,31.2 1 1
github.com/moedahpos/backend/pkg/response/response.go:34.63,36.2 1 1
github.com/moedahpos/backend/pkg/response/response.go:39.65,45.2 1 1
github.com/moedahpos/backend/pkg/response/response.go:48.58,49.19 1 1
github.com/moedahpos/backend/pkg/response/response.go:49.19,51.3 1 1
github.com/moedahpos/backend/pkg/response/response.go:52.2,52.44 1 1
github.com/moedahpos/backend/pkg/response/response.go:56.39,58.2 1 1
github.com/moedahpos/backend/pkg/response/response.go:61.55,63.2 1 1
github.com/moedahpos/backend/pkg/response/response.go:66.43,68.2 1 1
github.com/moedahpos/backend/pkg/rbac/rbac.go:24.43,32.73 3 1
github.com/moedahpos/backend/pkg/rbac/rbac.go:32.73,34.3 1 1
github.com/moedahpos/backend/pkg/rbac/rbac.go:36.2,37.27 2 1
github.com/moedahpos/backend/pkg/rbac/rbac.go:37.27,38.45 1 1
github.com/moedahpos/backend/pkg/rbac/rbac.go:38.45,40.4 1 1
github.com/moedahpos/backend/pkg/rbac/rbac.go:41.3,41.61 1 1
github.com/moedahpos/backend/pkg/rbac/rbac.go:44.2,44.19 1 1
github.com/moedahpos/backend/pkg/rbac/rbac.go:48.60,49.47 1 1
github.com/moedahpos/backend/pkg/rbac/rbac.go:49.47,51.3 1 1
github.com/moedahpos/backend/pkg/rbac/rbac.go:52.2,52.14 1 1
github.com/moedahpos/backend/pkg/rbac/rbac.go:56.41,58.2 1 1
github.com/moedahpos/backend/internal/repository/postgres/activity_log_repo.go:21.76,23.2 1 1
github.com/moedahpos/backend/internal/repository/postgres/activity_log_repo.go:25.86,34.16 3 1
github.com/moedahpos/backend/internal/repository/postgres/activity_log_repo.go:34.16,36.3 1 0
github.com/moedahpos/backend/internal/repository/postgres/activity_log_repo.go:37.2,37.12 1 1
github.com/moedahpos/backend/internal/repository/postgres/activity_log_repo.go:40.138,46.19 3 1
github.com/moedahpos/backend/internal/repository/postgres/activity_log_repo.go:46.19,49.3 2 1
github.com/moedahpos/backend/internal/repository/postgres/activity_log_repo.go:51.2,51.25 1 1
github.com/moedahpos/backend/internal/repository/postgres/activity_log_repo.go:51.25,54.3 2 1
github.com/moedahpos/backend/internal/repository/postgres/activity_log_repo.go:55.2,55.25 1 1
github.com/moedahpos/backend/internal/repository/postgres/activity_log_repo.go:55.25,58.3 2 1
github.com/moedahpos/backend/internal/repository/postgres/activity_log_repo.go:59.2,59.29 1 1
github.com/moedahpos/backend/internal/repository/postgres/activity_log_repo.go:59.29,62.3 2 1
github.com/moedahpos/backend/internal/repository/postgres/activity_log_repo.go:63.2,63.28 1 1
github.com/moedahpos/backend/internal/repository/postgres/activity_log_repo.go:63.28,66.3 2 1
github.com/moedahpos/backend/internal/repository/postgres/activity_log_repo.go:67.2,67.26 1 1
github.com/moedahpos/backend/internal/repository/postgres/activity_log_repo.go:67.26,70.3 2 1
github.com/moedahpos/backend/internal/repository/postgres/activity_log_repo.go:72.2,78.16 5 1
github.com/moedahpos/backend/internal/repository/postgres/activity_log_repo.go:78.16,80.3 1 0
github.com/moedahpos/backend/internal/repository/postgres/activity_log_repo.go:81.2,81.60 1 1
github.com/moedahpos/backend/internal/repository/postgres/activity_log_repo.go:81.60,83.3 1 0
github.com/moedahpos/backend/internal/repository/postgres/activity_log_repo.go:86.2,101.16 6 1
github.com/moedahpos/backend/internal/repository/postgres/activity_log_repo.go:101.16,103.3 1 0
github.com/moedahpos/backend/internal/repository/postgres/activity_log_repo.go:104.2,104.62 1 1
github.com/moedahpos/backend/internal/repository/postgres/activity_log_repo.go:104.62,106.3 1 0
github.com/moedahpos/backend/internal/repository/postgres/activity_log_repo.go:108.2,108.25 1 1
github.com/moedahpos/backend/internal/repository/postgres/batch_repo.go:19.64,21.2 1 1
github.com/moedahpos/backend/internal/repository/postgres/batch_repo.go:24.86,33.16 3 1
github.com/moedahpos/backend/internal/repository/postgres/batch_repo.go:33.16,35.3 1 0
github.com/moedahpos/backend/internal/repository/postgres/batch_repo.go:36.2,36.12 1 1
github.com/moedahpos/backend/internal/repository/postgres/batch_repo.go:41.119,51.81 3 1
github.com/moedahpos/backend/internal/repository/postgres/batch_repo.go:51.81,53.3 1 0
github.com/moedahpos/backend/internal/repository/postgres/batch_repo.go:54.2,54.21 1 1
github.com/moedahpos/backend/internal/repository/postgres/batch_repo.go:59.113,68.23 3 1
github.com/moedahpos/backend/internal/repository/postgres/batch_repo.go:68.23,72.3 2 1
github.com/moedahpos/backend/internal/repository/postgres/batch_repo.go:73.2,75.70 3 1
github.com/moedahpos/backend/internal/repository/postgres/batch_repo.go:75.70,77.3 1 0
github.com/moedahpos/backend/internal/repository/postgres/batch_repo.go:78.2,78.21 1 1
github.com/moedahpos/backend/internal/repository/postgres/batch_repo.go:83.111,98.67 3 1
github.com/moedahpos/backend/internal/repository/postgres/batch_repo.go:98.67,100.3 1 0
github.com/moedahpos/backend/internal/repository/postgres/batch_repo.go:101.2,101.18 1 1
github.com/moedahpos/backend/internal/repository/postgres/batch_repo.go:111.99,113.16 2 1
github.com/moedahpos/backend/internal/repository/postgres/batch_repo.go:113.16,115.3 1 0
github.com/moedahpos/backend/internal/repository/postgres/batch_repo.go:116.2,116.15 1 1
github.com/moedahpos/backend/internal/repository/postgres/batch_repo.go:116.15,116.36 1 1
github.com/moedahpos/backend/internal/repository/postgres/batch_repo.go:120.2,133.85 4 1
github.com/moedahpos/backend/internal/repository/postgres/batch_repo.go:133.85,135.3 1 0
github.com/moedahpos/backend/internal/repository/postgres/batch_repo.go:138.2,139.28 2 1
github.com/moedahpos/backend/internal/repository/postgres/batch_repo.go:139.28,141.3 1 1
github.com/moedahpos/backend/internal/repository/postgres/batch_repo.go:142.2,142.22 1 1
github.com/moedahpos/backend/internal/repository/postgres/batch_repo.go:142.22,145.3 1 1
github.com/moedahpos/backend/internal/repository/postgres/batch_repo.go:148.2,149.28 2 1
github.com/moedahpos/backend/internal/repository/postgres/batch_repo.go:149.28,150.21 1 1
github.com/moedahpos/backend/internal/repository/postgres/batch_repo.go:150.21,151.9 1 0
github.com/moedahpos/backend/internal/repository/postgres/batch_repo.go:154.3,155.25 2 1
github.com/moedahpos/backend/internal/repository/postgres/batch_repo.go:155.25,157.4 1 1
github.com/moedahpos/backend/internal/repository/postgres/batch_repo.go:158.3,162.17 2 1
github.com/moedahpos/backend/internal/repository/postgres/batch_repo.go:162.17,164.4 1 0
github.com/moedahpos/backend/internal/repository/postgres/batch_repo.go:165.3,165.22 1 1
github.com/moedahpos/backend/internal/repository/postgres/batch_repo.go:169.2,169.20 1 1
github.com/moedahpos/backend/internal/repository/postgres/customer_repo.go:36.70,38.2 1 1
github.com/moedahpos/backend/internal/repository/postgres/customer_repo.go:40.98,48.32 3 1
github.com/moedahpos/backend/internal/repository/postgres/customer_repo.go:48.32,50.3 1 0
github.com/moedahpos/backend/internal/repository/postgres/customer_repo.go:51.2,51.17 1 1
github.com/moedahpos/backend/internal/repository/postgres/customer_repo.go:54.112,58.20 4 1
github.com/moedahpos/backend/internal/repository/postgres/customer_repo.go:58.20,62.3 3 0
github.com/moedahpos/backend/internal/repository/postgres/customer_repo.go:63.2,66.132 3 1
github.com/moedahpos/backend/internal/repository/postgres/customer_repo.go:66.132,68.3 1 0
github.com/moedahpos/backend/internal/repository/postgres/customer_repo.go:70.2,80.67 4 1
github.com/moedahpos/backend/internal/repository/postgres/customer_repo.go:80.67,82.3 1 0
github.com/moedahpos/backend/internal/repository/postgres/customer_repo.go:83.2,83.25 1 1
github.com/moedahpos/backend/internal/repository/postgres/customer_repo.go:86.91,94.72 3 1
github.com/moedahpos/backend/internal/repository/postgres/customer_repo.go:94.72,95.36 1 1
github.com/moedahpos/backend/internal/repository/postgres/customer_repo.go:95.36,97.4 1 1
github.com/moedahpos/backend/internal/repository/postgres/customer_repo.go:98.3,98.59 1 0
github.com/moedahpos/backend/internal/repository/postgres/customer_repo.go:100.2,100.15 1 1
github.com/moedahpos/backend/internal/repository/postgres/customer_repo.go:103.98,109.122 3 1
github.com/moedahpos/backend/internal/repository/postgres/customer_repo.go:109.122,110.36 1 1
github.com/moedahpos/backend/internal/repository/postgres/customer_repo.go:110.36,112.4 1 1
github.com/moedahpos/backend/internal/repository/postgres/customer_repo.go:113.3,113.57 1 0
github.com/moedahpos/backend/internal/repository/postgres/customer_repo.go:115.2,115.17 1 1
github.com/moedahpos/backend/internal/repository/postgres/customer_repo.go:118.73,120.16 2 1
github.com/moedahpos/backend/internal/repository/postgres/customer_repo.go:120.16,122.3 1 0
github.com/moedahpos/backend/internal/repository/postgres/customer_repo.go:123.2,123.40 1 1
github.com/moedahpos/backend/internal/repository/postgres/customer_repo.go:123.40,125.3 1 1
github.com/moedahpos/backend/internal/repository/postgres/customer_repo.go:126.2,126.12 1 1
github.com/moedahpos/backend/internal/repository/postgres/customer_repo.go:130.110,133.78 3 1
github.com/moedahpos/backend/internal/repository/postgres/customer_repo.go:133.78,135.3 1 0
github.com/moedahpos/backend/internal/repository/postgres/customer_repo.go:136.2,136.18 1 1
github.com/moedahpos/backend/internal/repository/postgres/customer_repo.go:141.123,147.74 3 0
github.com/moedahpos/backend/internal/repository/postgres/customer_repo.go:147.74,149.3 1 0
github.com/moedahpos/backend/internal/repository/postgres/customer_repo.go:150.2,150.18 1 0
github.com/moedahpos/backend/internal/repository/postgres/expense_repo.go:20.68,22.2 1 1
github.com/moedahpos/backend/internal/repository/postgres/expense_repo.go:26.115,28.21 2 1
github.com/moedahpos/backend/internal/repository/postgres/expense_repo.go:28.21,30.3 1 1
github.com/moedahpos/backend/internal/repository/postgres/expense_repo.go:31.2,33.58 3 1
github.com/moedahpos/backend/internal/repository/postgres/expense_repo.go:33.58,35.3 1 0
github.com/moedahpos/backend/internal/repository/postgres/expense_repo.go:36.2,36.18 1 1
github.com/moedahpos/backend/internal/repository/postgres/expense_repo.go:39.119,45.93 3 1
github.com/moedahpos/backend/internal/repository/postgres/expense_repo.go:45.93,47.3 1 0
github.com/moedahpos/backend/internal/repository/postgres/expense_repo.go:48.2,48.17 1 1
github.com/moedahpos/backend/internal/repository/postgres/expense_repo.go:51.104,54.74 3 1
github.com/moedahpos/backend/internal/repository/postgres/expense_repo.go:54.74,55.36 1 1
github.com/moedahpos/backend/internal/repository/postgres/expense_repo.go:55.36,57.4 1 1
github.com/moedahpos/backend/internal/repository/postgres/expense_repo.go:58.3,58.65 1 0
github.com/moedahpos/backend/internal/repository/postgres/expense_repo.go:60.2,60.17 1 1
github.com/moedahpos/backend/internal/repository/postgres/expense_repo.go:63.137,70.96 3 1
github.com/moedahpos/backend/internal/repository/postgres/expense_repo.go:70.96,71.36 1 1
github.com/moedahpos/backend/internal/repository/postgres/expense_repo.go:71.36,73.4 1 1
github.com/moedahpos/backend/internal/repository/postgres/expense_repo.go:74.3,74.64 1 0
github.com/moedahpos/backend/internal/repository/postgres/expense_repo.go:76.2,76.17 1 1
github.com/moedahpos/backend/internal/repository/postgres/expense_repo.go:79.80,85.16 3 1
github.com/moedahpos/backend/internal/repository/postgres/expense_repo.go:85.16,87.3 1 0
github.com/moedahpos/backend/internal/repository/postgres/expense_repo.go:88.2,88.40 1 1
github.com/moedahpos/backend/internal/repository/postgres/expense_repo.go:88.40,90.3 1 1
github.com/moedahpos/backend/internal/repository/postgres/expense_repo.go:91.2,91.12 1 1
github.com/moedahpos/backend/internal/repository/postgres/expense_repo.go:96.102,102.180 3 1
github.com/moedahpos/backend/internal/repository/postgres/expense_repo.go:102.180,104.3 1 0
github.com/moedahpos/backend/internal/repository/postgres/expense_repo.go:106.2,107.17 2 1
github.com/moedahpos/backend/internal/repository/postgres/expense_repo.go:110.109,115.24 4 1
github.com/moedahpos/backend/internal/repository/postgres/expense_repo.go:115.24,119.3 3 0
github.com/moedahpos/backend/internal/repository/postgres/expense_repo.go:120.2,120.22 1 1
github.com/moedahpos/backend/internal/repository/postgres/expense_repo.go:120.22,124.3 3 0
github.com/moedahpos/backend/internal/repository/postgres/expense_repo.go:125.2,125.20 1 1
github.com/moedahpos/backend/internal/repository/postgres/expense_repo.go:125.20,129.3 3 0
github.com/moedahpos/backend/internal/repository/postgres/expense_repo.go:131.2,134.131 3 1
github.com/moedahpos/backend/internal/repository/postgres/expense_repo.go:134.131,136.3 1 0
github.com/moedahpos/backend/internal/repository/postgres/expense_repo.go:138.2,148.71 4 1
github.com/moedahpos/backend/internal/repository/postgres/expense_repo.go:148.71,150.3 1 0
github.com/moedahpos/backend/internal/repository/postgres/expense_repo.go:151.2,151.25 1 1
github.com/moedahpos/backend/internal/repository/postgres/expense_repo.go:154.97,161.83 3 1
github.com/moedahpos/backend/internal/repository/postgres/expense_repo.go:161.83,162.36 1 1
github.com/moedahpos/backend/internal/repository/postgres/expense_repo.go:162.36,164.4 1 1
github.com/moedahpos/backend/internal/repository/postgres/expense_repo.go:165.3,165.57 1 0
github.com/moedahpos/backend/internal/repository/postgres/expense_repo.go:167.2,167.17 1 1
github.com/moedahpos/backend/internal/repository/postgres/expense_repo.go:170.95,176.156 3 1
github.com/moedahpos/backend/internal/repository/postgres/expense_repo.go:176.156,177.36 1 1
github.com/moedahpos/backend/internal/repository/postgres/expense_repo.go:177.36,179.4 1 1
github.com/moedahpos/backend/internal/repository/postgres/expense_repo.go:180.3,180.56 1 0
github.com/moedahpos/backend/internal/repository/postgres/expense_repo.go:182.2,183.17 2 1
github.com/moedahpos/backend/internal/repository/postgres/expense_repo.go:186.77,189.16 3 1
github.com/moedahpos/backend/internal/repository/postgres/expense_repo.go:189.16,191.3 1 0
github.com/moedahpos/backend/internal/repository/postgres/expense_repo.go:192.2,192.40 1 1
github.com/moedahpos/backend/internal/repository/postgres/expense_repo.go:192.40,194.3 1 1
github.com/moedahpos/backend/internal/repository/postgres/expense_repo.go:195.2,195.12 1 1
github.com/moedahpos/backend/internal/repository/postgres/expense_repo.go:198.117,204.91 3 1
github.com/moedahpos/backend/internal/repository/postgres/expense_repo.go:204.91,205.36 1 1
github.com/moedahpos/backend/internal/repository/postgres/expense_repo.go:205.36,207.4 1 1
github.com/moedahpos/backend/internal/repository/postgres/expense_repo.go:208.3,208.69 1 0
github.com/moedahpos/backend/internal/repository/postgres/expense_repo.go:210.2,211.17 2 1
github.com/moedahpos/backend/internal/repository/postgres/expense_repo.go:216.129,225.65 3 1
github.com/moedahpos/backend/internal/repository/postgres/expense_repo.go:225.65,227.3 1 0
github.com/moedahpos/backend/internal/repository/postgres/expense_repo.go:228.2,229.17 2 1
github.com/moedahpos/backend/internal/repository/postgres/expense_repo.go:232.127,237.24 4 1
github.com/moedahpos/backend/internal/repository/postgres/expense_repo.go:237.24,241.3 3 0
github.com/moedahpos/backend/internal/repository/postgres/expense_repo.go:243.2,246.142 3 1
github.com/moedahpos/backend/internal/repository/postgres/expense_repo.go:246.142,248.3 1 0
github.com/moedahpos/backend/internal/repository/postgres/expense_repo.go:250.2,260.71 4 1
github.com/moedahpos/backend/internal/repository/postgres/expense_repo.go:260.71,262.3 1 0
github.com/moedahpos/backend/internal/repository/postgres/expense_repo.go:263.2,263.25 1 1
github.com/moedahpos/backend/internal/repository/postgres/expense_repo.go:266.115,273.83 3 1
github.com/moedahpos/backend/internal/repository/postgres/expense_repo.go:273.83,274.36 1 1
github.com/moedahpos/backend/internal/repository/postgres/expense_repo.go:274.36,276.4 1 1
github.com/moedahpos/backend/internal/repository/postgres/expense_repo.go:277.3,277.66 1 0
github.com/moedahpos/backend/internal/repository/postgres/expense_repo.go:279.2,279.17 1 1
github.com/moedahpos/backend/internal/repository/postgres/expense_repo.go:282.122,292.48 3 1
github.com/moedahpos/backend/internal/repository/postgres/expense_repo.go:292.48,293.36 1 1
github.com/moedahpos/backend/internal/repository/postgres/expense_repo.go:293.36,295.4 1 1
github.com/moedahpos/backend/internal/repository/postgres/expense_repo.go:296.3,296.65 1 0
github.com/moedahpos/backend/internal/repository/postgres/expense_repo.go:298.2,299.17 2 1
github.com/moedahpos/backend/internal/repository/postgres/expense_repo.go:302.86,305.16 3 1
github.com/moedahpos/backend/internal/repository/postgres/expense_repo.go:305.16,307.3 1 0
github.com/moedahpos/backend/internal/repository/postgres/expense_repo.go:308.2,308.40 1 1
github.com/moedahpos/backend/internal/repository/postgres/expense_repo.go:308.40,310.3 1 1
github.com/moedahpos/backend/internal/repository/postgres/expense_repo.go:311.2,311.12 1 1
github.com/moedahpos/backend/internal/repository/postgres/expense_repo.go:314.104,324.58 3 1
github.com/moedahpos/backend/internal/repository/postgres/expense_repo.go:324.58,326.3 1 0
github.com/moedahpos/backend/internal/repository/postgres/expense_repo.go:327.2,327.18 1 1
github.com/moedahpos/backend/internal/repository/postgres/expense_repo.go:330.98,334.2 3 1
github.com/moedahpos/backend/internal/repository/postgres/income_repo.go:22.66,24.2 1 1
github.com/moedahpos/backend/internal/repository/postgres/income_repo.go:28.113,30.21 2 1
github.com/moedahpos/backend/internal/repository/postgres/income_repo.go:30.21,32.3 1 1
github.com/moedahpos/backend/internal/repository/postgres/income_repo.go:33.2,35.58 3 1
github.com/moedahpos/backend/internal/repository/postgres/income_repo.go:35.58,37.3 1 0
github.com/moedahpos/backend/internal/repository/postgres/income_repo.go:38.2,38.18 1 1
github.com/moedahpos/backend/internal/repository/postgres/income_repo.go:41.118,47.97 3 1
github.com/moedahpos/backend/internal/repository/postgres/income_repo.go:47.97,49.3 1 0
github.com/moedahpos/backend/internal/repository/postgres/income_repo.go:50.2,50.17 1 1
github.com/moedahpos/backend/internal/repository/postgres/income_repo.go:53.102,56.74 3 1
github.com/moedahpos/backend/internal/repository/postgres/income_repo.go:56.74,57.36 1 1
github.com/moedahpos/backend/internal/repository/postgres/income_repo.go:57.36,59.4 1 1
github.com/moedahpos/backend/internal/repository/postgres/income_repo.go:60.3,60.64 1 0
github.com/moedahpos/backend/internal/repository/postgres/income_repo.go:62.2,62.17 1 1
github.com/moedahpos/backend/internal/repository/postgres/income_repo.go:65.135,72.96 3 1
github.com/moedahpos/backend/internal/repository/postgres/income_repo.go:72.96,73.36 1 1
github.com/moedahpos/backend/internal/repository/postgres/income_repo.go:73.36,75.4 1 1
github.com/moedahpos/backend/internal/repository/postgres/income_repo.go:76.3,76.63 1 0
github.com/moedahpos/backend/internal/repository/postgres/income_repo.go:78.2,78.17 1 1
github.com/moedahpos/backend/internal/repository/postgres/income_repo.go:81.79,87.16 3 1
github.com/moedahpos/backend/internal/repository/postgres/income_repo.go:87.16,89.3 1 0
github.com/moedahpos/backend/internal/repository/postgres/income_repo.go:90.2,90.40 1 1
github.com/moedahpos/backend/internal/repository/postgres/income_repo.go:90.40,92.3 1 1
github.com/moedahpos/backend/internal/repository/postgres/income_repo.go:93.2,93.12 1 1
github.com/moedahpos/backend/internal/repository/postgres/income_repo.go:98.94,107.32 3 1
github.com/moedahpos/backend/internal/repository/postgres/income_repo.go:107.32,109.3 1 0
github.com/moedahpos/backend/internal/repository/postgres/income_repo.go:111.2,111.32 1 1
github.com/moedahpos/backend/internal/repository/postgres/income_repo.go:114.106,120.24 5 1
github.com/moedahpos/backend/internal/repository/postgres/income_repo.go:120.24,124.3 3 1
github.com/moedahpos/backend/internal/repository/postgres/income_repo.go:125.2,125.22 1 1
github.com/moedahpos/backend/internal/repository/postgres/income_repo.go:125.22,129.3 3 1
github.com/moedahpos/backend/internal/repository/postgres/income_repo.go:130.2,130.20 1 1
github.com/moedahpos/backend/internal/repository/postgres/income_repo.go:130.20,134.3 3 1
github.com/moedahpos/backend/internal/repository/postgres/income_repo.go:136.2,141.29 3 1
github.com/moedahpos/backend/internal/repository/postgres/income_repo.go:141.29,143.3 1 0
github.com/moedahpos/backend/internal/repository/postgres/income_repo.go:145.2,161.71 5 1
github.com/moedahpos/backend/internal/repository/postgres/income_repo.go:161.71,163.3 1 0
github.com/moedahpos/backend/internal/repository/postgres/income_repo.go:164.2,164.25 1 1
github.com/moedahpos/backend/internal/repository/postgres/income_repo.go:167.87,179.74 3 1
github.com/moedahpos/backend/internal/repository/postgres/income_repo.go:179.74,180.36 1 1
github.com/moedahpos/backend/internal/repository/postgres/income_repo.go:180.36,182.4 1 1
github.com/moedahpos/backend/internal/repository/postgres/income_repo.go:183.3,183.57 1 0
github.com/moedahpos/backend/internal/repository/postgres/income_repo.go:185.2,185.17 1 1
github.com/moedahpos/backend/internal/repository/postgres/income_repo.go:188.94,199.26 3 1
github.com/moedahpos/backend/internal/repository/postgres/income_repo.go:199.26,200.36 1 1
github.com/moedahpos/backend/internal/repository/postgres/income_repo.go:200.36,202.4 1 1
github.com/moedahpos/backend/internal/repository/postgres/income_repo.go:203.3,203.55 1 0
github.com/moedahpos/backend/internal/repository/postgres/income_repo.go:205.2,205.28 1 1
github.com/moedahpos/backend/internal/repository/postgres/income_repo.go:208.76,211.16 3 1
github.com/moedahpos/backend/internal/repository/postgres/income_repo.go:211.16,213.3 1 0
github.com/moedahpos/backend/internal/repository/postgres/income_repo.go:214.2,214.40 1 1
github.com/moedahpos/backend/internal/repository/postgres/income_repo.go:214.40,216.3 1 1
github.com/moedahpos/backend/internal/repository/postgres/income_repo.go:217.2,217.12 1 1
github.com/moedahpos/backend/internal/repository/postgres/income_repo.go:221.111,227.128 3 1
github.com/moedahpos/backend/internal/repository/postgres/income_repo.go:227.128,229.3 1 0
github.com/moedahpos/backend/internal/repository/postgres/income_repo.go:230.2,230.19 1 1
github.com/moedahpos/backend/internal/repository/postgres/loyalty_repository.go:21.82,23.2 1 1
github.com/moedahpos/backend/internal/repository/postgres/loyalty_repository.go:25.93,28.59 3 1
github.com/moedahpos/backend/internal/repository/postgres/loyalty_repository.go:28.59,30.3 1 0
github.com/moedahpos/backend/internal/repository/postgres/loyalty_repository.go:31.2,31.19 1 1
github.com/moedahpos/backend/internal/repository/postgres/loyalty_repository.go:34.103,37.72 3 0
github.com/moedahpos/backend/internal/repository/postgres/loyalty_repository.go:37.72,38.36 1 0
github.com/moedahpos/backend/internal/repository/postgres/loyalty_repository.go:38.36,40.4 1 0
github.com/moedahpos/backend/internal/repository/postgres/loyalty_repository.go:41.3,41.65 1 0
github.com/moedahpos/backend/internal/repository/postgres/loyalty_repository.go:43.2,43.15 1 0
github.com/moedahpos/backend/internal/repository/postgres/loyalty_repository.go:52.68,54.2 1 1
github.com/moedahpos/backend/internal/repository/postgres/loyalty_repository.go:57.91,60.81 3 1
github.com/moedahpos/backend/internal/repository/postgres/loyalty_repository.go:60.81,62.3 1 0
github.com/moedahpos/backend/internal/repository/postgres/loyalty_repository.go:63.2,63.21 1 1
github.com/moedahpos/backend/internal/repository/postgres/loyalty_repository.go:67.144,73.107 3 1
github.com/moedahpos/backend/internal/repository/postgres/loyalty_repository.go:73.107,75.3 1 0
github.com/moedahpos/backend/internal/repository/postgres/loyalty_repository.go:76.2,76.19 1 1
github.com/moedahpos/backend/internal/repository/postgres/loyalty_repository.go:81.145,88.108 3 0
github.com/moedahpos/backend/internal/repository/postgres/loyalty_repository.go:88.108,90.3 1 0
github.com/moedahpos/backend/internal/repository/postgres/loyalty_repository.go:91.2,91.19 1 0
github.com/moedahpos/backend/internal/repository/postgres/loyalty_repository.go:95.107,102.73 3 0
github.com/moedahpos/backend/internal/repository/postgres/loyalty_repository.go:102.73,104.3 1 0
github.com/moedahpos/backend/internal/repository/postgres/loyalty_repository.go:105.2,105.21 1 0
github.com/moedahpos/backend/internal/repository/postgres/loyalty_repository.go:109.88,114.16 2 0
github.com/moedahpos/backend/internal/repository/postgres/loyalty_repository.go:114.16,116.3 1 0
github.com/moedahpos/backend/internal/repository/postgres/loyalty_repository.go:117.2,117.40 1 0
github.com/moedahpos/backend/internal/repository/postgres/loyalty_repository.go:117.40,119.3 1 0
github.com/moedahpos/backend/internal/repository/postgres/loyalty_repository.go:120.2,120.12 1 0
github.com/moedahpos/backend/internal/repository/postgres/loyalty_repository.go:124.111,131.80 3 0
github.com/moedahpos/backend/internal/repository/postgres/loyalty_repository.go:131.80,132.36 1 0
github.com/moedahpos/backend/internal/repository/postgres/loyalty_repository.go:132.36,134.4 1 0
github.com/moedahpos/backend/internal/repository/postgres/loyalty_repository.go:135.3,135.65 1 0
github.com/moedahpos/backend/internal/repository/postgres/loyalty_repository.go:137.2,137.15 1 0
github.com/moedahpos/backend/internal/repository/postgres/payment_record_repo.go:18.80,20.2 1 1
github.com/moedahpos/backend/internal/repository/postgres/payment_record_repo.go:23.114,39.16 3 1
github.com/moedahpos/backend/internal/repository/postgres/payment_record_repo.go:39.16,41.3 1 0
github.com/moedahpos/backend/internal/repository/postgres/payment_record_repo.go:42.2,42.17 1 1
github.com/moedahpos/backend/internal/repository/postgres/payment_record_repo.go:46.113,55.71 3 1
github.com/moedahpos/backend/internal/repository/postgres/payment_record_repo.go:55.71,57.3 1 0
github.com/moedahpos/backend/internal/repository/postgres/payment_record_repo.go:58.2,58.21 1 1
github.com/moedahpos/backend/internal/repository/postgres/po_payment_repo.go:20.72,22.2 1 1
github.com/moedahpos/backend/internal/repository/postgres/po_payment_repo.go:25.100,33.33 3 1
github.com/moedahpos/backend/internal/repository/postgres/po_payment_repo.go:33.33,35.3 1 0
github.com/moedahpos/backend/internal/repository/postgres/po_payment_repo.go:37.2,38.18 2 1
github.com/moedahpos/backend/internal/repository/postgres/po_payment_repo.go:42.97,62.64 3 1
github.com/moedahpos/backend/internal/repository/postgres/po_payment_repo.go:62.64,64.3 1 0
github.com/moedahpos/backend/internal/repository/postgres/po_payment_repo.go:65.2,65.18 1 1
github.com/moedahpos/backend/internal/repository/postgres/po_payment_repo.go:69.119,76.72 3 1
github.com/moedahpos/backend/internal/repository/postgres/po_payment_repo.go:76.72,78.3 1 0
github.com/moedahpos/backend/internal/repository/postgres/po_payment_repo.go:79.2,80.26 2 1
github.com/moedahpos/backend/internal/repository/postgres/po_payment_repo.go:84.106,121.16 3 1
github.com/moedahpos/backend/internal/repository/postgres/po_payment_repo.go:121.16,123.3 1 0
github.com/moedahpos/backend/internal/repository/postgres/po_payment_repo.go:124.2,124.16 1 1
github.com/moedahpos/backend/internal/repository/postgres/po_payment_repo.go:127.48,128.9 1 1
github.com/moedahpos/backend/internal/repository/postgres/po_payment_repo.go:129.17,130.18 1 1
github.com/moedahpos/backend/internal/repository/postgres/po_payment_repo.go:131.21,132.16 1 1
github.com/moedahpos/backend/internal/repository/postgres/po_payment_repo.go:133.10,134.19 1 1
github.com/moedahpos/backend/internal/repository/postgres/po_payment_repo.go:139.94,140.19 1 1
github.com/moedahpos/backend/internal/repository/postgres/po_payment_repo.go:140.19,142.3 1 0
github.com/moedahpos/backend/internal/repository/postgres/po_payment_repo.go:143.2,144.25 2 1
github.com/moedahpos/backend/internal/repository/postgres/po_payment_repo.go:144.25,146.3 1 1
github.com/moedahpos/backend/internal/repository/postgres/po_payment_repo.go:147.2,163.25 7 1
github.com/moedahpos/backend/internal/repository/postgres/po_payment_repo.go:163.25,165.3 1 1
github.com/moedahpos/backend/internal/repository/postgres/po_payment_repo.go:166.2,166.25 1 1
github.com/moedahpos/backend/internal/repository/postgres/po_payment_repo.go:166.25,170.3 3 1
github.com/moedahpos/backend/internal/repository/postgres/po_payment_repo.go:171.2,171.16 1 1
github.com/moedahpos/backend/internal/repository/postgres/po_repo.go:21.80,23.2 1 1
github.com/moedahpos/backend/internal/repository/postgres/po_repo.go:25.126,27.16 2 1
github.com/moedahpos/backend/internal/repository/postgres/po_repo.go:27.16,29.3 1 0
github.com/moedahpos/backend/internal/repository/postgres/po_repo.go:30.2,30.15 1 1
github.com/moedahpos/backend/internal/repository/postgres/po_repo.go:30.15,30.36 1 1
github.com/moedahpos/backend/internal/repository/postgres/po_repo.go:32.2,40.35 3 1
github.com/moedahpos/backend/internal/repository/postgres/po_repo.go:40.35,42.3 1 0
github.com/moedahpos/backend/internal/repository/postgres/po_repo.go:44.2,45.16 2 1
github.com/moedahpos/backend/internal/repository/postgres/po_repo.go:45.16,47.3 1 0
github.com/moedahpos/backend/internal/repository/postgres/po_repo.go:49.2,49.36 1 1
github.com/moedahpos/backend/internal/repository/postgres/po_repo.go:49.36,51.3 1 0
github.com/moedahpos/backend/internal/repository/postgres/po_repo.go:52.2,53.20 2 1
github.com/moedahpos/backend/internal/repository/postgres/po_repo.go:56.125,62.29 3 1
github.com/moedahpos/backend/internal/repository/postgres/po_repo.go:62.29,64.137 2 1
github.com/moedahpos/backend/internal/repository/postgres/po_repo.go:64.137,66.4 1 0
github.com/moedahpos/backend/internal/repository/postgres/po_repo.go:67.3,67.31 1 1
github.com/moedahpos/backend/internal/repository/postgres/po_repo.go:69.2,69.20 1 1
github.com/moedahpos/backend/internal/repository/postgres/po_repo.go:72.105,76.20 4 1
github.com/moedahpos/backend/internal/repository/postgres/po_repo.go:76.20,80.3 3 0
github.com/moedahpos/backend/internal/repository/postgres/po_repo.go:81.2,81.22 1 1
github.com/moedahpos/backend/internal/repository/postgres/po_repo.go:81.22,85.3 3 0
github.com/moedahpos/backend/internal/repository/postgres/po_repo.go:86.2,86.20 1 1
github.com/moedahpos/backend/internal/repository/postgres/po_repo.go:86.20,90.3 3 0
github.com/moedahpos/backend/internal/repository/postgres/po_repo.go:91.2,96.29 3 1
github.com/moedahpos/backend/internal/repository/postgres/po_repo.go:96.29,98.3 1 0
github.com/moedahpos/backend/internal/repository/postgres/po_repo.go:100.2,133.70 4 1
github.com/moedahpos/backend/internal/repository/postgres/po_repo.go:133.70,135.3 1 0
github.com/moedahpos/backend/internal/repository/postgres/po_repo.go:136.2,136.24 1 1
github.com/moedahpos/backend/internal/repository/postgres/po_repo.go:139.90,153.75 3 1
github.com/moedahpos/backend/internal/repository/postgres/po_repo.go:153.75,154.36 1 1
github.com/moedahpos/backend/internal/repository/postgres/po_repo.go:154.36,156.4 1 1
github.com/moedahpos/backend/internal/repository/postgres/po_repo.go:157.3,157.53 1 0
github.com/moedahpos/backend/internal/repository/postgres/po_repo.go:160.2,166.70 2 1
github.com/moedahpos/backend/internal/repository/postgres/po_repo.go:166.70,168.3 1 0
github.com/moedahpos/backend/internal/repository/postgres/po_repo.go:169.2,169.16 1 1
github.com/moedahpos/backend/internal/repository/postgres/po_repo.go:172.126,174.16 2 1
github.com/moedahpos/backend/internal/repository/postgres/po_repo.go:174.16,176.3 1 0
github.com/moedahpos/backend/internal/repository/postgres/po_repo.go:177.2,177.15 1 1
github.com/moedahpos/backend/internal/repository/postgres/po_repo.go:177.15,177.36 1 1
github.com/moedahpos/backend/internal/repository/postgres/po_repo.go:179.2,185.119 3 1
github.com/moedahpos/backend/internal/repository/postgres/po_repo.go:185.119,186.36 1 1
github.com/moedahpos/backend/internal/repository/postgres/po_repo.go:186.36,188.4 1 1
github.com/moedahpos/backend/internal/repository/postgres/po_repo.go:189.3,189.51 1 0
github.com/moedahpos/backend/internal/repository/postgres/po_repo.go:193.2,193.107 1 1
github.com/moedahpos/backend/internal/repository/postgres/po_repo.go:193.107,195.3 1 0
github.com/moedahpos/backend/internal/repository/postgres/po_repo.go:196.2,197.16 2 1
github.com/moedahpos/backend/internal/repository/postgres/po_repo.go:197.16,199.3 1 0
github.com/moedahpos/backend/internal/repository/postgres/po_repo.go:201.2,201.36 1 1
github.com/moedahpos/backend/internal/repository/postgres/po_repo.go:201.36,203.3 1 0
github.com/moedahpos/backend/internal/repository/postgres/po_repo.go:204.2,205.20 2 1
github.com/moedahpos/backend/internal/repository/postgres/po_repo.go:208.68,214.16 3 1
github.com/moedahpos/backend/internal/repository/postgres/po_repo.go:214.16,216.3 1 0
github.com/moedahpos/backend/internal/repository/postgres/po_repo.go:217.2,217.40 1 1
github.com/moedahpos/backend/internal/repository/postgres/po_repo.go:217.40,219.3 1 1
github.com/moedahpos/backend/internal/repository/postgres/po_repo.go:220.2,220.12 1 1
github.com/moedahpos/backend/internal/repository/postgres/po_repo.go:224.74,234.16 3 1
github.com/moedahpos/backend/internal/repository/postgres/po_repo.go:234.16,236.3 1 1
github.com/moedahpos/backend/internal/repository/postgres/po_repo.go:238.2,239.126 2 1
github.com/moedahpos/backend/internal/repository/postgres/po_repo.go:239.126,241.3 1 0
github.com/moedahpos/backend/internal/repository/postgres/po_repo.go:243.2,244.16 2 1
github.com/moedahpos/backend/internal/repository/postgres/po_repo.go:244.16,246.3 1 0
github.com/moedahpos/backend/internal/repository/postgres/po_repo.go:247.2,247.15 1 1
github.com/moedahpos/backend/internal/repository/postgres/po_repo.go:247.15,247.36 1 1
github.com/moedahpos/backend/internal/repository/postgres/po_repo.go:250.2,254.16 2 1
github.com/moedahpos/backend/internal/repository/postgres/po_repo.go:254.16,256.3 1 0
github.com/moedahpos/backend/internal/repository/postgres/po_repo.go:257.2,257.40 1 1
github.com/moedahpos/backend/internal/repository/postgres/po_repo.go:257.40,259.3 1 0
github.com/moedahpos/backend/internal/repository/postgres/po_repo.go:262.2,264.16 1 1
github.com/moedahpos/backend/internal/repository/postgres/po_repo.go:264.16,266.3 1 0
github.com/moedahpos/backend/internal/repository/postgres/po_repo.go:268.2,287.29 5 1
github.com/moedahpos/backend/internal/repository/postgres/po_repo.go:287.29,288.107 1 1
github.com/moedahpos/backend/internal/repository/postgres/po_repo.go:288.107,290.4 1 0
github.com/moedahpos/backend/internal/repository/postgres/po_repo.go:291.3,291.93 1 1
github.com/moedahpos/backend/internal/repository/postgres/po_repo.go:291.93,293.4 1 0
github.com/moedahpos/backend/internal/repository/postgres/po_repo.go:295.3,295.84 1 1
github.com/moedahpos/backend/internal/repository/postgres/po_repo.go:295.84,297.4 1 0
github.com/moedahpos/backend/internal/repository/postgres/po_repo.go:299.3,299.117 1 1
github.com/moedahpos/backend/internal/repository/postgres/po_repo.go:299.117,301.4 1 0
github.com/moedahpos/backend/internal/repository/postgres/po_repo.go:304.2,304.20 1 1
github.com/moedahpos/backend/internal/repository/postgres/po_repo.go:307.65,313.16 4 1
github.com/moedahpos/backend/internal/repository/postgres/po_repo.go:313.16,315.3 1 0
github.com/moedahpos/backend/internal/repository/postgres/po_repo.go:316.2,316.40 1 1
github.com/moedahpos/backend/internal/repository/postgres/po_repo.go:316.40,318.3 1 1
github.com/moedahpos/backend/internal/repository/postgres/po_repo.go:319.2,319.12 1 1
github.com/moedahpos/backend/internal/repository/postgres/po_repo.go:322.79,340.2 6 1
github.com/moedahpos/backend/internal/repository/postgres/price_history_repo.go:19.78,21.2 1 1
github.com/moedahpos/backend/internal/repository/postgres/price_history_repo.go:24.85,34.16 3 1
github.com/moedahpos/backend/internal/repository/postgres/price_history_repo.go:34.16,36.3 1 0
github.com/moedahpos/backend/internal/repository/postgres/price_history_repo.go:37.2,37.12 1 1
github.com/moedahpos/backend/internal/repository/postgres/price_history_repo.go:41.144,44.83 3 1
github.com/moedahpos/backend/internal/repository/postgres/price_history_repo.go:44.83,46.3 1 0
github.com/moedahpos/backend/internal/repository/postgres/price_history_repo.go:48.2,63.92 3 1
github.com/moedahpos/backend/internal/repository/postgres/price_history_repo.go:63.92,65.3 1 0
github.com/moedahpos/backend/internal/repository/postgres/price_history_repo.go:66.2,66.25 1 1
github.com/moedahpos/backend/internal/repository/postgres/price_history_repo.go:70.140,75.23 4 1
github.com/moedahpos/backend/internal/repository/postgres/price_history_repo.go:75.23,79.3 3 1
github.com/moedahpos/backend/internal/repository/postgres/price_history_repo.go:80.2,80.20 1 1
github.com/moedahpos/backend/internal/repository/postgres/price_history_repo.go:80.20,84.3 3 1
github.com/moedahpos/backend/internal/repository/postgres/price_history_repo.go:86.2,89.29 2 1
github.com/moedahpos/backend/internal/repository/postgres/price_history_repo.go:89.29,91.3 1 0
github.com/moedahpos/backend/internal/repository/postgres/price_history_repo.go:93.2,109.67 4 1
github.com/moedahpos/backend/internal/repository/postgres/price_history_repo.go:109.67,111.3 1 0
github.com/moedahpos/backend/internal/repository/postgres/price_history_repo.go:112.2,112.25 1 1
github.com/moedahpos/backend/internal/repository/postgres/restaurant_repo.go:20.64,22.2 1 1
github.com/moedahpos/backend/internal/repository/postgres/restaurant_repo.go:24.108,31.69 3 1
github.com/moedahpos/backend/internal/repository/postgres/restaurant_repo.go:31.69,33.3 1 0
github.com/moedahpos/backend/internal/repository/postgres/restaurant_repo.go:34.2,34.20 1 1
github.com/moedahpos/backend/internal/repository/postgres/restaurant_repo.go:37.95,42.72 3 1
github.com/moedahpos/backend/internal/repository/postgres/restaurant_repo.go:42.72,43.36 1 1
github.com/moedahpos/backend/internal/repository/postgres/restaurant_repo.go:43.36,45.4 1 1
github.com/moedahpos/backend/internal/repository/postgres/restaurant_repo.go:46.3,46.56 1 0
github.com/moedahpos/backend/internal/repository/postgres/restaurant_repo.go:48.2,48.15 1 1
github.com/moedahpos/backend/internal/repository/postgres/restaurant_repo.go:51.109,60.16 4 1
github.com/moedahpos/backend/internal/repository/postgres/restaurant_repo.go:60.16,62.3 1 0
github.com/moedahpos/backend/internal/repository/postgres/restaurant_repo.go:63.2,63.17 1 1
github.com/moedahpos/backend/internal/repository/postgres/restaurant_repo.go:66.109,74.16 4 1
github.com/moedahpos/backend/internal/repository/postgres/restaurant_repo.go:74.16,75.36 1 1
github.com/moedahpos/backend/internal/repository/postgres/restaurant_repo.go:75.36,77.4 1 1
github.com/moedahpos/backend/internal/repository/postgres/restaurant_repo.go:78.3,78.54 1 0
github.com/moedahpos/backend/internal/repository/postgres/restaurant_repo.go:80.2,80.17 1 1
github.com/moedahpos/backend/internal/repository/postgres/restaurant_repo.go:83.99,86.16 3 1
github.com/moedahpos/backend/internal/repository/postgres/restaurant_repo.go:86.16,88.3 1 0
github.com/moedahpos/backend/internal/repository/postgres/restaurant_repo.go:89.2,89.40 1 1
github.com/moedahpos/backend/internal/repository/postgres/restaurant_repo.go:89.40,91.3 1 1
github.com/moedahpos/backend/internal/repository/postgres/restaurant_repo.go:92.2,92.12 1 1
github.com/moedahpos/backend/internal/repository/postgres/restaurant_repo.go:95.70,98.16 3 1
github.com/moedahpos/backend/internal/repository/postgres/restaurant_repo.go:98.16,100.3 1 0
github.com/moedahpos/backend/internal/repository/postgres/restaurant_repo.go:101.2,101.40 1 1
github.com/moedahpos/backend/internal/repository/postgres/restaurant_repo.go:101.40,103.3 1 1
github.com/moedahpos/backend/internal/repository/postgres/restaurant_repo.go:104.2,104.12 1 1
github.com/moedahpos/backend/internal/repository/postgres/restaurant_repo.go:112.70,114.2 1 1
github.com/moedahpos/backend/internal/repository/postgres/restaurant_repo.go:116.104,129.68 3 1
github.com/moedahpos/backend/internal/repository/postgres/restaurant_repo.go:129.68,131.3 1 0
github.com/moedahpos/backend/internal/repository/postgres/restaurant_repo.go:134.2,134.21 1 1
github.com/moedahpos/backend/internal/repository/postgres/restaurant_repo.go:134.21,136.3 1 0
github.com/moedahpos/backend/internal/repository/postgres/restaurant_repo.go:137.2,138.29 2 1
github.com/moedahpos/backend/internal/repository/postgres/restaurant_repo.go:138.29,140.3 1 1
github.com/moedahpos/backend/internal/repository/postgres/restaurant_repo.go:141.2,142.16 2 1
github.com/moedahpos/backend/internal/repository/postgres/restaurant_repo.go:142.16,144.3 1 0
github.com/moedahpos/backend/internal/repository/postgres/restaurant_repo.go:145.2,145.29 1 1
github.com/moedahpos/backend/internal/repository/postgres/restaurant_repo.go:145.29,147.3 1 1
github.com/moedahpos/backend/internal/repository/postgres/restaurant_repo.go:148.2,148.19 1 1
github.com/moedahpos/backend/internal/repository/postgres/restaurant_repo.go:151.91,163.75 3 1
github.com/moedahpos/backend/internal/repository/postgres/restaurant_repo.go:163.75,164.36 1 1
github.com/moedahpos/backend/internal/repository/postgres/restaurant_repo.go:164.36,166.4 1 1
github.com/moedahpos/backend/internal/repository/postgres/restaurant_repo.go:167.3,167.59 1 0
github.com/moedahpos/backend/internal/repository/postgres/restaurant_repo.go:169.2,170.16 2 1
github.com/moedahpos/backend/internal/repository/postgres/restaurant_repo.go:170.16,172.3 1 0
github.com/moedahpos/backend/internal/repository/postgres/restaurant_repo.go:173.2,174.18 2 1
github.com/moedahpos/backend/internal/repository/postgres/restaurant_repo.go:177.123,178.19 1 1
github.com/moedahpos/backend/internal/repository/postgres/restaurant_repo.go:178.19,180.3 1 0
github.com/moedahpos/backend/internal/repository/postgres/restaurant_repo.go:181.2,188.16 2 1
github.com/moedahpos/backend/internal/repository/postgres/restaurant_repo.go:188.16,190.3 1 0
github.com/moedahpos/backend/internal/repository/postgres/restaurant_repo.go:191.2,193.71 3 1
github.com/moedahpos/backend/internal/repository/postgres/restaurant_repo.go:193.71,195.3 1 0
github.com/moedahpos/backend/internal/repository/postgres/restaurant_repo.go:196.2,197.27 2 1
github.com/moedahpos/backend/internal/repository/postgres/restaurant_repo.go:197.27,199.3 1 1
github.com/moedahpos/backend/internal/repository/postgres/restaurant_repo.go:200.2,200.15 1 1
github.com/moedahpos/backend/internal/repository/postgres/restaurant_repo.go:203.101,214.16 4 1
github.com/moedahpos/backend/internal/repository/postgres/restaurant_repo.go:214.16,216.3 1 0
github.com/moedahpos/backend/internal/repository/postgres/restaurant_repo.go:217.2,217.17 1 1
github.com/moedahpos/backend/internal/repository/postgres/restaurant_repo.go:220.101,235.16 4 1
github.com/moedahpos/backend/internal/repository/postgres/restaurant_repo.go:235.16,236.36 1 0
github.com/moedahpos/backend/internal/repository/postgres/restaurant_repo.go:236.36,238.4 1 0
github.com/moedahpos/backend/internal/repository/postgres/restaurant_repo.go:239.3,239.57 1 0
github.com/moedahpos/backend/internal/repository/postgres/restaurant_repo.go:241.2,241.17 1 1
github.com/moedahpos/backend/internal/repository/postgres/restaurant_repo.go:244.123,246.16 2 1
github.com/moedahpos/backend/internal/repository/postgres/restaurant_repo.go:246.16,248.3 1 0
github.com/moedahpos/backend/internal/repository/postgres/restaurant_repo.go:249.2,249.15 1 1
github.com/moedahpos/backend/internal/repository/postgres/restaurant_repo.go:249.15,249.36 1 1
github.com/moedahpos/backend/internal/repository/postgres/restaurant_repo.go:251.2,251.120 1 1
github.com/moedahpos/backend/internal/repository/postgres/restaurant_repo.go:251.120,253.3 1 0
github.com/moedahpos/backend/internal/repository/postgres/restaurant_repo.go:254.2,254.27 1 1
github.com/moedahpos/backend/internal/repository/postgres/restaurant_repo.go:254.27,257.59 1 1
github.com/moedahpos/backend/internal/repository/postgres/restaurant_repo.go:257.59,259.4 1 0
github.com/moedahpos/backend/internal/repository/postgres/restaurant_repo.go:261.2,261.20 1 1
github.com/moedahpos/backend/internal/repository/postgres/restaurant_repo.go:264.73,267.16 3 1
github.com/moedahpos/backend/internal/repository/postgres/restaurant_repo.go:267.16,269.3 1 0
github.com/moedahpos/backend/internal/repository/postgres/restaurant_repo.go:270.2,270.40 1 1
github.com/moedahpos/backend/internal/repository/postgres/restaurant_repo.go:270.40,272.3 1 1
github.com/moedahpos/backend/internal/repository/postgres/restaurant_repo.go:273.2,273.12 1 1
github.com/moedahpos/backend/internal/repository/postgres/role_repo.go:20.62,22.2 1 1
github.com/moedahpos/backend/internal/repository/postgres/role_repo.go:25.75,28.64 3 1
github.com/moedahpos/backend/internal/repository/postgres/role_repo.go:28.64,30.3 1 0
github.com/moedahpos/backend/internal/repository/postgres/role_repo.go:33.2,40.16 3 1
github.com/moedahpos/backend/internal/repository/postgres/role_repo.go:40.16,42.3 1 0
github.com/moedahpos/backend/internal/repository/postgres/role_repo.go:43.2,43.15 1 1
github.com/moedahpos/backend/internal/repository/postgres/role_repo.go:43.15,44.40 1 1
github.com/moedahpos/backend/internal/repository/postgres/role_repo.go:44.40,46.4 1 0
github.com/moedahpos/backend/internal/repository/postgres/role_repo.go:49.2,50.18 2 1
github.com/moedahpos/backend/internal/repository/postgres/role_repo.go:50.18,52.55 2 1
github.com/moedahpos/backend/internal/repository/postgres/role_repo.go:52.55,54.4 1 0
github.com/moedahpos/backend/internal/repository/postgres/role_repo.go:55.3,55.54 1 1
github.com/moedahpos/backend/internal/repository/postgres/role_repo.go:58.2,58.29 1 1
github.com/moedahpos/backend/internal/repository/postgres/role_repo.go:58.29,60.3 1 1
github.com/moedahpos/backend/internal/repository/postgres/role_repo.go:61.2,61.19 1 1
github.com/moedahpos/backend/internal/repository/postgres/stock_adjustment_repo.go:20.84,22.2 1 1
github.com/moedahpos/backend/internal/repository/postgres/stock_adjustment_repo.go:25.135,27.16 2 1
github.com/moedahpos/backend/internal/repository/postgres/stock_adjustment_repo.go:27.16,29.3 1 0
github.com/moedahpos/backend/internal/repository/postgres/stock_adjustment_repo.go:30.2,30.15 1 1
github.com/moedahpos/backend/internal/repository/postgres/stock_adjustment_repo.go:30.15,30.36 1 1
github.com/moedahpos/backend/internal/repository/postgres/stock_adjustment_repo.go:32.2,39.155 3 1
github.com/moedahpos/backend/internal/repository/postgres/stock_adjustment_repo.go:39.155,41.3 1 0
github.com/moedahpos/backend/internal/repository/postgres/stock_adjustment_repo.go:43.2,43.25 1 1
github.com/moedahpos/backend/internal/repository/postgres/stock_adjustment_repo.go:43.25,58.92 4 1
github.com/moedahpos/backend/internal/repository/postgres/stock_adjustment_repo.go:58.92,60.4 1 0
github.com/moedahpos/backend/internal/repository/postgres/stock_adjustment_repo.go:63.3,64.29 2 1
github.com/moedahpos/backend/internal/repository/postgres/stock_adjustment_repo.go:64.29,66.4 1 1
github.com/moedahpos/backend/internal/repository/postgres/stock_adjustment_repo.go:67.3,67.34 1 1
github.com/moedahpos/backend/internal/repository/postgres/stock_adjustment_repo.go:67.34,69.4 1 1
github.com/moedahpos/backend/internal/repository/postgres/stock_adjustment_repo.go:71.3,72.29 2 1
github.com/moedahpos/backend/internal/repository/postgres/stock_adjustment_repo.go:72.29,73.22 1 1
github.com/moedahpos/backend/internal/repository/postgres/stock_adjustment_repo.go:73.22,74.10 1 0
github.com/moedahpos/backend/internal/repository/postgres/stock_adjustment_repo.go:76.4,77.26 2 1
github.com/moedahpos/backend/internal/repository/postgres/stock_adjustment_repo.go:77.26,79.5 1 1
github.com/moedahpos/backend/internal/repository/postgres/stock_adjustment_repo.go:80.4,83.129 2 1
github.com/moedahpos/backend/internal/repository/postgres/stock_adjustment_repo.go:83.129,85.5 1 0
github.com/moedahpos/backend/internal/repository/postgres/stock_adjustment_repo.go:88.4,89.192 2 1
github.com/moedahpos/backend/internal/repository/postgres/stock_adjustment_repo.go:89.192,91.5 1 0
github.com/moedahpos/backend/internal/repository/postgres/stock_adjustment_repo.go:93.4,93.23 1 1
github.com/moedahpos/backend/internal/repository/postgres/stock_adjustment_repo.go:97.3,97.182 1 1
github.com/moedahpos/backend/internal/repository/postgres/stock_adjustment_repo.go:97.182,99.4 1 0
github.com/moedahpos/backend/internal/repository/postgres/stock_adjustment_repo.go:102.3,104.99 2 1
github.com/moedahpos/backend/internal/repository/postgres/stock_adjustment_repo.go:104.99,106.4 1 0
github.com/moedahpos/backend/internal/repository/postgres/stock_adjustment_repo.go:108.8,108.31 1 1
github.com/moedahpos/backend/internal/repository/postgres/stock_adjustment_repo.go:108.31,114.23 3 1
github.com/moedahpos/backend/internal/repository/postgres/stock_adjustment_repo.go:114.23,117.4 1 0
github.com/moedahpos/backend/internal/repository/postgres/stock_adjustment_repo.go:119.3,121.83 2 1
github.com/moedahpos/backend/internal/repository/postgres/stock_adjustment_repo.go:121.83,123.4 1 0
github.com/moedahpos/backend/internal/repository/postgres/stock_adjustment_repo.go:126.3,127.200 2 1
github.com/moedahpos/backend/internal/repository/postgres/stock_adjustment_repo.go:127.200,129.4 1 0
github.com/moedahpos/backend/internal/repository/postgres/stock_adjustment_repo.go:132.3,136.76 1 1
github.com/moedahpos/backend/internal/repository/postgres/stock_adjustment_repo.go:136.76,138.4 1 0
github.com/moedahpos/backend/internal/repository/postgres/stock_adjustment_repo.go:141.3,143.98 2 1
github.com/moedahpos/backend/internal/repository/postgres/stock_adjustment_repo.go:143.98,145.4 1 0
github.com/moedahpos/backend/internal/repository/postgres/stock_adjustment_repo.go:148.2,148.20 1 1
github.com/moedahpos/backend/internal/repository/postgres/stock_adjustment_repo.go:151.148,164.42 3 1
github.com/moedahpos/backend/internal/repository/postgres/stock_adjustment_repo.go:164.42,167.3 2 1
github.com/moedahpos/backend/internal/repository/postgres/stock_adjustment_repo.go:169.2,172.74 3 1
github.com/moedahpos/backend/internal/repository/postgres/stock_adjustment_repo.go:172.74,174.3 1 0
github.com/moedahpos/backend/internal/repository/postgres/stock_adjustment_repo.go:176.2,176.25 1 1
github.com/moedahpos/backend/internal/repository/postgres/store_product_stock_repo.go:24.64,26.2 1 1
github.com/moedahpos/backend/internal/repository/postgres/store_product_stock_repo.go:28.89,35.16 4 1
github.com/moedahpos/backend/internal/repository/postgres/store_product_stock_repo.go:35.16,37.3 1 0
github.com/moedahpos/backend/internal/repository/postgres/store_product_stock_repo.go:38.2,38.17 1 1
github.com/moedahpos/backend/internal/repository/postgres/store_product_stock_repo.go:41.108,46.25 4 1
github.com/moedahpos/backend/internal/repository/postgres/store_product_stock_repo.go:46.25,50.3 3 1
github.com/moedahpos/backend/internal/repository/postgres/store_product_stock_repo.go:51.2,51.28 1 1
github.com/moedahpos/backend/internal/repository/postgres/store_product_stock_repo.go:51.28,55.3 3 0
github.com/moedahpos/backend/internal/repository/postgres/store_product_stock_repo.go:57.2,62.81 4 1
github.com/moedahpos/backend/internal/repository/postgres/store_product_stock_repo.go:62.81,64.3 1 0
github.com/moedahpos/backend/internal/repository/postgres/store_product_stock_repo.go:67.2,75.73 4 1
github.com/moedahpos/backend/internal/repository/postgres/store_product_stock_repo.go:75.73,77.3 1 0
github.com/moedahpos/backend/internal/repository/postgres/store_product_stock_repo.go:78.2,78.27 1 1
github.com/moedahpos/backend/internal/repository/postgres/store_product_stock_repo.go:81.85,86.72 3 1
github.com/moedahpos/backend/internal/repository/postgres/store_product_stock_repo.go:86.72,87.36 1 1
github.com/moedahpos/backend/internal/repository/postgres/store_product_stock_repo.go:87.36,89.4 1 1
github.com/moedahpos/backend/internal/repository/postgres/store_product_stock_repo.go:90.3,90.56 1 0
github.com/moedahpos/backend/internal/repository/postgres/store_product_stock_repo.go:92.2,92.15 1 1
github.com/moedahpos/backend/internal/repository/postgres/store_product_stock_repo.go:95.89,103.16 4 1
github.com/moedahpos/backend/internal/repository/postgres/store_product_stock_repo.go:103.16,104.36 1 1
github.com/moedahpos/backend/internal/repository/postgres/store_product_stock_repo.go:104.36,106.4 1 1
github.com/moedahpos/backend/internal/repository/postgres/store_product_stock_repo.go:107.3,107.54 1 0
github.com/moedahpos/backend/internal/repository/postgres/store_product_stock_repo.go:109.2,109.17 1 1
github.com/moedahpos/backend/internal/repository/postgres/store_product_stock_repo.go:113.70,116.16 3 1
github.com/moedahpos/backend/internal/repository/postgres/store_product_stock_repo.go:116.16,118.3 1 0
github.com/moedahpos/backend/internal/repository/postgres/store_product_stock_repo.go:119.2,119.40 1 1
github.com/moedahpos/backend/internal/repository/postgres/store_product_stock_repo.go:119.40,121.3 1 1
github.com/moedahpos/backend/internal/repository/postgres/store_product_stock_repo.go:122.2,122.12 1 1
github.com/moedahpos/backend/internal/repository/postgres/store_product_stock_repo.go:127.104,132.86 3 1
github.com/moedahpos/backend/internal/repository/postgres/store_product_stock_repo.go:132.86,133.36 1 1
github.com/moedahpos/backend/internal/repository/postgres/store_product_stock_repo.go:133.36,135.4 1 1
github.com/moedahpos/backend/internal/repository/postgres/store_product_stock_repo.go:136.3,136.58 1 0
github.com/moedahpos/backend/internal/repository/postgres/store_product_stock_repo.go:138.2,138.16 1 1
github.com/moedahpos/backend/internal/repository/postgres/store_product_stock_repo.go:141.101,158.70 3 1
github.com/moedahpos/backend/internal/repository/postgres/store_product_stock_repo.go:158.70,160.3 1 0
github.com/moedahpos/backend/internal/repository/postgres/store_product_stock_repo.go:161.2,161.21 1 1
github.com/moedahpos/backend/internal/repository/postgres/store_product_stock_repo.go:164.80,169.86 2 1
github.com/moedahpos/backend/internal/repository/postgres/store_product_stock_repo.go:169.86,171.3 1 0
github.com/moedahpos/backend/internal/repository/postgres/store_product_stock_repo.go:172.2,172.12 1 1
github.com/moedahpos/backend/internal/repository/postgres/store_product_stock_repo.go:175.97,177.77 2 1
github.com/moedahpos/backend/internal/repository/postgres/store_product_stock_repo.go:177.77,179.3 1 0
github.com/moedahpos/backend/internal/repository/postgres/store_product_stock_repo.go:180.2,180.12 1 1
github.com/moedahpos/backend/internal/repository/postgres/store_product_stock_repo.go:184.89,187.16 3 1
github.com/moedahpos/backend/internal/repository/postgres/store_product_stock_repo.go:187.16,189.3 1 0
github.com/moedahpos/backend/internal/repository/postgres/store_product_stock_repo.go:190.2,190.40 1 1
github.com/moedahpos/backend/internal/repository/postgres/store_product_stock_repo.go:190.40,192.3 1 1
github.com/moedahpos/backend/internal/repository/postgres/store_product_stock_repo.go:193.2,193.12 1 1
github.com/moedahpos/backend/internal/repository/postgres/store_product_stock_repo.go:201.70,203.2 1 1
github.com/moedahpos/backend/internal/repository/postgres/store_product_stock_repo.go:205.98,211.101 3 1
github.com/moedahpos/backend/internal/repository/postgres/store_product_stock_repo.go:211.101,213.3 1 0
github.com/moedahpos/backend/internal/repository/postgres/store_product_stock_repo.go:214.2,214.17 1 1
github.com/moedahpos/backend/internal/repository/postgres/store_product_stock_repo.go:217.104,226.67 3 1
github.com/moedahpos/backend/internal/repository/postgres/store_product_stock_repo.go:226.67,228.3 1 0
github.com/moedahpos/backend/internal/repository/postgres/store_product_stock_repo.go:229.2,229.18 1 1
github.com/moedahpos/backend/internal/repository/postgres/store_product_stock_repo.go:232.91,237.72 3 1
github.com/moedahpos/backend/internal/repository/postgres/store_product_stock_repo.go:237.72,238.36 1 1
github.com/moedahpos/backend/internal/repository/postgres/store_product_stock_repo.go:238.36,240.4 1 1
github.com/moedahpos/backend/internal/repository/postgres/store_product_stock_repo.go:241.3,241.59 1 0
github.com/moedahpos/backend/internal/repository/postgres/store_product_stock_repo.go:243.2,243.15 1 1
github.com/moedahpos/backend/internal/repository/postgres/store_product_stock_repo.go:246.98,252.96 3 1
github.com/moedahpos/backend/internal/repository/postgres/store_product_stock_repo.go:252.96,253.36 1 1
github.com/moedahpos/backend/internal/repository/postgres/store_product_stock_repo.go:253.36,255.4 1 1
github.com/moedahpos/backend/internal/repository/postgres/store_product_stock_repo.go:256.3,256.57 1 0
github.com/moedahpos/backend/internal/repository/postgres/store_product_stock_repo.go:258.2,258.17 1 1
github.com/moedahpos/backend/internal/repository/postgres/store_product_stock_repo.go:261.73,264.16 3 1
github.com/moedahpos/backend/internal/repository/postgres/store_product_stock_repo.go:264.16,266.3 1 0
github.com/moedahpos/backend/internal/repository/postgres/store_product_stock_repo.go:267.2,267.40 1 1
github.com/moedahpos/backend/internal/repository/postgres/store_product_stock_repo.go:267.40,269.3 1 1
github.com/moedahpos/backend/internal/repository/postgres/store_product_stock_repo.go:270.2,270.12 1 1
github.com/moedahpos/backend/internal/repository/postgres/store_product_stock_repo.go:273.123,280.74 3 1
github.com/moedahpos/backend/internal/repository/postgres/store_product_stock_repo.go:280.74,282.3 1 0
github.com/moedahpos/backend/internal/repository/postgres/store_product_stock_repo.go:283.2,283.18 1 1
github.com/moedahpos/backend/internal/repository/postgres/store_product_stock_repo.go:291.68,293.2 1 1
github.com/moedahpos/backend/internal/repository/postgres/store_product_stock_repo.go:295.95,307.16 4 1
github.com/moedahpos/backend/internal/repository/postgres/store_product_stock_repo.go:307.16,309.3 1 0
github.com/moedahpos/backend/internal/repository/postgres/store_product_stock_repo.go:310.2,310.17 1 1
github.com/moedahpos/backend/internal/repository/postgres/store_product_stock_repo.go:313.109,319.20 5 1
github.com/moedahpos/backend/internal/repository/postgres/store_product_stock_repo.go:319.20,323.3 3 0
github.com/moedahpos/backend/internal/repository/postgres/store_product_stock_repo.go:324.2,324.24 1 1
github.com/moedahpos/backend/internal/repository/postgres/store_product_stock_repo.go:324.24,328.3 3 0
github.com/moedahpos/backend/internal/repository/postgres/store_product_stock_repo.go:329.2,329.23 1 1
github.com/moedahpos/backend/internal/repository/postgres/store_product_stock_repo.go:329.23,333.3 3 0
github.com/moedahpos/backend/internal/repository/postgres/store_product_stock_repo.go:335.2,340.29 3 1
github.com/moedahpos/backend/internal/repository/postgres/store_product_stock_repo.go:340.29,342.3 1 0
github.com/moedahpos/backend/internal/repository/postgres/store_product_stock_repo.go:344.2,347.17 4 1
github.com/moedahpos/backend/internal/repository/postgres/store_product_stock_repo.go:347.17,350.3 2 1
github.com/moedahpos/backend/internal/repository/postgres/store_product_stock_repo.go:352.2,367.75 3 1
github.com/moedahpos/backend/internal/repository/postgres/store_product_stock_repo.go:367.75,369.3 1 0
github.com/moedahpos/backend/internal/repository/postgres/store_product_stock_repo.go:370.2,370.29 1 1
github.com/moedahpos/backend/internal/repository/postgres/store_product_stock_repo.go:373.89,384.72 3 1
github.com/moedahpos/backend/internal/repository/postgres/store_product_stock_repo.go:384.72,385.36 1 1
github.com/moedahpos/backend/internal/repository/postgres/store_product_stock_repo.go:385.36,387.4 1 1
github.com/moedahpos/backend/internal/repository/postgres/store_product_stock_repo.go:388.3,388.58 1 0
github.com/moedahpos/backend/internal/repository/postgres/store_product_stock_repo.go:390.2,390.15 1 1
github.com/moedahpos/backend/internal/repository/postgres/store_product_stock_repo.go:393.108,404.86 3 1
github.com/moedahpos/backend/internal/repository/postgres/store_product_stock_repo.go:404.86,405.36 1 0
github.com/moedahpos/backend/internal/repository/postgres/store_product_stock_repo.go:405.36,407.4 1 0
github.com/moedahpos/backend/internal/repository/postgres/store_product_stock_repo.go:408.3,408.63 1 0
github.com/moedahpos/backend/internal/repository/postgres/store_product_stock_repo.go:410.2,410.15 1 1
github.com/moedahpos/backend/internal/repository/postgres/store_product_stock_repo.go:413.102,416.21 3 1
github.com/moedahpos/backend/internal/repository/postgres/store_product_stock_repo.go:416.21,419.3 2 0
github.com/moedahpos/backend/internal/repository/postgres/store_product_stock_repo.go:420.2,422.77 3 1
github.com/moedahpos/backend/internal/repository/postgres/store_product_stock_repo.go:422.77,424.3 1 0
github.com/moedahpos/backend/internal/repository/postgres/store_product_stock_repo.go:425.2,425.20 1 1
github.com/moedahpos/backend/internal/repository/postgres/store_product_stock_repo.go:428.95,441.16 4 1
github.com/moedahpos/backend/internal/repository/postgres/store_product_stock_repo.go:441.16,442.36 1 1
github.com/moedahpos/backend/internal/repository/postgres/store_product_stock_repo.go:442.36,444.4 1 1
github.com/moedahpos/backend/internal/repository/postgres/store_product_stock_repo.go:445.3,445.56 1 0
github.com/moedahpos/backend/internal/repository/postgres/store_product_stock_repo.go:447.2,447.17 1 1
github.com/moedahpos/backend/internal/repository/postgres/store_product_stock_repo.go:450.72,453.16 3 1
github.com/moedahpos/backend/internal/repository/postgres/store_product_stock_repo.go:453.16,455.3 1 0
github.com/moedahpos/backend/internal/repository/postgres/store_product_stock_repo.go:456.2,456.40 1 1
github.com/moedahpos/backend/internal/repository/postgres/store_product_stock_repo.go:456.40,458.3 1 1
github.com/moedahpos/backend/internal/repository/postgres/store_product_stock_repo.go:459.2,459.12 1 1
github.com/moedahpos/backend/internal/repository/postgres/store_product_stock_repo.go:462.121,471.78 3 1
github.com/moedahpos/backend/internal/repository/postgres/store_product_stock_repo.go:471.78,473.3 1 0
github.com/moedahpos/backend/internal/repository/postgres/store_product_stock_repo.go:474.2,474.22 1 1
github.com/moedahpos/backend/internal/repository/postgres/store_product_stock_repo.go:482.64,484.2 1 1
github.com/moedahpos/backend/internal/repository/postgres/store_product_stock_repo.go:486.125,493.18 2 1
github.com/moedahpos/backend/internal/repository/postgres/store_product_stock_repo.go:493.18,495.3 1 1
github.com/moedahpos/backend/internal/repository/postgres/store_product_stock_repo.go:496.2,499.69 3 1
github.com/moedahpos/backend/internal/repository/postgres/store_product_stock_repo.go:499.69,501.3 1 0
github.com/moedahpos/backend/internal/repository/postgres/store_product_stock_repo.go:502.2,502.20 1 1
github.com/moedahpos/backend/internal/repository/postgres/store_product_stock_repo.go:505.116,513.89 3 1
github.com/moedahpos/backend/internal/repository/postgres/store_product_stock_repo.go:513.89,514.36 1 1
github.com/moedahpos/backend/internal/repository/postgres/store_product_stock_repo.go:514.36,516.4 1 1
github.com/moedahpos/backend/internal/repository/postgres/store_product_stock_repo.go:517.3,517.66 1 0
github.com/moedahpos/backend/internal/repository/postgres/store_product_stock_repo.go:519.2,519.16 1 1
github.com/moedahpos/backend/internal/repository/postgres/store_product_stock_repo.go:522.103,527.77 2 1
github.com/moedahpos/backend/internal/repository/postgres/store_product_stock_repo.go:527.77,529.3 1 0
github.com/moedahpos/backend/internal/repository/postgres/store_product_stock_repo.go:530.2,530.12 1 1
github.com/moedahpos/backend/internal/repository/postgres/store_product_stock_repo.go:534.103,536.16 2 1
github.com/moedahpos/backend/internal/repository/postgres/store_product_stock_repo.go:536.16,538.3 1 0
github.com/moedahpos/backend/internal/repository/postgres/store_product_stock_repo.go:539.2,539.15 1 1
github.com/moedahpos/backend/internal/repository/postgres/store_product_stock_repo.go:539.15,539.36 1 1
github.com/moedahpos/backend/internal/repository/postgres/store_product_stock_repo.go:542.2,548.16 2 1
github.com/moedahpos/backend/internal/repository/postgres/store_product_stock_repo.go:548.16,550.3 1 1
github.com/moedahpos/backend/internal/repository/postgres/store_product_stock_repo.go:553.2,560.114 3 1
github.com/moedahpos/backend/internal/repository/postgres/store_product_stock_repo.go:560.114,562.3 1 0
github.com/moedahpos/backend/internal/repository/postgres/store_product_stock_repo.go:564.2,564.36 1 1
github.com/moedahpos/backend/internal/repository/postgres/store_product_stock_repo.go:564.36,566.3 1 0
github.com/moedahpos/backend/internal/repository/postgres/store_product_stock_repo.go:569.2,572.16 3 1
github.com/moedahpos/backend/internal/repository/postgres/store_product_stock_repo.go:575.121,581.23 5 1
github.com/moedahpos/backend/internal/repository/postgres/store_product_stock_repo.go:581.23,585.3 3 0
github.com/moedahpos/backend/internal/repository/postgres/store_product_stock_repo.go:586.2,586.21 1 1
github.com/moedahpos/backend/internal/repository/postgres/store_product_stock_repo.go:586.21,590.3 3 0
github.com/moedahpos/backend/internal/repository/postgres/store_product_stock_repo.go:592.2,597.29 3 1
github.com/moedahpos/backend/internal/repository/postgres/store_product_stock_repo.go:597.29,599.3 1 0
github.com/moedahpos/backend/internal/repository/postgres/store_product_stock_repo.go:601.2,614.76 4 1
github.com/moedahpos/backend/internal/repository/postgres/store_product_stock_repo.go:614.76,616.3 1 0
github.com/moedahpos/backend/internal/repository/postgres/store_product_stock_repo.go:617.2,617.30 1 1
github.com/moedahpos/backend/internal/repository/postgres/store_product_stock_repo.go:622.125,624.16 2 1
github.com/moedahpos/backend/internal/repository/postgres/store_product_stock_repo.go:624.16,626.3 1 0
github.com/moedahpos/backend/internal/repository/postgres/store_product_stock_repo.go:627.2,627.15 1 1
github.com/moedahpos/backend/internal/repository/postgres/store_product_stock_repo.go:627.15,627.36 1 1
github.com/moedahpos/backend/internal/repository/postgres/store_product_stock_repo.go:629.2,632.96 2 1
github.com/moedahpos/backend/internal/repository/postgres/store_product_stock_repo.go:632.96,634.3 1 0
github.com/moedahpos/backend/internal/repository/postgres/store_product_stock_repo.go:636.2,640.77 2 1
github.com/moedahpos/backend/internal/repository/postgres/store_product_stock_repo.go:640.77,642.3 1 0
github.com/moedahpos/backend/internal/repository/postgres/store_product_stock_repo.go:644.2,644.20 1 1
github.com/moedahpos/backend/internal/repository/postgres/store_product_stock_repo.go:647.122,654.76 3 1
github.com/moedahpos/backend/internal/repository/postgres/store_product_stock_repo.go:654.76,656.3 1 0
github.com/moedahpos/backend/internal/repository/postgres/store_product_stock_repo.go:657.2,657.20 1 1
github.com/moedahpos/backend/internal/repository/postgres/supplier_report_repo.go:23.70,25.2 1 1
github.com/moedahpos/backend/internal/repository/postgres/supplier_report_repo.go:27.98,33.122 3 1
github.com/moedahpos/backend/internal/repository/postgres/supplier_report_repo.go:33.122,35.3 1 0
github.com/moedahpos/backend/internal/repository/postgres/supplier_report_repo.go:36.2,36.17 1 1
github.com/moedahpos/backend/internal/repository/postgres/supplier_report_repo.go:39.112,44.20 4 1
github.com/moedahpos/backend/internal/repository/postgres/supplier_report_repo.go:44.20,48.3 3 1
github.com/moedahpos/backend/internal/repository/postgres/supplier_report_repo.go:49.2,49.23 1 1
github.com/moedahpos/backend/internal/repository/postgres/supplier_report_repo.go:49.23,53.3 3 1
github.com/moedahpos/backend/internal/repository/postgres/supplier_report_repo.go:54.2,59.29 3 1
github.com/moedahpos/backend/internal/repository/postgres/supplier_report_repo.go:59.29,61.3 1 0
github.com/moedahpos/backend/internal/repository/postgres/supplier_report_repo.go:63.2,70.76 4 1
github.com/moedahpos/backend/internal/repository/postgres/supplier_report_repo.go:70.76,72.3 1 0
github.com/moedahpos/backend/internal/repository/postgres/supplier_report_repo.go:73.2,73.30 1 1
github.com/moedahpos/backend/internal/repository/postgres/supplier_report_repo.go:76.91,81.72 3 1
github.com/moedahpos/backend/internal/repository/postgres/supplier_report_repo.go:81.72,82.36 1 1
github.com/moedahpos/backend/internal/repository/postgres/supplier_report_repo.go:82.36,84.4 1 1
github.com/moedahpos/backend/internal/repository/postgres/supplier_report_repo.go:85.3,85.59 1 0
github.com/moedahpos/backend/internal/repository/postgres/supplier_report_repo.go:87.2,87.15 1 1
github.com/moedahpos/backend/internal/repository/postgres/supplier_report_repo.go:90.98,96.140 3 1
github.com/moedahpos/backend/internal/repository/postgres/supplier_report_repo.go:96.140,97.36 1 1
github.com/moedahpos/backend/internal/repository/postgres/supplier_report_repo.go:97.36,99.4 1 1
github.com/moedahpos/backend/internal/repository/postgres/supplier_report_repo.go:100.3,100.57 1 0
github.com/moedahpos/backend/internal/repository/postgres/supplier_report_repo.go:102.2,102.17 1 1
github.com/moedahpos/backend/internal/repository/postgres/supplier_report_repo.go:105.73,108.16 3 1
github.com/moedahpos/backend/internal/repository/postgres/supplier_report_repo.go:108.16,110.3 1 0
github.com/moedahpos/backend/internal/repository/postgres/supplier_report_repo.go:111.2,111.40 1 1
github.com/moedahpos/backend/internal/repository/postgres/supplier_report_repo.go:111.40,113.3 1 1
github.com/moedahpos/backend/internal/repository/postgres/supplier_report_repo.go:114.2,114.12 1 1
github.com/moedahpos/backend/internal/repository/postgres/supplier_report_repo.go:122.66,124.2 1 1
github.com/moedahpos/backend/internal/repository/postgres/supplier_report_repo.go:126.123,194.77 3 1
github.com/moedahpos/backend/internal/repository/postgres/supplier_report_repo.go:194.77,196.3 1 0
github.com/moedahpos/backend/internal/repository/postgres/supplier_report_repo.go:197.2,197.18 1 1
github.com/moedahpos/backend/internal/repository/postgres/supplier_report_repo.go:200.127,221.77 3 1
github.com/moedahpos/backend/internal/repository/postgres/supplier_report_repo.go:221.77,223.3 1 0
github.com/moedahpos/backend/internal/repository/postgres/supplier_report_repo.go:224.2,224.18 1 1
github.com/moedahpos/backend/internal/repository/postgres/supplier_report_repo.go:227.127,241.77 3 1
github.com/moedahpos/backend/internal/repository/postgres/supplier_report_repo.go:241.77,243.3 1 0
github.com/moedahpos/backend/internal/repository/postgres/supplier_report_repo.go:244.2,244.18 1 1
github.com/moedahpos/backend/internal/repository/postgres/supplier_report_repo.go:247.107,262.67 3 1
github.com/moedahpos/backend/internal/repository/postgres/supplier_report_repo.go:262.67,264.3 1 0
github.com/moedahpos/backend/internal/repository/postgres/supplier_report_repo.go:265.2,265.18 1 1
github.com/moedahpos/backend/internal/repository/postgres/supplier_report_repo.go:275.51,281.36 2 1
github.com/moedahpos/backend/internal/repository/postgres/supplier_report_repo.go:281.36,283.3 1 1
github.com/moedahpos/backend/internal/repository/postgres/supplier_report_repo.go:284.2,284.21 1 0
github.com/moedahpos/backend/internal/repository/postgres/supplier_report_repo.go:287.53,293.36 2 1
github.com/moedahpos/backend/internal/repository/postgres/supplier_report_repo.go:293.36,295.3 1 1
github.com/moedahpos/backend/internal/repository/postgres/supplier_report_repo.go:296.2,296.21 1 0
github.com/moedahpos/backend/internal/repository/postgres/supplier_report_repo.go:299.55,305.36 2 1
github.com/moedahpos/backend/internal/repository/postgres/supplier_report_repo.go:305.36,307.3 1 1
github.com/moedahpos/backend/internal/repository/postgres/supplier_report_repo.go:308.2,308.21 1 0
github.com/moedahpos/backend/internal/repository/postgres/supplier_report_repo.go:311.59,317.36 2 1
github.com/moedahpos/backend/internal/repository/postgres/supplier_report_repo.go:317.36,319.3 1 1
github.com/moedahpos/backend/internal/repository/postgres/supplier_report_repo.go:320.2,320.21 1 0
github.com/moedahpos/backend/internal/repository/postgres/supplier_report_repo.go:323.65,330.2 1 1
github.com/moedahpos/backend/internal/repository/postgres/supplier_report_repo.go:332.68,398.2 1 1
github.com/moedahpos/backend/internal/repository/postgres/supplier_report_repo.go:402.140,405.77 3 1
github.com/moedahpos/backend/internal/repository/postgres/supplier_report_repo.go:405.77,407.3 1 0
github.com/moedahpos/backend/internal/repository/postgres/supplier_report_repo.go:408.2,408.18 1 1
github.com/moedahpos/backend/internal/repository/postgres/supplier_report_repo.go:484.113,488.29 3 1
github.com/moedahpos/backend/internal/repository/postgres/supplier_report_repo.go:488.29,491.10 3 1
github.com/moedahpos/backend/internal/repository/postgres/supplier_report_repo.go:491.10,494.4 2 1
github.com/moedahpos/backend/internal/repository/postgres/supplier_report_repo.go:495.3,497.52 3 1
github.com/moedahpos/backend/internal/repository/postgres/supplier_report_repo.go:499.2,499.33 1 1
github.com/moedahpos/backend/internal/repository/postgres/supplier_report_repo.go:499.33,502.10 3 1
github.com/moedahpos/backend/internal/repository/postgres/supplier_report_repo.go:502.10,505.4 2 0
github.com/moedahpos/backend/internal/repository/postgres/supplier_report_repo.go:506.3,507.27 2 1
github.com/moedahpos/backend/internal/repository/postgres/supplier_report_repo.go:509.2,509.30 1 1
github.com/moedahpos/backend/internal/repository/postgres/supplier_report_repo.go:509.30,512.10 3 1
github.com/moedahpos/backend/internal/repository/postgres/supplier_report_repo.go:512.10,515.4 2 0
github.com/moedahpos/backend/internal/repository/postgres/supplier_report_repo.go:516.3,516.27 1 1
github.com/moedahpos/backend/internal/repository/postgres/supplier_report_repo.go:519.2,520.26 2 1
github.com/moedahpos/backend/internal/repository/postgres/supplier_report_repo.go:520.26,522.3 1 1
github.com/moedahpos/backend/internal/repository/postgres/supplier_report_repo.go:524.2,524.23 1 1
github.com/moedahpos/backend/internal/repository/postgres/supplier_report_repo.go:524.23,525.39 1 1
github.com/moedahpos/backend/internal/repository/postgres/supplier_report_repo.go:525.39,526.27 1 0
github.com/moedahpos/backend/internal/repository/postgres/supplier_report_repo.go:526.27,528.5 1 0
github.com/moedahpos/backend/internal/repository/postgres/supplier_report_repo.go:532.2,533.26 2 1
github.com/moedahpos/backend/internal/repository/postgres/supplier_report_repo.go:533.26,544.3 2 1
github.com/moedahpos/backend/internal/repository/postgres/supplier_report_repo.go:545.2,545.15 1 1
github.com/moedahpos/backend/internal/repository/postgres/supplier_report_repo.go:560.125,562.85 2 1
github.com/moedahpos/backend/internal/repository/postgres/supplier_report_repo.go:562.85,564.3 1 0
github.com/moedahpos/backend/internal/repository/postgres/supplier_report_repo.go:565.2,566.87 2 1
github.com/moedahpos/backend/internal/repository/postgres/supplier_report_repo.go:566.87,568.3 1 0
github.com/moedahpos/backend/internal/repository/postgres/supplier_report_repo.go:569.2,570.91 2 1
github.com/moedahpos/backend/internal/repository/postgres/supplier_report_repo.go:570.91,572.3 1 0
github.com/moedahpos/backend/internal/repository/postgres/supplier_report_repo.go:573.2,573.60 1 1
github.com/moedahpos/backend/internal/repository/postgres/supplier_report_repo.go:576.129,650.77 3 1
github.com/moedahpos/backend/internal/repository/postgres/supplier_report_repo.go:650.77,652.3 1 0
github.com/moedahpos/backend/internal/repository/postgres/supplier_report_repo.go:653.2,653.18 1 1
github.com/moedahpos/backend/internal/repository/postgres/termin_repo.go:19.66,21.2 1 1
github.com/moedahpos/backend/internal/repository/postgres/termin_repo.go:26.104,28.16 2 1
github.com/moedahpos/backend/internal/repository/postgres/termin_repo.go:28.16,30.3 1 0
github.com/moedahpos/backend/internal/repository/postgres/termin_repo.go:31.2,31.15 1 1
github.com/moedahpos/backend/internal/repository/postgres/termin_repo.go:31.15,31.36 1 1
github.com/moedahpos/backend/internal/repository/postgres/termin_repo.go:34.2,36.16 1 1
github.com/moedahpos/backend/internal/repository/postgres/termin_repo.go:36.16,38.3 1 0
github.com/moedahpos/backend/internal/repository/postgres/termin_repo.go:40.2,45.28 2 1
github.com/moedahpos/backend/internal/repository/postgres/termin_repo.go:45.28,48.17 1 1
github.com/moedahpos/backend/internal/repository/postgres/termin_repo.go:48.17,50.4 1 0
github.com/moedahpos/backend/internal/repository/postgres/termin_repo.go:53.2,53.20 1 1
github.com/moedahpos/backend/internal/repository/postgres/termin_repo.go:57.93,69.67 3 1
github.com/moedahpos/backend/internal/repository/postgres/termin_repo.go:69.67,71.3 1 0
github.com/moedahpos/backend/internal/repository/postgres/termin_repo.go:72.2,72.21 1 1
github.com/moedahpos/backend/internal/repository/postgres/termin_repo.go:76.95,87.62 3 1
github.com/moedahpos/backend/internal/repository/postgres/termin_repo.go:87.62,89.3 1 1
github.com/moedahpos/backend/internal/repository/postgres/termin_repo.go:90.2,90.16 1 1
github.com/moedahpos/backend/internal/repository/postgres/termin_repo.go:100.79,117.62 2 1
github.com/moedahpos/backend/internal/repository/postgres/termin_repo.go:117.62,119.3 1 0
github.com/moedahpos/backend/internal/repository/postgres/termin_repo.go:120.2,120.12 1 1
github.com/moedahpos/backend/internal/repository/postgres/termin_repo.go:124.120,143.71 3 1
github.com/moedahpos/backend/internal/repository/postgres/termin_repo.go:143.71,145.3 1 0
github.com/moedahpos/backend/internal/repository/postgres/termin_repo.go:148.2,148.9 1 1
github.com/moedahpos/backend/internal/repository/postgres/termin_repo.go:149.60,150.21 1 1
github.com/moedahpos/backend/internal/repository/postgres/termin_repo.go:151.24,152.24 1 1
github.com/moedahpos/backend/internal/repository/postgres/termin_repo.go:153.10,154.23 1 1
github.com/moedahpos/backend/internal/repository/postgres/termin_repo.go:157.2,157.16 1 1
github.com/moedahpos/backend/internal/repository/postgres/transaction_repo.go:28.76,30.2 1 1
github.com/moedahpos/backend/internal/repository/postgres/transaction_repo.go:34.121,36.16 2 1
github.com/moedahpos/backend/internal/repository/postgres/transaction_repo.go:36.16,38.3 1 0
github.com/moedahpos/backend/internal/repository/postgres/transaction_repo.go:39.2,39.15 1 1
github.com/moedahpos/backend/internal/repository/postgres/transaction_repo.go:39.15,39.36 1 1
github.com/moedahpos/backend/internal/repository/postgres/transaction_repo.go:41.2,42.18 2 1
github.com/moedahpos/backend/internal/repository/postgres/transaction_repo.go:42.18,44.3 1 0
github.com/moedahpos/backend/internal/repository/postgres/transaction_repo.go:47.2,65.14 3 1
github.com/moedahpos/backend/internal/repository/postgres/transaction_repo.go:65.14,67.3 1 1
github.com/moedahpos/backend/internal/repository/postgres/transaction_repo.go:69.2,78.16 3 1
github.com/moedahpos/backend/internal/repository/postgres/transaction_repo.go:78.16,80.3 1 0
github.com/moedahpos/backend/internal/repository/postgres/transaction_repo.go:83.2,103.35 4 1
github.com/moedahpos/backend/internal/repository/postgres/transaction_repo.go:103.35,111.32 2 1
github.com/moedahpos/backend/internal/repository/postgres/transaction_repo.go:111.32,113.4 1 0
github.com/moedahpos/backend/internal/repository/postgres/transaction_repo.go:114.3,117.57 2 1
github.com/moedahpos/backend/internal/repository/postgres/transaction_repo.go:117.57,120.18 1 1
github.com/moedahpos/backend/internal/repository/postgres/transaction_repo.go:120.18,122.5 1 0
github.com/moedahpos/backend/internal/repository/postgres/transaction_repo.go:123.4,123.102 1 1
github.com/moedahpos/backend/internal/repository/postgres/transaction_repo.go:123.102,125.5 1 0
github.com/moedahpos/backend/internal/repository/postgres/transaction_repo.go:129.2,129.36 1 1
github.com/moedahpos/backend/internal/repository/postgres/transaction_repo.go:129.36,131.3 1 0
github.com/moedahpos/backend/internal/repository/postgres/transaction_repo.go:134.2,136.17 2 1
github.com/moedahpos/backend/internal/repository/postgres/transaction_repo.go:140.118,157.88 3 1
github.com/moedahpos/backend/internal/repository/postgres/transaction_repo.go:157.88,158.36 1 1
github.com/moedahpos/backend/internal/repository/postgres/transaction_repo.go:158.36,160.4 1 1
github.com/moedahpos/backend/internal/repository/postgres/transaction_repo.go:161.3,161.69 1 0
github.com/moedahpos/backend/internal/repository/postgres/transaction_repo.go:164.2,170.75 2 1
github.com/moedahpos/backend/internal/repository/postgres/transaction_repo.go:170.75,172.3 1 0
github.com/moedahpos/backend/internal/repository/postgres/transaction_repo.go:173.2,173.17 1 1
github.com/moedahpos/backend/internal/repository/postgres/transaction_repo.go:180.105,183.16 2 1
github.com/moedahpos/backend/internal/repository/postgres/transaction_repo.go:183.16,185.3 1 0
github.com/moedahpos/backend/internal/repository/postgres/transaction_repo.go:186.2,186.15 1 1
github.com/moedahpos/backend/internal/repository/postgres/transaction_repo.go:186.15,186.36 1 1
github.com/moedahpos/backend/internal/repository/postgres/transaction_repo.go:189.2,194.119 2 1
github.com/moedahpos/backend/internal/repository/postgres/transaction_repo.go:194.119,196.3 1 0
github.com/moedahpos/backend/internal/repository/postgres/transaction_repo.go:199.2,200.211 2 1
github.com/moedahpos/backend/internal/repository/postgres/transaction_repo.go:200.211,202.3 1 0
github.com/moedahpos/backend/internal/repository/postgres/transaction_repo.go:204.2,209.52 2 1
github.com/moedahpos/backend/internal/repository/postgres/transaction_repo.go:209.52,210.20 1 1
github.com/moedahpos/backend/internal/repository/postgres/transaction_repo.go:210.20,212.4 1 0
github.com/moedahpos/backend/internal/repository/postgres/transaction_repo.go:213.3,213.23 1 1
github.com/moedahpos/backend/internal/repository/postgres/transaction_repo.go:213.23,215.4 1 1
github.com/moedahpos/backend/internal/repository/postgres/transaction_repo.go:216.3,216.19 1 0
github.com/moedahpos/backend/internal/repository/postgres/transaction_repo.go:220.2,221.27 2 1
github.com/moedahpos/backend/internal/repository/postgres/transaction_repo.go:221.27,223.41 2 1
github.com/moedahpos/backend/internal/repository/postgres/transaction_repo.go:223.41,226.4 2 0
github.com/moedahpos/backend/internal/repository/postgres/transaction_repo.go:226.9,228.4 1 1
github.com/moedahpos/backend/internal/repository/postgres/transaction_repo.go:232.2,233.35 2 1
github.com/moedahpos/backend/internal/repository/postgres/transaction_repo.go:233.35,236.3 2 1
github.com/moedahpos/backend/internal/repository/postgres/transaction_repo.go:239.2,239.37 1 1
github.com/moedahpos/backend/internal/repository/postgres/transaction_repo.go:239.37,242.29 3 1
github.com/moedahpos/backend/internal/repository/postgres/transaction_repo.go:242.29,244.4 1 1
github.com/moedahpos/backend/internal/repository/postgres/transaction_repo.go:246.3,247.15 2 1
github.com/moedahpos/backend/internal/repository/postgres/transaction_repo.go:247.15,265.18 5 1
github.com/moedahpos/backend/internal/repository/postgres/transaction_repo.go:265.18,267.5 1 0
github.com/moedahpos/backend/internal/repository/postgres/transaction_repo.go:268.9,268.22 1 1
github.com/moedahpos/backend/internal/repository/postgres/transaction_repo.go:268.22,271.36 2 1
github.com/moedahpos/backend/internal/repository/postgres/transaction_repo.go:271.36,272.31 1 1
github.com/moedahpos/backend/internal/repository/postgres/transaction_repo.go:272.31,273.24 1 1
github.com/moedahpos/backend/internal/repository/postgres/transaction_repo.go:273.24,274.12 1 1
github.com/moedahpos/backend/internal/repository/postgres/transaction_repo.go:276.6,277.63 2 1
github.com/moedahpos/backend/internal/repository/postgres/transaction_repo.go:277.63,278.15 1 0
github.com/moedahpos/backend/internal/repository/postgres/transaction_repo.go:281.6,281.33 1 1
github.com/moedahpos/backend/internal/repository/postgres/transaction_repo.go:281.33,282.105 1 0
github.com/moedahpos/backend/internal/repository/postgres/transaction_repo.go:282.105,284.8 1 0
github.com/moedahpos/backend/internal/repository/postgres/transaction_repo.go:285.7,285.30 1 0
github.com/moedahpos/backend/internal/repository/postgres/transaction_repo.go:286.12,290.154 4 1
github.com/moedahpos/backend/internal/repository/postgres/transaction_repo.go:290.154,292.8 1 0
github.com/moedahpos/backend/internal/repository/postgres/transaction_repo.go:293.7,293.20 1 1
github.com/moedahpos/backend/internal/repository/postgres/transaction_repo.go:301.2,301.41 1 1
github.com/moedahpos/backend/internal/repository/postgres/transaction_repo.go:301.41,302.35 1 1
github.com/moedahpos/backend/internal/repository/postgres/transaction_repo.go:302.35,303.30 1 1
github.com/moedahpos/backend/internal/repository/postgres/transaction_repo.go:303.30,304.103 1 1
github.com/moedahpos/backend/internal/repository/postgres/transaction_repo.go:304.103,306.6 1 0
github.com/moedahpos/backend/internal/repository/postgres/transaction_repo.go:311.2,311.36 1 1
github.com/moedahpos/backend/internal/repository/postgres/transaction_repo.go:311.36,313.3 1 0
github.com/moedahpos/backend/internal/repository/postgres/transaction_repo.go:315.2,315.31 1 1
github.com/moedahpos/backend/internal/repository/postgres/transaction_repo.go:319.141,327.87 4 1
github.com/moedahpos/backend/internal/repository/postgres/transaction_repo.go:327.87,329.3 1 0
github.com/moedahpos/backend/internal/repository/postgres/transaction_repo.go:331.2,332.16 2 1
github.com/moedahpos/backend/internal/repository/postgres/transaction_repo.go:332.16,334.3 1 0
github.com/moedahpos/backend/internal/repository/postgres/transaction_repo.go:335.2,335.15 1 1
github.com/moedahpos/backend/internal/repository/postgres/transaction_repo.go:335.15,335.36 1 1
github.com/moedahpos/backend/internal/repository/postgres/transaction_repo.go:338.2,352.16 3 1
github.com/moedahpos/backend/internal/repository/postgres/transaction_repo.go:352.16,354.3 1 0
github.com/moedahpos/backend/internal/repository/postgres/transaction_repo.go:355.2,355.40 1 1
github.com/moedahpos/backend/internal/repository/postgres/transaction_repo.go:355.40,357.3 1 1
github.com/moedahpos/backend/internal/repository/postgres/transaction_repo.go:360.2,369.32 3 1
github.com/moedahpos/backend/internal/repository/postgres/transaction_repo.go:369.32,370.28 1 1
github.com/moedahpos/backend/internal/repository/postgres/transaction_repo.go:370.28,371.12 1 0
github.com/moedahpos/backend/internal/repository/postgres/transaction_repo.go:373.3,373.127 1 1
github.com/moedahpos/backend/internal/repository/postgres/transaction_repo.go:373.127,375.4 1 0
github.com/moedahpos/backend/internal/repository/postgres/transaction_repo.go:376.3,376.95 1 1
github.com/moedahpos/backend/internal/repository/postgres/transaction_repo.go:376.95,378.4 1 0
github.com/moedahpos/backend/internal/repository/postgres/transaction_repo.go:381.2,381.36 1 1
github.com/moedahpos/backend/internal/repository/postgres/transaction_repo.go:381.36,383.3 1 0
github.com/moedahpos/backend/internal/repository/postgres/transaction_repo.go:385.2,385.45 1 1
github.com/moedahpos/backend/internal/repository/postgres/transaction_repo.go:389.121,394.20 4 1
github.com/moedahpos/backend/internal/repository/postgres/transaction_repo.go:394.20,398.3 3 1
github.com/moedahpos/backend/internal/repository/postgres/transaction_repo.go:399.2,399.23 1 1
github.com/moedahpos/backend/internal/repository/postgres/transaction_repo.go:399.23,403.3 3 0
github.com/moedahpos/backend/internal/repository/postgres/transaction_repo.go:404.2,404.21 1 1
github.com/moedahpos/backend/internal/repository/postgres/transaction_repo.go:404.21,408.3 3 0
github.com/moedahpos/backend/internal/repository/postgres/transaction_repo.go:409.2,409.22 1 1
github.com/moedahpos/backend/internal/repository/postgres/transaction_repo.go:409.22,413.3 3 0
github.com/moedahpos/backend/internal/repository/postgres/transaction_repo.go:414.2,414.20 1 1
github.com/moedahpos/backend/internal/repository/postgres/transaction_repo.go:414.20,418.3 3 0
github.com/moedahpos/backend/internal/repository/postgres/transaction_repo.go:420.2,425.29 3 1
github.com/moedahpos/backend/internal/repository/postgres/transaction_repo.go:425.29,427.3 1 0
github.com/moedahpos/backend/internal/repository/postgres/transaction_repo.go:429.2,446.71 4 1
github.com/moedahpos/backend/internal/repository/postgres/transaction_repo.go:446.71,448.3 1 0
github.com/moedahpos/backend/internal/repository/postgres/transaction_repo.go:449.2,449.25 1 1
github.com/moedahpos/backend/internal/repository/postgres/transaction_repo.go:453.97,468.77 3 1
github.com/moedahpos/backend/internal/repository/postgres/transaction_repo.go:468.77,469.36 1 1
github.com/moedahpos/backend/internal/repository/postgres/transaction_repo.go:469.36,471.4 1 1
github.com/moedahpos/backend/internal/repository/postgres/transaction_repo.go:472.3,472.62 1 0
github.com/moedahpos/backend/internal/repository/postgres/transaction_repo.go:475.2,481.71 2 1
github.com/moedahpos/backend/internal/repository/postgres/transaction_repo.go:481.71,483.3 1 0
github.com/moedahpos/backend/internal/repository/postgres/transaction_repo.go:484.2,484.17 1 1
github.com/moedahpos/backend/internal/repository/postgres/transaction_repo.go:488.81,496.70 4 1
github.com/moedahpos/backend/internal/repository/postgres/transaction_repo.go:496.70,498.3 1 1
github.com/moedahpos/backend/internal/repository/postgres/transaction_repo.go:500.2,501.124 2 1
github.com/moedahpos/backend/internal/repository/postgres/transaction_repo.go:501.124,503.3 1 0
github.com/moedahpos/backend/internal/repository/postgres/transaction_repo.go:505.2,506.16 2 1
github.com/moedahpos/backend/internal/repository/postgres/transaction_repo.go:506.16,508.3 1 0
github.com/moedahpos/backend/internal/repository/postgres/transaction_repo.go:509.2,509.15 1 1
github.com/moedahpos/backend/internal/repository/postgres/transaction_repo.go:509.15,509.36 1 1
github.com/moedahpos/backend/internal/repository/postgres/transaction_repo.go:511.2,513.16 1 1
github.com/moedahpos/backend/internal/repository/postgres/transaction_repo.go:513.16,515.3 1 0
github.com/moedahpos/backend/internal/repository/postgres/transaction_repo.go:517.2,526.29 3 1
github.com/moedahpos/backend/internal/repository/postgres/transaction_repo.go:526.29,527.28 1 1
github.com/moedahpos/backend/internal/repository/postgres/transaction_repo.go:527.28,528.12 1 0
github.com/moedahpos/backend/internal/repository/postgres/transaction_repo.go:530.3,530.109 1 1
github.com/moedahpos/backend/internal/repository/postgres/transaction_repo.go:530.109,532.4 1 0
github.com/moedahpos/backend/internal/repository/postgres/transaction_repo.go:533.3,533.94 1 1
github.com/moedahpos/backend/internal/repository/postgres/transaction_repo.go:533.94,535.4 1 0
github.com/moedahpos/backend/internal/repository/postgres/transaction_repo.go:538.2,538.20 1 1
github.com/moedahpos/backend/internal/repository/postgres/transaction_repo.go:542.109,563.67 3 1
github.com/moedahpos/backend/internal/repository/postgres/transaction_repo.go:563.67,565.3 1 0
github.com/moedahpos/backend/internal/repository/postgres/transaction_repo.go:567.2,567.20 1 1
github.com/moedahpos/backend/internal/repository/postgres/transaction_repo.go:567.20,569.3 1 0
github.com/moedahpos/backend/internal/repository/postgres/transaction_repo.go:571.2,572.25 2 1
github.com/moedahpos/backend/internal/repository/postgres/transaction_repo.go:572.25,574.3 1 1
github.com/moedahpos/backend/internal/repository/postgres/transaction_repo.go:576.2,582.16 2 1
github.com/moedahpos/backend/internal/repository/postgres/transaction_repo.go:582.16,584.3 1 0
github.com/moedahpos/backend/internal/repository/postgres/transaction_repo.go:585.2,588.76 3 1
github.com/moedahpos/backend/internal/repository/postgres/transaction_repo.go:588.76,590.3 1 0
github.com/moedahpos/backend/internal/repository/postgres/transaction_repo.go:592.2,593.30 2 1
github.com/moedahpos/backend/internal/repository/postgres/transaction_repo.go:593.30,595.3 1 1
github.com/moedahpos/backend/internal/repository/postgres/transaction_repo.go:597.2,597.25 1 1
github.com/moedahpos/backend/internal/repository/postgres/transaction_repo.go:597.25,599.3 1 1
github.com/moedahpos/backend/internal/repository/postgres/transaction_repo.go:601.2,601.18 1 1
github.com/moedahpos/backend/internal/repository/postgres/transaction_repo.go:605.97,606.31 1 1
github.com/moedahpos/backend/internal/repository/postgres/transaction_repo.go:606.31,609.3 2 1
github.com/moedahpos/backend/internal/repository/postgres/transaction_repo.go:610.2,611.12 2 1
github.com/moedahpos/backend/internal/repository/postgres/transaction_repo.go:614.129,628.74 3 0
github.com/moedahpos/backend/internal/repository/postgres/transaction_repo.go:628.74,630.3 1 0
github.com/moedahpos/backend/internal/repository/postgres/transaction_repo.go:632.2,632.20 1 0
github.com/moedahpos/backend/internal/repository/postgres/transaction_repo.go:632.20,634.3 1 0
github.com/moedahpos/backend/internal/repository/postgres/transaction_repo.go:636.2,637.25 2 0
github.com/moedahpos/backend/internal/repository/postgres/transaction_repo.go:637.25,639.3 1 0
github.com/moedahpos/backend/internal/repository/postgres/transaction_repo.go:641.2,647.16 2 0
github.com/moedahpos/backend/internal/repository/postgres/transaction_repo.go:647.16,649.3 1 0
github.com/moedahpos/backend/internal/repository/postgres/transaction_repo.go:650.2,653.76 3 0
github.com/moedahpos/backend/internal/repository/postgres/transaction_repo.go:653.76,655.3 1 0
github.com/moedahpos/backend/internal/repository/postgres/transaction_repo.go:657.2,658.30 2 0
github.com/moedahpos/backend/internal/repository/postgres/transaction_repo.go:658.30,660.3 1 0
github.com/moedahpos/backend/internal/repository/postgres/transaction_repo.go:662.2,662.25 1 0
github.com/moedahpos/backend/internal/repository/postgres/transaction_repo.go:662.25,664.3 1 0
github.com/moedahpos/backend/internal/repository/postgres/transaction_repo.go:666.2,666.18 1 0
github.com/moedahpos/backend/internal/repository/postgres/user_repo.go:22.62,24.2 1 1
github.com/moedahpos/backend/internal/repository/postgres/user_repo.go:27.86,34.103 3 1
github.com/moedahpos/backend/internal/repository/postgres/user_repo.go:34.103,36.3 1 0
github.com/moedahpos/backend/internal/repository/postgres/user_repo.go:37.2,37.17 1 1
github.com/moedahpos/backend/internal/repository/postgres/user_repo.go:41.83,48.75 3 1
github.com/moedahpos/backend/internal/repository/postgres/user_repo.go:48.75,49.36 1 1
github.com/moedahpos/backend/internal/repository/postgres/user_repo.go:49.36,51.4 1 1
github.com/moedahpos/backend/internal/repository/postgres/user_repo.go:52.3,52.55 1 0
github.com/moedahpos/backend/internal/repository/postgres/user_repo.go:54.2,54.18 1 1
github.com/moedahpos/backend/internal/repository/postgres/user_repo.go:58.89,65.78 3 1
github.com/moedahpos/backend/internal/repository/postgres/user_repo.go:65.78,66.36 1 1
github.com/moedahpos/backend/internal/repository/postgres/user_repo.go:66.36,68.4 1 1
github.com/moedahpos/backend/internal/repository/postgres/user_repo.go:69.3,69.58 1 0
github.com/moedahpos/backend/internal/repository/postgres/user_repo.go:71.2,71.18 1 1
github.com/moedahpos/backend/internal/repository/postgres/user_repo.go:75.83,78.75 3 1
github.com/moedahpos/backend/internal/repository/postgres/user_repo.go:78.75,80.3 1 0
github.com/moedahpos/backend/internal/repository/postgres/user_repo.go:81.2,81.20 1 1
github.com/moedahpos/backend/internal/repository/postgres/user_repo.go:85.103,105.68 3 1
github.com/moedahpos/backend/internal/repository/postgres/user_repo.go:105.68,107.3 1 0
github.com/moedahpos/backend/internal/repository/postgres/user_repo.go:108.2,108.20 1 1
github.com/moedahpos/backend/internal/repository/postgres/user_repo.go:114.134,120.22 5 1
github.com/moedahpos/backend/internal/repository/postgres/user_repo.go:120.22,122.3 1 1
github.com/moedahpos/backend/internal/repository/postgres/user_repo.go:123.2,123.18 1 1
github.com/moedahpos/backend/internal/repository/postgres/user_repo.go:123.18,128.3 4 0
github.com/moedahpos/backend/internal/repository/postgres/user_repo.go:131.2,133.77 3 1
github.com/moedahpos/backend/internal/repository/postgres/user_repo.go:133.77,135.3 1 0
github.com/moedahpos/backend/internal/repository/postgres/user_repo.go:138.2,146.68 4 1
github.com/moedahpos/backend/internal/repository/postgres/user_repo.go:146.68,148.3 1 0
github.com/moedahpos/backend/internal/repository/postgres/user_repo.go:149.2,149.26 1 1
github.com/moedahpos/backend/internal/repository/postgres/user_repo.go:153.94,159.85 3 1
github.com/moedahpos/backend/internal/repository/postgres/user_repo.go:159.85,160.36 1 1
github.com/moedahpos/backend/internal/repository/postgres/user_repo.go:160.36,162.4 1 1
github.com/moedahpos/backend/internal/repository/postgres/user_repo.go:163.3,163.53 1 0
github.com/moedahpos/backend/internal/repository/postgres/user_repo.go:165.2,165.15 1 1
github.com/moedahpos/backend/internal/repository/postgres/user_repo.go:169.69,172.16 2 1
github.com/moedahpos/backend/internal/repository/postgres/user_repo.go:172.16,174.3 1 0
github.com/moedahpos/backend/internal/repository/postgres/user_repo.go:175.2,175.40 1 1
github.com/moedahpos/backend/internal/repository/postgres/user_repo.go:175.40,177.3 1 1
github.com/moedahpos/backend/internal/repository/postgres/user_repo.go:178.2,178.12 1 1
github.com/moedahpos/backend/internal/repository/postgres/user_repo.go:182.69,185.16 2 1
github.com/moedahpos/backend/internal/repository/postgres/user_repo.go:185.16,187.3 1 0
github.com/moedahpos/backend/internal/repository/postgres/user_repo.go:188.2,188.40 1 1
github.com/moedahpos/backend/internal/repository/postgres/user_repo.go:188.40,190.3 1 1
github.com/moedahpos/backend/internal/repository/postgres/user_repo.go:191.2,191.12 1 1
github.com/moedahpos/backend/internal/repository/postgres/user_repo.go:195.78,198.16 2 1
github.com/moedahpos/backend/internal/repository/postgres/user_repo.go:198.16,200.3 1 0
github.com/moedahpos/backend/internal/repository/postgres/user_repo.go:201.2,201.40 1 1
github.com/moedahpos/backend/internal/repository/postgres/user_repo.go:201.40,203.3 1 1
github.com/moedahpos/backend/internal/repository/postgres/user_repo.go:204.2,204.12 1 1
github.com/moedahpos/backend/internal/repository/postgres/user_repo.go:209.110,211.16 2 1
github.com/moedahpos/backend/internal/repository/postgres/user_repo.go:211.16,213.3 1 0
github.com/moedahpos/backend/internal/repository/postgres/user_repo.go:214.2,214.15 1 1
github.com/moedahpos/backend/internal/repository/postgres/user_repo.go:214.15,214.36 1 1
github.com/moedahpos/backend/internal/repository/postgres/user_repo.go:217.2,217.113 1 1
github.com/moedahpos/backend/internal/repository/postgres/user_repo.go:217.113,219.3 1 0
github.com/moedahpos/backend/internal/repository/postgres/user_repo.go:222.2,222.32 1 1
github.com/moedahpos/backend/internal/repository/postgres/user_repo.go:222.32,229.17 2 1
github.com/moedahpos/backend/internal/repository/postgres/user_repo.go:229.17,231.4 1 0
github.com/moedahpos/backend/internal/repository/postgres/user_repo.go:233.2,233.20 1 1
github.com/moedahpos/backend/internal/repository/postgres/user_repo.go:244.78,246.2 1 1
github.com/moedahpos/backend/internal/repository/postgres/user_repo.go:249.86,253.88 2 1
github.com/moedahpos/backend/internal/repository/postgres/user_repo.go:253.88,255.3 1 0
github.com/moedahpos/backend/internal/repository/postgres/user_repo.go:256.2,256.12 1 1
github.com/moedahpos/backend/internal/repository/postgres/user_repo.go:260.108,267.79 3 1
github.com/moedahpos/backend/internal/repository/postgres/user_repo.go:267.79,268.36 1 1
github.com/moedahpos/backend/internal/repository/postgres/user_repo.go:268.36,270.4 1 1
github.com/moedahpos/backend/internal/repository/postgres/user_repo.go:271.3,271.65 1 0
github.com/moedahpos/backend/internal/repository/postgres/user_repo.go:273.2,273.15 1 1
github.com/moedahpos/backend/internal/repository/postgres/user_repo.go:277.77,279.56 2 1
github.com/moedahpos/backend/internal/repository/postgres/user_repo.go:279.56,281.3 1 0
github.com/moedahpos/backend/internal/repository/postgres/user_repo.go:282.2,282.12 1 1
github.com/moedahpos/backend/internal/repository/postgres/user_repo.go:286.88,288.60 2 1
github.com/moedahpos/backend/internal/repository/postgres/user_repo.go:288.60,290.3 1 0
github.com/moedahpos/backend/internal/repository/postgres/user_repo.go:291.2,291.12 1 1
github.com/moedahpos/backend/internal/repository/postgres/user_repo.go:295.87,297.60 2 1
github.com/moedahpos/backend/internal/repository/postgres/user_repo.go:297.60,299.3 1 0
github.com/moedahpos/backend/internal/repository/postgres/user_repo.go:300.2,300.12 1 1
github.com/moedahpos/backend/internal/handler/activity_log_handler.go:20.117,22.2 1 1
github.com/moedahpos/backend/internal/handler/activity_log_handler.go:24.75,39.16 12 1
github.com/moedahpos/backend/internal/handler/activity_log_handler.go:39.16,43.3 3 0
github.com/moedahpos/backend/internal/handler/activity_log_handler.go:45.2,48.4 1 1
github.com/moedahpos/backend/internal/handler/auth_handler.go:25.116,27.2 1 1
github.com/moedahpos/backend/internal/handler/auth_handler.go:30.72,32.61 2 1
github.com/moedahpos/backend/internal/handler/auth_handler.go:32.61,35.3 2 1
github.com/moedahpos/backend/internal/handler/auth_handler.go:37.2,37.58 1 1
github.com/moedahpos/backend/internal/handler/auth_handler.go:37.58,40.3 2 1
github.com/moedahpos/backend/internal/handler/auth_handler.go:42.2,43.16 2 1
github.com/moedahpos/backend/internal/handler/auth_handler.go:43.16,44.44 1 0
github.com/moedahpos/backend/internal/handler/auth_handler.go:44.44,49.4 2 0
github.com/moedahpos/backend/internal/handler/auth_handler.go:50.3,52.9 3 0
github.com/moedahpos/backend/internal/handler/auth_handler.go:55.2,55.29 1 1
github.com/moedahpos/backend/internal/handler/auth_handler.go:59.69,61.61 2 1
github.com/moedahpos/backend/internal/handler/auth_handler.go:61.61,64.3 2 0
github.com/moedahpos/backend/internal/handler/auth_handler.go:66.2,66.58 1 1
github.com/moedahpos/backend/internal/handler/auth_handler.go:66.58,69.3 2 1
github.com/moedahpos/backend/internal/handler/auth_handler.go:71.2,72.16 2 1
github.com/moedahpos/backend/internal/handler/auth_handler.go:72.16,73.95 1 1
github.com/moedahpos/backend/internal/handler/auth_handler.go:73.95,76.4 2 1
github.com/moedahpos/backend/internal/handler/auth_handler.go:77.3,79.9 3 0
github.com/moedahpos/backend/internal/handler/auth_handler.go:82.2,82.29 1 1
github.com/moedahpos/backend/internal/handler/auth_handler.go:86.71,88.61 2 1
github.com/moedahpos/backend/internal/handler/auth_handler.go:88.61,91.3 2 0
github.com/moedahpos/backend/internal/handler/auth_handler.go:93.2,93.58 1 1
github.com/moedahpos/backend/internal/handler/auth_handler.go:93.58,96.3 2 1
github.com/moedahpos/backend/internal/handler/auth_handler.go:98.2,99.16 2 1
github.com/moedahpos/backend/internal/handler/auth_handler.go:99.16,100.46 1 0
github.com/moedahpos/backend/internal/handler/auth_handler.go:100.46,103.4 2 0
github.com/moedahpos/backend/internal/handler/auth_handler.go:104.3,106.9 3 0
github.com/moedahpos/backend/internal/handler/auth_handler.go:109.2,109.29 1 1
github.com/moedahpos/backend/internal/handler/auth_handler.go:113.70,115.18 2 1
github.com/moedahpos/backend/internal/handler/auth_handler.go:115.18,118.3 2 0
github.com/moedahpos/backend/internal/handler/auth_handler.go:120.2,120.62 1 1
github.com/moedahpos/backend/internal/handler/auth_handler.go:120.62,124.3 3 0
github.com/moedahpos/backend/internal/handler/auth_handler.go:126.2,129.4 1 1
github.com/moedahpos/backend/internal/handler/auth_handler.go:133.66,135.18 2 1
github.com/moedahpos/backend/internal/handler/auth_handler.go:135.18,138.3 2 0
github.com/moedahpos/backend/internal/handler/auth_handler.go:140.2,141.16 2 1
github.com/moedahpos/backend/internal/handler/auth_handler.go:141.16,142.46 1 0
github.com/moedahpos/backend/internal/handler/auth_handler.go:142.46,145.4 2 0
github.com/moedahpos/backend/internal/handler/auth_handler.go:146.3,148.9 3 0
github.com/moedahpos/backend/internal/handler/auth_handler.go:151.2,151.29 1 1
github.com/moedahpos/backend/internal/handler/batch_stock_handler.go:22.111,24.2 1 1
github.com/moedahpos/backend/internal/handler/batch_stock_handler.go:29.81,36.16 4 1
github.com/moedahpos/backend/internal/handler/batch_stock_handler.go:36.16,40.3 3 0
github.com/moedahpos/backend/internal/handler/batch_stock_handler.go:41.2,42.28 2 1
github.com/moedahpos/backend/internal/handler/batch_stock_handler.go:42.28,44.3 1 1
github.com/moedahpos/backend/internal/handler/batch_stock_handler.go:45.2,45.26 1 1
github.com/moedahpos/backend/internal/handler/batch_stock_handler.go:51.80,54.16 3 1
github.com/moedahpos/backend/internal/handler/batch_stock_handler.go:54.16,58.3 3 0
github.com/moedahpos/backend/internal/handler/batch_stock_handler.go:59.2,60.28 2 1
github.com/moedahpos/backend/internal/handler/batch_stock_handler.go:60.28,70.3 1 1
github.com/moedahpos/backend/internal/handler/batch_stock_handler.go:71.2,71.26 1 1
github.com/moedahpos/backend/internal/handler/batch_stock_handler.go:75.67,89.2 1 1
github.com/moedahpos/backend/internal/handler/customer_handler.go:25.124,27.2 1 1
github.com/moedahpos/backend/internal/handler/customer_handler.go:30.72,38.16 7 1
github.com/moedahpos/backend/internal/handler/customer_handler.go:38.16,42.3 3 0
github.com/moedahpos/backend/internal/handler/customer_handler.go:43.2,43.68 1 1
github.com/moedahpos/backend/internal/handler/customer_handler.go:47.74,55.16 4 1
github.com/moedahpos/backend/internal/handler/customer_handler.go:55.16,58.3 2 0
github.com/moedahpos/backend/internal/handler/customer_handler.go:59.2,59.27 1 1
github.com/moedahpos/backend/internal/handler/customer_handler.go:63.74,66.61 3 1
github.com/moedahpos/backend/internal/handler/customer_handler.go:66.61,69.3 2 0
github.com/moedahpos/backend/internal/handler/customer_handler.go:70.2,70.58 1 1
github.com/moedahpos/backend/internal/handler/customer_handler.go:70.58,73.3 2 1
github.com/moedahpos/backend/internal/handler/customer_handler.go:74.2,75.16 2 1
github.com/moedahpos/backend/internal/handler/customer_handler.go:75.16,79.3 3 0
github.com/moedahpos/backend/internal/handler/customer_handler.go:80.2,80.29 1 1
github.com/moedahpos/backend/internal/handler/customer_handler.go:84.71,87.16 3 1
github.com/moedahpos/backend/internal/handler/customer_handler.go:87.16,88.50 1 1
github.com/moedahpos/backend/internal/handler/customer_handler.go:88.50,91.4 2 1
github.com/moedahpos/backend/internal/handler/customer_handler.go:92.3,93.9 2 0
github.com/moedahpos/backend/internal/handler/customer_handler.go:95.2,95.29 1 1
github.com/moedahpos/backend/internal/handler/customer_handler.go:99.74,102.61 3 1
github.com/moedahpos/backend/internal/handler/customer_handler.go:102.61,105.3 2 0
github.com/moedahpos/backend/internal/handler/customer_handler.go:106.2,106.58 1 1
github.com/moedahpos/backend/internal/handler/customer_handler.go:106.58,109.3 2 1
github.com/moedahpos/backend/internal/handler/customer_handler.go:110.2,111.16 2 1
github.com/moedahpos/backend/internal/handler/customer_handler.go:111.16,112.50 1 0
github.com/moedahpos/backend/internal/handler/customer_handler.go:112.50,115.4 2 0
github.com/moedahpos/backend/internal/handler/customer_handler.go:116.3,117.9 2 0
github.com/moedahpos/backend/internal/handler/customer_handler.go:119.2,119.29 1 1
github.com/moedahpos/backend/internal/handler/customer_handler.go:123.74,125.54 2 1
github.com/moedahpos/backend/internal/handler/customer_handler.go:125.54,126.50 1 1
github.com/moedahpos/backend/internal/handler/customer_handler.go:126.50,129.4 2 0
github.com/moedahpos/backend/internal/handler/customer_handler.go:130.3,131.9 2 1
github.com/moedahpos/backend/internal/handler/customer_handler.go:133.2,133.105 1 1
github.com/moedahpos/backend/internal/handler/expense_handler.go:26.135,28.2 1 1
github.com/moedahpos/backend/internal/handler/expense_handler.go:32.81,35.16 3 1
github.com/moedahpos/backend/internal/handler/expense_handler.go:35.16,39.3 3 0
github.com/moedahpos/backend/internal/handler/expense_handler.go:40.2,40.27 1 1
github.com/moedahpos/backend/internal/handler/expense_handler.go:43.81,45.61 2 1
github.com/moedahpos/backend/internal/handler/expense_handler.go:45.61,48.3 2 0
github.com/moedahpos/backend/internal/handler/expense_handler.go:49.2,49.57 1 1
github.com/moedahpos/backend/internal/handler/expense_handler.go:49.57,52.3 2 1
github.com/moedahpos/backend/internal/handler/expense_handler.go:54.2,55.16 2 1
github.com/moedahpos/backend/internal/handler/expense_handler.go:55.16,59.3 3 0
github.com/moedahpos/backend/internal/handler/expense_handler.go:60.2,60.26 1 1
github.com/moedahpos/backend/internal/handler/expense_handler.go:63.81,66.61 3 1
github.com/moedahpos/backend/internal/handler/expense_handler.go:66.61,69.3 2 0
github.com/moedahpos/backend/internal/handler/expense_handler.go:70.2,70.57 1 1
github.com/moedahpos/backend/internal/handler/expense_handler.go:70.57,73.3 2 1
github.com/moedahpos/backend/internal/handler/expense_handler.go:75.2,76.16 2 1
github.com/moedahpos/backend/internal/handler/expense_handler.go:76.16,78.49 2 0
github.com/moedahpos/backend/internal/handler/expense_handler.go:78.49,81.4 2 0
github.com/moedahpos/backend/internal/handler/expense_handler.go:82.3,83.9 2 0
github.com/moedahpos/backend/internal/handler/expense_handler.go:85.2,85.26 1 1
github.com/moedahpos/backend/internal/handler/expense_handler.go:88.81,90.73 2 1
github.com/moedahpos/backend/internal/handler/expense_handler.go:90.73,92.49 2 0
github.com/moedahpos/backend/internal/handler/expense_handler.go:92.49,95.4 2 0
github.com/moedahpos/backend/internal/handler/expense_handler.go:96.3,97.9 2 0
github.com/moedahpos/backend/internal/handler/expense_handler.go:99.2,99.105 1 1
github.com/moedahpos/backend/internal/handler/expense_handler.go:104.79,116.16 6 1
github.com/moedahpos/backend/internal/handler/expense_handler.go:116.16,120.3 3 0
github.com/moedahpos/backend/internal/handler/expense_handler.go:122.2,122.67 1 1
github.com/moedahpos/backend/internal/handler/expense_handler.go:125.80,130.61 4 1
github.com/moedahpos/backend/internal/handler/expense_handler.go:130.61,133.3 2 0
github.com/moedahpos/backend/internal/handler/expense_handler.go:134.2,134.57 1 1
github.com/moedahpos/backend/internal/handler/expense_handler.go:134.57,137.3 2 1
github.com/moedahpos/backend/internal/handler/expense_handler.go:139.2,140.16 2 1
github.com/moedahpos/backend/internal/handler/expense_handler.go:140.16,142.44 2 0
github.com/moedahpos/backend/internal/handler/expense_handler.go:142.44,145.4 2 0
github.com/moedahpos/backend/internal/handler/expense_handler.go:146.3,147.9 2 0
github.com/moedahpos/backend/internal/handler/expense_handler.go:149.2,149.30 1 1
github.com/moedahpos/backend/internal/handler/expense_handler.go:152.80,157.61 4 1
github.com/moedahpos/backend/internal/handler/expense_handler.go:157.61,160.3 2 0
github.com/moedahpos/backend/internal/handler/expense_handler.go:161.2,161.57 1 1
github.com/moedahpos/backend/internal/handler/expense_handler.go:161.57,164.3 2 1
github.com/moedahpos/backend/internal/handler/expense_handler.go:166.2,167.16 2 1
github.com/moedahpos/backend/internal/handler/expense_handler.go:167.16,169.57 2 0
github.com/moedahpos/backend/internal/handler/expense_handler.go:169.57,172.4 2 0
github.com/moedahpos/backend/internal/handler/expense_handler.go:173.3,173.44 1 0
github.com/moedahpos/backend/internal/handler/expense_handler.go:173.44,176.4 2 0
github.com/moedahpos/backend/internal/handler/expense_handler.go:177.3,178.9 2 0
github.com/moedahpos/backend/internal/handler/expense_handler.go:180.2,180.30 1 1
github.com/moedahpos/backend/internal/handler/expense_handler.go:183.86,188.61 4 1
github.com/moedahpos/backend/internal/handler/expense_handler.go:188.61,191.3 2 0
github.com/moedahpos/backend/internal/handler/expense_handler.go:192.2,192.57 1 1
github.com/moedahpos/backend/internal/handler/expense_handler.go:192.57,195.3 2 0
github.com/moedahpos/backend/internal/handler/expense_handler.go:197.2,198.16 2 1
github.com/moedahpos/backend/internal/handler/expense_handler.go:198.16,200.112 2 0
github.com/moedahpos/backend/internal/handler/expense_handler.go:200.112,203.4 2 0
github.com/moedahpos/backend/internal/handler/expense_handler.go:204.3,205.9 2 0
github.com/moedahpos/backend/internal/handler/expense_handler.go:207.2,207.30 1 1
github.com/moedahpos/backend/internal/handler/expense_handler.go:210.80,214.77 3 1
github.com/moedahpos/backend/internal/handler/expense_handler.go:214.77,216.97 2 0
github.com/moedahpos/backend/internal/handler/expense_handler.go:216.97,219.4 2 0
github.com/moedahpos/backend/internal/handler/expense_handler.go:220.3,221.9 2 0
github.com/moedahpos/backend/internal/handler/expense_handler.go:223.2,223.104 1 1
github.com/moedahpos/backend/internal/handler/expense_handler.go:228.88,238.16 6 1
github.com/moedahpos/backend/internal/handler/expense_handler.go:238.16,242.3 3 0
github.com/moedahpos/backend/internal/handler/expense_handler.go:244.2,244.67 1 1
github.com/moedahpos/backend/internal/handler/expense_handler.go:247.89,252.61 4 1
github.com/moedahpos/backend/internal/handler/expense_handler.go:252.61,255.3 2 0
github.com/moedahpos/backend/internal/handler/expense_handler.go:256.2,256.57 1 1
github.com/moedahpos/backend/internal/handler/expense_handler.go:256.57,259.3 2 1
github.com/moedahpos/backend/internal/handler/expense_handler.go:261.2,262.16 2 1
github.com/moedahpos/backend/internal/handler/expense_handler.go:262.16,266.3 3 0
github.com/moedahpos/backend/internal/handler/expense_handler.go:267.2,267.25 1 1
github.com/moedahpos/backend/internal/handler/expense_handler.go:270.89,275.61 4 1
github.com/moedahpos/backend/internal/handler/expense_handler.go:275.61,278.3 2 0
github.com/moedahpos/backend/internal/handler/expense_handler.go:279.2,279.57 1 1
github.com/moedahpos/backend/internal/handler/expense_handler.go:279.57,282.3 2 0
github.com/moedahpos/backend/internal/handler/expense_handler.go:284.2,285.16 2 1
github.com/moedahpos/backend/internal/handler/expense_handler.go:285.16,289.3 3 0
github.com/moedahpos/backend/internal/handler/expense_handler.go:290.2,290.25 1 1
github.com/moedahpos/backend/internal/handler/expense_handler.go:293.89,297.86 3 1
github.com/moedahpos/backend/internal/handler/expense_handler.go:297.86,299.127 2 0
github.com/moedahpos/backend/internal/handler/expense_handler.go:299.127,302.4 2 0
github.com/moedahpos/backend/internal/handler/expense_handler.go:303.3,304.9 2 0
github.com/moedahpos/backend/internal/handler/expense_handler.go:306.2,306.114 1 1
github.com/moedahpos/backend/internal/handler/income_handler.go:27.131,29.2 1 1
github.com/moedahpos/backend/internal/handler/income_handler.go:34.80,37.16 3 1
github.com/moedahpos/backend/internal/handler/income_handler.go:37.16,41.3 3 0
github.com/moedahpos/backend/internal/handler/income_handler.go:42.2,42.27 1 1
github.com/moedahpos/backend/internal/handler/income_handler.go:46.80,48.61 2 1
github.com/moedahpos/backend/internal/handler/income_handler.go:48.61,51.3 2 0
github.com/moedahpos/backend/internal/handler/income_handler.go:52.2,52.57 1 1
github.com/moedahpos/backend/internal/handler/income_handler.go:52.57,55.3 2 1
github.com/moedahpos/backend/internal/handler/income_handler.go:56.2,57.16 2 1
github.com/moedahpos/backend/internal/handler/income_handler.go:57.16,61.3 3 0
github.com/moedahpos/backend/internal/handler/income_handler.go:62.2,62.26 1 1
github.com/moedahpos/backend/internal/handler/income_handler.go:66.80,69.61 3 1
github.com/moedahpos/backend/internal/handler/income_handler.go:69.61,72.3 2 0
github.com/moedahpos/backend/internal/handler/income_handler.go:73.2,73.57 1 1
github.com/moedahpos/backend/internal/handler/income_handler.go:73.57,76.3 2 1
github.com/moedahpos/backend/internal/handler/income_handler.go:78.2,79.16 2 1
github.com/moedahpos/backend/internal/handler/income_handler.go:79.16,81.49 2 0
github.com/moedahpos/backend/internal/handler/income_handler.go:81.49,84.4 2 0
github.com/moedahpos/backend/internal/handler/income_handler.go:85.3,86.9 2 0
github.com/moedahpos/backend/internal/handler/income_handler.go:88.2,88.26 1 1
github.com/moedahpos/backend/internal/handler/income_handler.go:92.80,94.72 2 1
github.com/moedahpos/backend/internal/handler/income_handler.go:94.72,96.49 2 0
github.com/moedahpos/backend/internal/handler/income_handler.go:96.49,99.4 2 0
github.com/moedahpos/backend/internal/handler/income_handler.go:100.3,101.9 2 0
github.com/moedahpos/backend/internal/handler/income_handler.go:103.2,103.105 1 1
github.com/moedahpos/backend/internal/handler/income_handler.go:109.77,121.16 6 1
github.com/moedahpos/backend/internal/handler/income_handler.go:121.16,125.3 3 0
github.com/moedahpos/backend/internal/handler/income_handler.go:126.2,126.66 1 1
github.com/moedahpos/backend/internal/handler/income_handler.go:130.78,135.61 4 1
github.com/moedahpos/backend/internal/handler/income_handler.go:135.61,138.3 2 0
github.com/moedahpos/backend/internal/handler/income_handler.go:139.2,139.57 1 1
github.com/moedahpos/backend/internal/handler/income_handler.go:139.57,142.3 2 1
github.com/moedahpos/backend/internal/handler/income_handler.go:144.2,145.16 2 1
github.com/moedahpos/backend/internal/handler/income_handler.go:145.16,147.59 2 0
github.com/moedahpos/backend/internal/handler/income_handler.go:147.59,150.4 2 0
github.com/moedahpos/backend/internal/handler/income_handler.go:151.3,152.9 2 0
github.com/moedahpos/backend/internal/handler/income_handler.go:154.2,154.26 1 1
github.com/moedahpos/backend/internal/handler/income_handler.go:158.78,163.61 4 1
github.com/moedahpos/backend/internal/handler/income_handler.go:163.61,166.3 2 0
github.com/moedahpos/backend/internal/handler/income_handler.go:167.2,167.57 1 1
github.com/moedahpos/backend/internal/handler/income_handler.go:167.57,170.3 2 1
github.com/moedahpos/backend/internal/handler/income_handler.go:172.2,173.16 2 1
github.com/moedahpos/backend/internal/handler/income_handler.go:173.16,175.48 2 0
github.com/moedahpos/backend/internal/handler/income_handler.go:175.48,178.4 2 0
github.com/moedahpos/backend/internal/handler/income_handler.go:179.3,179.59 1 0
github.com/moedahpos/backend/internal/handler/income_handler.go:179.59,182.4 2 0
github.com/moedahpos/backend/internal/handler/income_handler.go:183.3,184.9 2 0
github.com/moedahpos/backend/internal/handler/income_handler.go:186.2,186.26 1 1
github.com/moedahpos/backend/internal/handler/income_handler.go:190.78,194.75 3 1
github.com/moedahpos/backend/internal/handler/income_handler.go:194.75,196.48 2 0
github.com/moedahpos/backend/internal/handler/income_handler.go:196.48,199.4 2 0
github.com/moedahpos/backend/internal/handler/income_handler.go:200.3,201.9 2 0
github.com/moedahpos/backend/internal/handler/income_handler.go:203.2,203.103 1 1
github.com/moedahpos/backend/internal/handler/loyalty_handler.go:25.121,27.2 1 1
github.com/moedahpos/backend/internal/handler/loyalty_handler.go:31.76,33.16 2 1
github.com/moedahpos/backend/internal/handler/loyalty_handler.go:33.16,37.3 3 0
github.com/moedahpos/backend/internal/handler/loyalty_handler.go:38.2,38.28 1 1
github.com/moedahpos/backend/internal/handler/loyalty_handler.go:43.77,45.22 2 1
github.com/moedahpos/backend/internal/handler/loyalty_handler.go:45.22,48.3 2 0
github.com/moedahpos/backend/internal/handler/loyalty_handler.go:49.2,50.16 2 1
github.com/moedahpos/backend/internal/handler/loyalty_handler.go:50.16,54.3 3 0
github.com/moedahpos/backend/internal/handler/loyalty_handler.go:55.2,55.26 1 1
github.com/moedahpos/backend/internal/handler/loyalty_handler.go:60.77,63.22 3 1
github.com/moedahpos/backend/internal/handler/loyalty_handler.go:63.22,66.3 2 0
github.com/moedahpos/backend/internal/handler/loyalty_handler.go:68.2,69.61 2 1
github.com/moedahpos/backend/internal/handler/loyalty_handler.go:69.61,72.3 2 0
github.com/moedahpos/backend/internal/handler/loyalty_handler.go:73.2,73.58 1 1
github.com/moedahpos/backend/internal/handler/loyalty_handler.go:73.58,76.3 2 1
github.com/moedahpos/backend/internal/handler/loyalty_handler.go:78.2,80.16 3 1
github.com/moedahpos/backend/internal/handler/loyalty_handler.go:80.16,84.3 3 0
github.com/moedahpos/backend/internal/handler/loyalty_handler.go:85.2,85.28 1 1
github.com/moedahpos/backend/internal/handler/loyalty_handler.go:90.79,92.22 2 1
github.com/moedahpos/backend/internal/handler/loyalty_handler.go:92.22,95.3 2 0
github.com/moedahpos/backend/internal/handler/loyalty_handler.go:97.2,98.61 2 1
github.com/moedahpos/backend/internal/handler/loyalty_handler.go:98.61,101.3 2 0
github.com/moedahpos/backend/internal/handler/loyalty_handler.go:102.2,102.58 1 1
github.com/moedahpos/backend/internal/handler/loyalty_handler.go:102.58,105.3 2 0
github.com/moedahpos/backend/internal/handler/loyalty_handler.go:107.2,108.16 2 1
github.com/moedahpos/backend/internal/handler/loyalty_handler.go:108.16,109.36 1 1
github.com/moedahpos/backend/internal/handler/loyalty_handler.go:109.36,112.4 2 1
github.com/moedahpos/backend/internal/handler/loyalty_handler.go:113.3,115.9 3 0
github.com/moedahpos/backend/internal/handler/loyalty_handler.go:117.2,117.28 1 0
github.com/moedahpos/backend/internal/handler/loyalty_handler.go:122.77,124.22 2 1
github.com/moedahpos/backend/internal/handler/loyalty_handler.go:124.22,127.3 2 0
github.com/moedahpos/backend/internal/handler/loyalty_handler.go:128.2,129.16 2 1
github.com/moedahpos/backend/internal/handler/loyalty_handler.go:129.16,133.3 3 0
github.com/moedahpos/backend/internal/handler/loyalty_handler.go:134.2,134.30 1 1
github.com/moedahpos/backend/internal/handler/loyalty_handler.go:139.77,141.22 2 1
github.com/moedahpos/backend/internal/handler/loyalty_handler.go:141.22,144.3 2 0
github.com/moedahpos/backend/internal/handler/loyalty_handler.go:146.2,147.61 2 1
github.com/moedahpos/backend/internal/handler/loyalty_handler.go:147.61,150.3 2 0
github.com/moedahpos/backend/internal/handler/loyalty_handler.go:151.2,151.58 1 1
github.com/moedahpos/backend/internal/handler/loyalty_handler.go:151.58,154.3 2 0
github.com/moedahpos/backend/internal/handler/loyalty_handler.go:156.2,156.78 1 1
github.com/moedahpos/backend/internal/handler/loyalty_handler.go:156.78,157.46 1 0
github.com/moedahpos/backend/internal/handler/loyalty_handler.go:157.46,160.4 2 0
github.com/moedahpos/backend/internal/handler/loyalty_handler.go:161.3,163.9 3 0
github.com/moedahpos/backend/internal/handler/loyalty_handler.go:165.2,165.56 1 1
github.com/moedahpos/backend/internal/handler/loyalty_handler.go:169.47,171.2 1 1
github.com/moedahpos/backend/internal/handler/price_history_handler.go:21.112,23.2 1 1
github.com/moedahpos/backend/internal/handler/price_history_handler.go:26.83,37.16 6 1
github.com/moedahpos/backend/internal/handler/price_history_handler.go:37.16,41.3 3 1
github.com/moedahpos/backend/internal/handler/price_history_handler.go:42.2,42.63 1 1
github.com/moedahpos/backend/internal/handler/price_history_handler.go:46.85,54.16 7 1
github.com/moedahpos/backend/internal/handler/price_history_handler.go:54.16,58.3 3 1
github.com/moedahpos/backend/internal/handler/price_history_handler.go:59.2,59.63 1 1
github.com/moedahpos/backend/internal/handler/product_handler.go:25.128,27.2 1 1
github.com/moedahpos/backend/internal/handler/product_handler.go:32.81,35.16 3 1
github.com/moedahpos/backend/internal/handler/product_handler.go:35.16,39.3 3 0
github.com/moedahpos/backend/internal/handler/product_handler.go:40.2,40.27 1 1
github.com/moedahpos/backend/internal/handler/product_handler.go:44.81,47.61 3 1
github.com/moedahpos/backend/internal/handler/product_handler.go:47.61,50.3 2 0
github.com/moedahpos/backend/internal/handler/product_handler.go:51.2,51.58 1 1
github.com/moedahpos/backend/internal/handler/product_handler.go:51.58,54.3 2 1
github.com/moedahpos/backend/internal/handler/product_handler.go:55.2,56.16 2 1
github.com/moedahpos/backend/internal/handler/product_handler.go:56.16,59.3 2 0
github.com/moedahpos/backend/internal/handler/product_handler.go:60.2,60.29 1 1
github.com/moedahpos/backend/internal/handler/product_handler.go:64.81,67.61 3 1
github.com/moedahpos/backend/internal/handler/product_handler.go:67.61,70.3 2 0
github.com/moedahpos/backend/internal/handler/product_handler.go:71.2,71.58 1 1
github.com/moedahpos/backend/internal/handler/product_handler.go:71.58,74.3 2 1
github.com/moedahpos/backend/internal/handler/product_handler.go:75.2,76.16 2 1
github.com/moedahpos/backend/internal/handler/product_handler.go:76.16,77.50 1 0
github.com/moedahpos/backend/internal/handler/product_handler.go:77.50,80.4 2 0
github.com/moedahpos/backend/internal/handler/product_handler.go:81.3,82.9 2 0
github.com/moedahpos/backend/internal/handler/product_handler.go:84.2,84.29 1 1
github.com/moedahpos/backend/internal/handler/product_handler.go:88.81,90.69 2 1
github.com/moedahpos/backend/internal/handler/product_handler.go:90.69,91.50 1 0
github.com/moedahpos/backend/internal/handler/product_handler.go:91.50,94.4 2 0
github.com/moedahpos/backend/internal/handler/product_handler.go:95.3,96.9 2 0
github.com/moedahpos/backend/internal/handler/product_handler.go:98.2,100.4 1 1
github.com/moedahpos/backend/internal/handler/product_handler.go:106.71,113.50 7 1
github.com/moedahpos/backend/internal/handler/product_handler.go:113.50,115.17 2 0
github.com/moedahpos/backend/internal/handler/product_handler.go:115.17,117.4 1 0
github.com/moedahpos/backend/internal/handler/product_handler.go:120.2,121.16 2 1
github.com/moedahpos/backend/internal/handler/product_handler.go:121.16,125.3 3 0
github.com/moedahpos/backend/internal/handler/product_handler.go:126.2,126.67 1 1
github.com/moedahpos/backend/internal/handler/product_handler.go:130.73,133.61 3 1
github.com/moedahpos/backend/internal/handler/product_handler.go:133.61,136.3 2 0
github.com/moedahpos/backend/internal/handler/product_handler.go:137.2,137.58 1 1
github.com/moedahpos/backend/internal/handler/product_handler.go:137.58,140.3 2 0
github.com/moedahpos/backend/internal/handler/product_handler.go:141.2,142.16 2 1
github.com/moedahpos/backend/internal/handler/product_handler.go:142.16,143.50 1 0
github.com/moedahpos/backend/internal/handler/product_handler.go:143.50,146.4 2 0
github.com/moedahpos/backend/internal/handler/product_handler.go:147.3,149.9 3 0
github.com/moedahpos/backend/internal/handler/product_handler.go:151.2,151.29 1 1
github.com/moedahpos/backend/internal/handler/product_handler.go:155.70,158.16 3 1
github.com/moedahpos/backend/internal/handler/product_handler.go:158.16,159.49 1 0
github.com/moedahpos/backend/internal/handler/product_handler.go:159.49,162.4 2 0
github.com/moedahpos/backend/internal/handler/product_handler.go:163.3,164.9 2 0
github.com/moedahpos/backend/internal/handler/product_handler.go:166.2,166.29 1 1
github.com/moedahpos/backend/internal/handler/product_handler.go:170.79,174.16 4 1
github.com/moedahpos/backend/internal/handler/product_handler.go:174.16,175.49 1 0
github.com/moedahpos/backend/internal/handler/product_handler.go:175.49,178.4 2 0
github.com/moedahpos/backend/internal/handler/product_handler.go:179.3,180.9 2 0
github.com/moedahpos/backend/internal/handler/product_handler.go:182.2,182.29 1 1
github.com/moedahpos/backend/internal/handler/product_handler.go:186.73,189.61 3 1
github.com/moedahpos/backend/internal/handler/product_handler.go:189.61,192.3 2 0
github.com/moedahpos/backend/internal/handler/product_handler.go:193.2,193.58 1 1
github.com/moedahpos/backend/internal/handler/product_handler.go:193.58,196.3 2 1
github.com/moedahpos/backend/internal/handler/product_handler.go:197.2,198.16 2 1
github.com/moedahpos/backend/internal/handler/product_handler.go:198.16,199.49 1 0
github.com/moedahpos/backend/internal/handler/product_handler.go:199.49,202.4 2 0
github.com/moedahpos/backend/internal/handler/product_handler.go:203.3,204.9 2 0
github.com/moedahpos/backend/internal/handler/product_handler.go:206.2,206.29 1 1
github.com/moedahpos/backend/internal/handler/product_handler.go:210.73,212.68 2 1
github.com/moedahpos/backend/internal/handler/product_handler.go:212.68,213.49 1 0
github.com/moedahpos/backend/internal/handler/product_handler.go:213.49,216.4 2 0
github.com/moedahpos/backend/internal/handler/product_handler.go:217.3,218.9 2 0
github.com/moedahpos/backend/internal/handler/product_handler.go:220.2,222.4 1 1
github.com/moedahpos/backend/internal/handler/purchase_order_handler.go:25.141,27.2 1 1
github.com/moedahpos/backend/internal/handler/purchase_order_handler.go:30.77,40.16 9 1
github.com/moedahpos/backend/internal/handler/purchase_order_handler.go:40.16,44.3 3 0
github.com/moedahpos/backend/internal/handler/purchase_order_handler.go:45.2,45.62 1 1
github.com/moedahpos/backend/internal/handler/purchase_order_handler.go:49.79,52.61 3 1
github.com/moedahpos/backend/internal/handler/purchase_order_handler.go:52.61,55.3 2 0
github.com/moedahpos/backend/internal/handler/purchase_order_handler.go:56.2,56.58 1 1
github.com/moedahpos/backend/internal/handler/purchase_order_handler.go:56.58,59.3 2 1
github.com/moedahpos/backend/internal/handler/purchase_order_handler.go:60.2,61.16 2 1
github.com/moedahpos/backend/internal/handler/purchase_order_handler.go:61.16,62.49 1 0
github.com/moedahpos/backend/internal/handler/purchase_order_handler.go:62.49,65.4 2 0
github.com/moedahpos/backend/internal/handler/purchase_order_handler.go:66.3,68.9 3 0
github.com/moedahpos/backend/internal/handler/purchase_order_handler.go:70.2,70.29 1 1
github.com/moedahpos/backend/internal/handler/purchase_order_handler.go:74.76,77.16 3 1
github.com/moedahpos/backend/internal/handler/purchase_order_handler.go:77.16,78.44 1 1
github.com/moedahpos/backend/internal/handler/purchase_order_handler.go:78.44,81.4 2 1
github.com/moedahpos/backend/internal/handler/purchase_order_handler.go:82.3,83.9 2 0
github.com/moedahpos/backend/internal/handler/purchase_order_handler.go:85.2,85.29 1 1
github.com/moedahpos/backend/internal/handler/purchase_order_handler.go:89.79,93.61 4 1
github.com/moedahpos/backend/internal/handler/purchase_order_handler.go:93.61,96.3 2 0
github.com/moedahpos/backend/internal/handler/purchase_order_handler.go:97.2,97.58 1 1
github.com/moedahpos/backend/internal/handler/purchase_order_handler.go:97.58,100.3 2 0
github.com/moedahpos/backend/internal/handler/purchase_order_handler.go:101.2,102.16 2 1
github.com/moedahpos/backend/internal/handler/purchase_order_handler.go:102.16,103.10 1 1
github.com/moedahpos/backend/internal/handler/purchase_order_handler.go:104.46,105.42 1 1
github.com/moedahpos/backend/internal/handler/purchase_order_handler.go:106.49,107.88 1 1
github.com/moedahpos/backend/internal/handler/purchase_order_handler.go:108.11,109.29 1 0
github.com/moedahpos/backend/internal/handler/purchase_order_handler.go:111.3,111.9 1 1
github.com/moedahpos/backend/internal/handler/purchase_order_handler.go:113.2,113.29 1 1
github.com/moedahpos/backend/internal/handler/purchase_order_handler.go:117.79,119.76 2 1
github.com/moedahpos/backend/internal/handler/purchase_order_handler.go:119.76,120.10 1 1
github.com/moedahpos/backend/internal/handler/purchase_order_handler.go:121.46,122.42 1 0
github.com/moedahpos/backend/internal/handler/purchase_order_handler.go:123.50,124.91 1 1
github.com/moedahpos/backend/internal/handler/purchase_order_handler.go:125.11,126.29 1 1
github.com/moedahpos/backend/internal/handler/purchase_order_handler.go:128.3,128.9 1 1
github.com/moedahpos/backend/internal/handler/purchase_order_handler.go:130.2,132.4 1 1
github.com/moedahpos/backend/internal/handler/purchase_order_handler.go:136.80,138.77 2 1
github.com/moedahpos/backend/internal/handler/purchase_order_handler.go:138.77,139.10 1 1
github.com/moedahpos/backend/internal/handler/purchase_order_handler.go:140.46,141.42 1 0
github.com/moedahpos/backend/internal/handler/purchase_order_handler.go:142.51,143.85 1 1
github.com/moedahpos/backend/internal/handler/purchase_order_handler.go:144.11,146.29 2 0
github.com/moedahpos/backend/internal/handler/purchase_order_handler.go:148.3,148.9 1 1
github.com/moedahpos/backend/internal/handler/purchase_order_handler.go:150.2,152.4 1 1
github.com/moedahpos/backend/internal/handler/purchase_order_handler.go:156.79,158.58 2 1
github.com/moedahpos/backend/internal/handler/purchase_order_handler.go:158.58,159.10 1 1
github.com/moedahpos/backend/internal/handler/purchase_order_handler.go:160.46,161.42 1 0
github.com/moedahpos/backend/internal/handler/purchase_order_handler.go:162.50,163.93 1 1
github.com/moedahpos/backend/internal/handler/purchase_order_handler.go:164.11,165.29 1 0
github.com/moedahpos/backend/internal/handler/purchase_order_handler.go:167.3,167.9 1 1
github.com/moedahpos/backend/internal/handler/purchase_order_handler.go:169.2,171.4 1 1
github.com/moedahpos/backend/internal/handler/purchase_order_handler.go:175.87,178.16 3 1
github.com/moedahpos/backend/internal/handler/purchase_order_handler.go:178.16,182.3 3 0
github.com/moedahpos/backend/internal/handler/purchase_order_handler.go:183.2,183.30 1 1
github.com/moedahpos/backend/internal/handler/purchase_order_handler.go:187.86,191.61 4 1
github.com/moedahpos/backend/internal/handler/purchase_order_handler.go:191.61,194.3 2 0
github.com/moedahpos/backend/internal/handler/purchase_order_handler.go:195.2,195.58 1 1
github.com/moedahpos/backend/internal/handler/purchase_order_handler.go:195.58,198.3 2 0
github.com/moedahpos/backend/internal/handler/purchase_order_handler.go:199.2,200.16 2 1
github.com/moedahpos/backend/internal/handler/purchase_order_handler.go:200.16,201.44 1 1
github.com/moedahpos/backend/internal/handler/purchase_order_handler.go:201.44,204.4 2 1
github.com/moedahpos/backend/internal/handler/purchase_order_handler.go:205.3,206.9 2 0
github.com/moedahpos/backend/internal/handler/purchase_order_handler.go:208.2,208.29 1 1
github.com/moedahpos/backend/internal/handler/purchase_order_handler.go:212.85,215.16 3 1
github.com/moedahpos/backend/internal/handler/purchase_order_handler.go:215.16,219.3 3 0
github.com/moedahpos/backend/internal/handler/purchase_order_handler.go:220.2,220.27 1 1
github.com/moedahpos/backend/internal/handler/report_handler.go:21.100,23.2 1 1
github.com/moedahpos/backend/internal/handler/report_handler.go:25.72,31.2 1 1
github.com/moedahpos/backend/internal/handler/report_handler.go:34.78,37.16 3 1
github.com/moedahpos/backend/internal/handler/report_handler.go:37.16,41.3 3 0
github.com/moedahpos/backend/internal/handler/report_handler.go:42.2,42.29 1 1
github.com/moedahpos/backend/internal/handler/report_handler.go:46.80,49.16 3 1
github.com/moedahpos/backend/internal/handler/report_handler.go:49.16,53.3 3 0
github.com/moedahpos/backend/internal/handler/report_handler.go:54.2,54.27 1 1
github.com/moedahpos/backend/internal/handler/report_handler.go:58.80,61.16 3 1
github.com/moedahpos/backend/internal/handler/report_handler.go:61.16,65.3 3 0
github.com/moedahpos/backend/internal/handler/report_handler.go:66.2,66.27 1 1
github.com/moedahpos/backend/internal/handler/report_handler.go:70.80,73.16 3 1
github.com/moedahpos/backend/internal/handler/report_handler.go:73.16,77.3 3 0
github.com/moedahpos/backend/internal/handler/report_handler.go:78.2,78.29 1 1
github.com/moedahpos/backend/internal/handler/report_handler.go:82.79,85.19 3 1
github.com/moedahpos/backend/internal/handler/report_handler.go:85.19,87.3 1 0
github.com/moedahpos/backend/internal/handler/report_handler.go:88.2,89.16 2 1
github.com/moedahpos/backend/internal/handler/report_handler.go:89.16,93.3 3 0
github.com/moedahpos/backend/internal/handler/report_handler.go:94.2,94.29 1 1
github.com/moedahpos/backend/internal/handler/report_handler.go:98.74,101.16 3 1
github.com/moedahpos/backend/internal/handler/report_handler.go:101.16,105.3 3 0
github.com/moedahpos/backend/internal/handler/report_handler.go:106.2,106.29 1 1
github.com/moedahpos/backend/internal/handler/report_handler.go:110.80,115.16 4 1
github.com/moedahpos/backend/internal/handler/report_handler.go:115.16,119.3 3 0
github.com/moedahpos/backend/internal/handler/report_handler.go:120.2,120.29 1 1
github.com/moedahpos/backend/internal/handler/restaurant_handler.go:48.22,50.2 1 1
github.com/moedahpos/backend/internal/handler/restaurant_handler.go:54.80,57.16 3 1
github.com/moedahpos/backend/internal/handler/restaurant_handler.go:57.16,61.3 3 0
github.com/moedahpos/backend/internal/handler/restaurant_handler.go:62.2,62.29 1 1
github.com/moedahpos/backend/internal/handler/restaurant_handler.go:65.81,68.61 3 1
github.com/moedahpos/backend/internal/handler/restaurant_handler.go:68.61,71.3 2 0
github.com/moedahpos/backend/internal/handler/restaurant_handler.go:72.2,72.57 1 1
github.com/moedahpos/backend/internal/handler/restaurant_handler.go:72.57,75.3 2 1
github.com/moedahpos/backend/internal/handler/restaurant_handler.go:76.2,77.16 2 1
github.com/moedahpos/backend/internal/handler/restaurant_handler.go:77.16,81.3 3 0
github.com/moedahpos/backend/internal/handler/restaurant_handler.go:82.2,82.28 1 1
github.com/moedahpos/backend/internal/handler/restaurant_handler.go:85.81,88.61 3 1
github.com/moedahpos/backend/internal/handler/restaurant_handler.go:88.61,91.3 2 0
github.com/moedahpos/backend/internal/handler/restaurant_handler.go:92.2,92.57 1 1
github.com/moedahpos/backend/internal/handler/restaurant_handler.go:92.57,95.3 2 0
github.com/moedahpos/backend/internal/handler/restaurant_handler.go:96.2,97.16 2 1
github.com/moedahpos/backend/internal/handler/restaurant_handler.go:97.16,101.3 3 0
github.com/moedahpos/backend/internal/handler/restaurant_handler.go:102.2,102.28 1 1
github.com/moedahpos/backend/internal/handler/restaurant_handler.go:105.87,108.61 3 1
github.com/moedahpos/backend/internal/handler/restaurant_handler.go:108.61,111.3 2 0
github.com/moedahpos/backend/internal/handler/restaurant_handler.go:112.2,112.57 1 1
github.com/moedahpos/backend/internal/handler/restaurant_handler.go:112.57,115.3 2 0
github.com/moedahpos/backend/internal/handler/restaurant_handler.go:116.2,116.97 1 1
github.com/moedahpos/backend/internal/handler/restaurant_handler.go:116.97,120.3 3 0
github.com/moedahpos/backend/internal/handler/restaurant_handler.go:121.2,121.96 1 1
github.com/moedahpos/backend/internal/handler/restaurant_handler.go:124.81,126.59 2 1
github.com/moedahpos/backend/internal/handler/restaurant_handler.go:126.59,130.3 3 0
github.com/moedahpos/backend/internal/handler/restaurant_handler.go:131.2,131.102 1 1
github.com/moedahpos/backend/internal/handler/restaurant_handler.go:136.83,139.16 3 1
github.com/moedahpos/backend/internal/handler/restaurant_handler.go:139.16,143.3 3 0
github.com/moedahpos/backend/internal/handler/restaurant_handler.go:144.2,144.28 1 1
github.com/moedahpos/backend/internal/handler/restaurant_handler.go:147.84,150.61 3 1
github.com/moedahpos/backend/internal/handler/restaurant_handler.go:150.61,153.3 2 0
github.com/moedahpos/backend/internal/handler/restaurant_handler.go:154.2,154.57 1 1
github.com/moedahpos/backend/internal/handler/restaurant_handler.go:154.57,157.3 2 0
github.com/moedahpos/backend/internal/handler/restaurant_handler.go:158.2,159.16 2 1
github.com/moedahpos/backend/internal/handler/restaurant_handler.go:159.16,163.3 3 0
github.com/moedahpos/backend/internal/handler/restaurant_handler.go:164.2,164.27 1 1
github.com/moedahpos/backend/internal/handler/restaurant_handler.go:167.84,170.61 3 1
github.com/moedahpos/backend/internal/handler/restaurant_handler.go:170.61,173.3 2 0
github.com/moedahpos/backend/internal/handler/restaurant_handler.go:174.2,174.57 1 1
github.com/moedahpos/backend/internal/handler/restaurant_handler.go:174.57,177.3 2 0
github.com/moedahpos/backend/internal/handler/restaurant_handler.go:178.2,179.16 2 1
github.com/moedahpos/backend/internal/handler/restaurant_handler.go:179.16,183.3 3 0
github.com/moedahpos/backend/internal/handler/restaurant_handler.go:184.2,184.27 1 1
github.com/moedahpos/backend/internal/handler/restaurant_handler.go:187.84,189.58 2 1
github.com/moedahpos/backend/internal/handler/restaurant_handler.go:189.58,193.3 3 0
github.com/moedahpos/backend/internal/handler/restaurant_handler.go:194.2,194.106 1 1
github.com/moedahpos/backend/internal/handler/stock_adjustment_handler.go:23.153,29.2 1 1
github.com/moedahpos/backend/internal/handler/stock_adjustment_handler.go:31.81,33.19 2 1
github.com/moedahpos/backend/internal/handler/stock_adjustment_handler.go:33.19,36.3 2 0
github.com/moedahpos/backend/internal/handler/stock_adjustment_handler.go:38.2,39.18 2 1
github.com/moedahpos/backend/internal/handler/stock_adjustment_handler.go:39.18,42.3 2 0
github.com/moedahpos/backend/internal/handler/stock_adjustment_handler.go:44.2,45.61 2 1
github.com/moedahpos/backend/internal/handler/stock_adjustment_handler.go:45.61,48.3 2 0
github.com/moedahpos/backend/internal/handler/stock_adjustment_handler.go:50.2,50.57 1 1
github.com/moedahpos/backend/internal/handler/stock_adjustment_handler.go:50.57,53.3 2 1
github.com/moedahpos/backend/internal/handler/stock_adjustment_handler.go:55.2,55.82 1 1
github.com/moedahpos/backend/internal/handler/stock_adjustment_handler.go:55.82,60.3 3 0
github.com/moedahpos/backend/internal/handler/stock_adjustment_handler.go:62.2,62.81 1 1
github.com/moedahpos/backend/internal/handler/stock_adjustment_handler.go:65.85,67.19 2 1
github.com/moedahpos/backend/internal/handler/stock_adjustment_handler.go:67.19,70.3 2 0
github.com/moedahpos/backend/internal/handler/stock_adjustment_handler.go:72.2,74.21 3 1
github.com/moedahpos/backend/internal/handler/stock_adjustment_handler.go:74.21,76.3 1 0
github.com/moedahpos/backend/internal/handler/stock_adjustment_handler.go:78.2,79.16 2 1
github.com/moedahpos/backend/internal/handler/stock_adjustment_handler.go:79.16,83.3 3 0
github.com/moedahpos/backend/internal/handler/stock_adjustment_handler.go:85.2,85.34 1 1
github.com/moedahpos/backend/internal/handler/stock_handler.go:25.120,27.2 1 1
github.com/moedahpos/backend/internal/handler/stock_handler.go:30.74,33.16 3 1
github.com/moedahpos/backend/internal/handler/stock_handler.go:33.16,37.3 3 1
github.com/moedahpos/backend/internal/handler/stock_handler.go:38.2,38.29 1 1
github.com/moedahpos/backend/internal/handler/stock_handler.go:42.76,45.16 3 1
github.com/moedahpos/backend/internal/handler/stock_handler.go:45.16,49.3 3 0
github.com/moedahpos/backend/internal/handler/stock_handler.go:50.2,50.29 1 1
github.com/moedahpos/backend/internal/handler/stock_handler.go:54.80,58.16 4 1
github.com/moedahpos/backend/internal/handler/stock_handler.go:58.16,59.52 1 1
github.com/moedahpos/backend/internal/handler/stock_handler.go:59.52,62.4 2 1
github.com/moedahpos/backend/internal/handler/stock_handler.go:63.3,64.9 2 0
github.com/moedahpos/backend/internal/handler/stock_handler.go:66.2,66.28 1 1
github.com/moedahpos/backend/internal/handler/stock_handler.go:70.71,73.61 3 1
github.com/moedahpos/backend/internal/handler/stock_handler.go:73.61,76.3 2 0
github.com/moedahpos/backend/internal/handler/stock_handler.go:77.2,77.58 1 1
github.com/moedahpos/backend/internal/handler/stock_handler.go:77.58,80.3 2 1
github.com/moedahpos/backend/internal/handler/stock_handler.go:81.2,82.16 2 1
github.com/moedahpos/backend/internal/handler/stock_handler.go:82.16,83.51 1 1
github.com/moedahpos/backend/internal/handler/stock_handler.go:83.51,86.4 2 1
github.com/moedahpos/backend/internal/handler/stock_handler.go:87.3,89.9 3 0
github.com/moedahpos/backend/internal/handler/stock_handler.go:91.2,91.29 1 1
github.com/moedahpos/backend/internal/handler/stock_handler.go:95.76,98.61 3 1
github.com/moedahpos/backend/internal/handler/stock_handler.go:98.61,101.3 2 0
github.com/moedahpos/backend/internal/handler/stock_handler.go:102.2,102.58 1 1
github.com/moedahpos/backend/internal/handler/stock_handler.go:102.58,105.3 2 1
github.com/moedahpos/backend/internal/handler/stock_handler.go:106.2,106.75 1 1
github.com/moedahpos/backend/internal/handler/stock_handler.go:106.75,107.51 1 0
github.com/moedahpos/backend/internal/handler/stock_handler.go:107.51,110.4 2 0
github.com/moedahpos/backend/internal/handler/stock_handler.go:111.3,112.9 2 0
github.com/moedahpos/backend/internal/handler/stock_handler.go:114.2,116.4 1 1
github.com/moedahpos/backend/internal/handler/stock_handler.go:120.77,129.16 8 1
github.com/moedahpos/backend/internal/handler/stock_handler.go:129.16,133.3 3 0
github.com/moedahpos/backend/internal/handler/stock_handler.go:134.2,134.68 1 1
github.com/moedahpos/backend/internal/handler/store_handler.go:26.120,28.2 1 1
github.com/moedahpos/backend/internal/handler/store_handler.go:31.69,36.50 5 1
github.com/moedahpos/backend/internal/handler/store_handler.go:36.50,38.17 2 0
github.com/moedahpos/backend/internal/handler/store_handler.go:38.17,40.4 1 0
github.com/moedahpos/backend/internal/handler/store_handler.go:43.2,44.16 2 1
github.com/moedahpos/backend/internal/handler/store_handler.go:44.16,48.3 3 0
github.com/moedahpos/backend/internal/handler/store_handler.go:49.2,49.65 1 1
github.com/moedahpos/backend/internal/handler/store_handler.go:53.71,55.61 2 1
github.com/moedahpos/backend/internal/handler/store_handler.go:55.61,58.3 2 0
github.com/moedahpos/backend/internal/handler/store_handler.go:59.2,59.58 1 1
github.com/moedahpos/backend/internal/handler/store_handler.go:59.58,62.3 2 1
github.com/moedahpos/backend/internal/handler/store_handler.go:63.2,64.16 2 1
github.com/moedahpos/backend/internal/handler/store_handler.go:64.16,68.3 3 0
github.com/moedahpos/backend/internal/handler/store_handler.go:69.2,69.29 1 1
github.com/moedahpos/backend/internal/handler/store_handler.go:73.68,76.16 3 1
github.com/moedahpos/backend/internal/handler/store_handler.go:76.16,77.47 1 0
github.com/moedahpos/backend/internal/handler/store_handler.go:77.47,80.4 2 0
github.com/moedahpos/backend/internal/handler/store_handler.go:81.3,82.9 2 0
github.com/moedahpos/backend/internal/handler/store_handler.go:84.2,84.29 1 1
github.com/moedahpos/backend/internal/handler/store_handler.go:88.71,91.61 3 1
github.com/moedahpos/backend/internal/handler/store_handler.go:91.61,94.3 2 0
github.com/moedahpos/backend/internal/handler/store_handler.go:95.2,95.58 1 1
github.com/moedahpos/backend/internal/handler/store_handler.go:95.58,98.3 2 1
github.com/moedahpos/backend/internal/handler/store_handler.go:99.2,100.16 2 1
github.com/moedahpos/backend/internal/handler/store_handler.go:100.16,101.47 1 0
github.com/moedahpos/backend/internal/handler/store_handler.go:101.47,104.4 2 0
github.com/moedahpos/backend/internal/handler/store_handler.go:105.3,106.9 2 0
github.com/moedahpos/backend/internal/handler/store_handler.go:108.2,108.29 1 1
github.com/moedahpos/backend/internal/handler/store_handler.go:112.71,114.64 2 1
github.com/moedahpos/backend/internal/handler/store_handler.go:114.64,115.47 1 0
github.com/moedahpos/backend/internal/handler/store_handler.go:115.47,118.4 2 0
github.com/moedahpos/backend/internal/handler/store_handler.go:119.3,120.9 2 0
github.com/moedahpos/backend/internal/handler/store_handler.go:122.2,125.4 1 1
github.com/moedahpos/backend/internal/handler/store_handler.go:131.76,134.16 3 1
github.com/moedahpos/backend/internal/handler/store_handler.go:134.16,135.47 1 0
github.com/moedahpos/backend/internal/handler/store_handler.go:135.47,138.4 2 0
github.com/moedahpos/backend/internal/handler/store_handler.go:139.3,140.9 2 0
github.com/moedahpos/backend/internal/handler/store_handler.go:142.2,142.30 1 1
github.com/moedahpos/backend/internal/handler/store_handler.go:146.74,149.61 3 1
github.com/moedahpos/backend/internal/handler/store_handler.go:149.61,152.3 2 0
github.com/moedahpos/backend/internal/handler/store_handler.go:153.2,153.58 1 1
github.com/moedahpos/backend/internal/handler/store_handler.go:153.58,156.3 2 1
github.com/moedahpos/backend/internal/handler/store_handler.go:157.2,157.73 1 1
github.com/moedahpos/backend/internal/handler/store_handler.go:157.73,158.53 1 0
github.com/moedahpos/backend/internal/handler/store_handler.go:158.53,161.4 2 0
github.com/moedahpos/backend/internal/handler/store_handler.go:162.3,162.47 1 0
github.com/moedahpos/backend/internal/handler/store_handler.go:162.47,165.4 2 0
github.com/moedahpos/backend/internal/handler/store_handler.go:166.3,167.9 2 0
github.com/moedahpos/backend/internal/handler/store_handler.go:169.2,171.4 1 1
github.com/moedahpos/backend/internal/handler/store_handler.go:175.81,179.61 4 1
github.com/moedahpos/backend/internal/handler/store_handler.go:179.61,182.3 2 0
github.com/moedahpos/backend/internal/handler/store_handler.go:183.2,183.58 1 1
github.com/moedahpos/backend/internal/handler/store_handler.go:183.58,186.3 2 0
github.com/moedahpos/backend/internal/handler/store_handler.go:187.2,187.88 1 1
github.com/moedahpos/backend/internal/handler/store_handler.go:187.88,188.48 1 0
github.com/moedahpos/backend/internal/handler/store_handler.go:188.48,191.4 2 0
github.com/moedahpos/backend/internal/handler/store_handler.go:192.3,193.9 2 0
github.com/moedahpos/backend/internal/handler/store_handler.go:195.2,197.4 1 1
github.com/moedahpos/backend/internal/handler/store_handler.go:201.77,204.78 3 1
github.com/moedahpos/backend/internal/handler/store_handler.go:204.78,205.48 1 0
github.com/moedahpos/backend/internal/handler/store_handler.go:205.48,208.4 2 0
github.com/moedahpos/backend/internal/handler/store_handler.go:209.3,210.9 2 0
github.com/moedahpos/backend/internal/handler/store_handler.go:212.2,214.4 1 1
github.com/moedahpos/backend/internal/handler/store_handler.go:218.44,220.2 1 1
github.com/moedahpos/backend/internal/handler/supplier_handler.go:25.132,27.2 1 1
github.com/moedahpos/backend/internal/handler/supplier_handler.go:30.72,35.50 5 1
github.com/moedahpos/backend/internal/handler/supplier_handler.go:35.50,37.17 2 0
github.com/moedahpos/backend/internal/handler/supplier_handler.go:37.17,39.4 1 0
github.com/moedahpos/backend/internal/handler/supplier_handler.go:42.2,43.16 2 1
github.com/moedahpos/backend/internal/handler/supplier_handler.go:43.16,47.3 3 0
github.com/moedahpos/backend/internal/handler/supplier_handler.go:48.2,48.68 1 1
github.com/moedahpos/backend/internal/handler/supplier_handler.go:52.74,54.61 2 1
github.com/moedahpos/backend/internal/handler/supplier_handler.go:54.61,57.3 2 0
github.com/moedahpos/backend/internal/handler/supplier_handler.go:58.2,58.58 1 1
github.com/moedahpos/backend/internal/handler/supplier_handler.go:58.58,61.3 2 1
github.com/moedahpos/backend/internal/handler/supplier_handler.go:62.2,63.16 2 1
github.com/moedahpos/backend/internal/handler/supplier_handler.go:63.16,67.3 3 0
github.com/moedahpos/backend/internal/handler/supplier_handler.go:68.2,68.29 1 1
github.com/moedahpos/backend/internal/handler/supplier_handler.go:72.71,75.16 3 1
github.com/moedahpos/backend/internal/handler/supplier_handler.go:75.16,76.50 1 1
github.com/moedahpos/backend/internal/handler/supplier_handler.go:76.50,79.4 2 1
github.com/moedahpos/backend/internal/handler/supplier_handler.go:80.3,81.9 2 0
github.com/moedahpos/backend/internal/handler/supplier_handler.go:83.2,83.29 1 1
github.com/moedahpos/backend/internal/handler/supplier_handler.go:87.74,90.61 3 1
github.com/moedahpos/backend/internal/handler/supplier_handler.go:90.61,93.3 2 0
github.com/moedahpos/backend/internal/handler/supplier_handler.go:94.2,94.58 1 1
github.com/moedahpos/backend/internal/handler/supplier_handler.go:94.58,97.3 2 1
github.com/moedahpos/backend/internal/handler/supplier_handler.go:98.2,99.16 2 1
github.com/moedahpos/backend/internal/handler/supplier_handler.go:99.16,100.50 1 0
github.com/moedahpos/backend/internal/handler/supplier_handler.go:100.50,103.4 2 0
github.com/moedahpos/backend/internal/handler/supplier_handler.go:104.3,105.9 2 0
github.com/moedahpos/backend/internal/handler/supplier_handler.go:107.2,107.29 1 1
github.com/moedahpos/backend/internal/handler/supplier_handler.go:111.74,113.70 2 1
github.com/moedahpos/backend/internal/handler/supplier_handler.go:113.70,114.50 1 1
github.com/moedahpos/backend/internal/handler/supplier_handler.go:114.50,117.4 2 1
github.com/moedahpos/backend/internal/handler/supplier_handler.go:118.3,119.9 2 0
github.com/moedahpos/backend/internal/handler/supplier_handler.go:121.2,123.4 1 1
github.com/moedahpos/backend/internal/handler/sync_handler.go:19.92,24.2 1 1
github.com/moedahpos/backend/internal/handler/sync_handler.go:26.68,28.19 2 1
github.com/moedahpos/backend/internal/handler/sync_handler.go:28.19,31.3 2 0
github.com/moedahpos/backend/internal/handler/sync_handler.go:33.2,35.27 3 1
github.com/moedahpos/backend/internal/handler/sync_handler.go:35.27,37.17 2 1
github.com/moedahpos/backend/internal/handler/sync_handler.go:37.17,40.4 2 1
github.com/moedahpos/backend/internal/handler/sync_handler.go:41.3,41.17 1 1
github.com/moedahpos/backend/internal/handler/sync_handler.go:44.2,45.16 2 1
github.com/moedahpos/backend/internal/handler/sync_handler.go:45.16,49.3 3 0
github.com/moedahpos/backend/internal/handler/sync_handler.go:51.2,51.26 1 1
github.com/moedahpos/backend/internal/handler/termin_handler.go:25.124,27.2 1 1
github.com/moedahpos/backend/internal/handler/termin_handler.go:31.80,35.61 3 1
github.com/moedahpos/backend/internal/handler/termin_handler.go:35.61,38.3 2 0
github.com/moedahpos/backend/internal/handler/termin_handler.go:39.2,39.58 1 1
github.com/moedahpos/backend/internal/handler/termin_handler.go:39.58,42.3 2 0
github.com/moedahpos/backend/internal/handler/termin_handler.go:44.2,45.16 2 1
github.com/moedahpos/backend/internal/handler/termin_handler.go:45.16,48.3 2 0
github.com/moedahpos/backend/internal/handler/termin_handler.go:49.2,49.30 1 1
github.com/moedahpos/backend/internal/handler/termin_handler.go:54.77,57.16 3 0
github.com/moedahpos/backend/internal/handler/termin_handler.go:57.16,60.3 2 0
github.com/moedahpos/backend/internal/handler/termin_handler.go:61.2,61.30 1 0
github.com/moedahpos/backend/internal/handler/termin_handler.go:66.79,70.61 3 1
github.com/moedahpos/backend/internal/handler/termin_handler.go:70.61,73.3 2 0
github.com/moedahpos/backend/internal/handler/termin_handler.go:74.2,74.58 1 1
github.com/moedahpos/backend/internal/handler/termin_handler.go:74.58,77.3 2 0
github.com/moedahpos/backend/internal/handler/termin_handler.go:79.2,80.16 2 1
github.com/moedahpos/backend/internal/handler/termin_handler.go:80.16,83.3 2 0
github.com/moedahpos/backend/internal/handler/termin_handler.go:84.2,84.26 1 1
github.com/moedahpos/backend/internal/handler/termin_handler.go:89.80,92.16 3 1
github.com/moedahpos/backend/internal/handler/termin_handler.go:92.16,95.3 2 0
github.com/moedahpos/backend/internal/handler/termin_handler.go:96.2,96.30 1 1
github.com/moedahpos/backend/internal/handler/termin_handler.go:101.77,104.19 3 0
github.com/moedahpos/backend/internal/handler/termin_handler.go:104.19,106.3 1 0
github.com/moedahpos/backend/internal/handler/termin_handler.go:107.2,107.17 1 0
github.com/moedahpos/backend/internal/handler/termin_handler.go:108.48,108.48 0 0
github.com/moedahpos/backend/internal/handler/termin_handler.go:110.10,112.9 2 0
github.com/moedahpos/backend/internal/handler/termin_handler.go:115.2,116.16 2 0
github.com/moedahpos/backend/internal/handler/termin_handler.go:116.16,119.3 2 0
github.com/moedahpos/backend/internal/handler/termin_handler.go:120.2,120.27 1 0
github.com/moedahpos/backend/internal/handler/termin_handler.go:124.69,125.9 1 0
github.com/moedahpos/backend/internal/handler/termin_handler.go:126.45,127.41 1 0
github.com/moedahpos/backend/internal/handler/termin_handler.go:128.49,129.33 1 0
github.com/moedahpos/backend/internal/handler/termin_handler.go:130.52,131.56 1 0
github.com/moedahpos/backend/internal/handler/termin_handler.go:132.48,133.100 1 0
github.com/moedahpos/backend/internal/handler/termin_handler.go:134.10,136.28 2 0
github.com/moedahpos/backend/internal/handler/transaction_handler.go:25.136,27.2 1 1
github.com/moedahpos/backend/internal/handler/transaction_handler.go:30.79,33.61 3 1
github.com/moedahpos/backend/internal/handler/transaction_handler.go:33.61,36.3 2 1
github.com/moedahpos/backend/internal/handler/transaction_handler.go:37.2,37.58 1 1
github.com/moedahpos/backend/internal/handler/transaction_handler.go:37.58,40.3 2 1
github.com/moedahpos/backend/internal/handler/transaction_handler.go:42.2,43.16 2 1
github.com/moedahpos/backend/internal/handler/transaction_handler.go:43.16,44.10 1 1
github.com/moedahpos/backend/internal/handler/transaction_handler.go:45.51,46.35 1 0
github.com/moedahpos/backend/internal/handler/transaction_handler.go:47.53,48.66 1 0
github.com/moedahpos/backend/internal/handler/transaction_handler.go:49.54,50.94 1 1
github.com/moedahpos/backend/internal/handler/transaction_handler.go:51.11,53.29 2 0
github.com/moedahpos/backend/internal/handler/transaction_handler.go:55.3,55.9 1 1
github.com/moedahpos/backend/internal/handler/transaction_handler.go:57.2,57.29 1 1
github.com/moedahpos/backend/internal/handler/transaction_handler.go:61.75,72.16 10 1
github.com/moedahpos/backend/internal/handler/transaction_handler.go:72.16,76.3 3 0
github.com/moedahpos/backend/internal/handler/transaction_handler.go:77.2,77.63 1 1
github.com/moedahpos/backend/internal/handler/transaction_handler.go:81.74,84.16 3 1
github.com/moedahpos/backend/internal/handler/transaction_handler.go:84.16,85.53 1 0
github.com/moedahpos/backend/internal/handler/transaction_handler.go:85.53,88.4 2 0
github.com/moedahpos/backend/internal/handler/transaction_handler.go:89.3,90.9 2 0
github.com/moedahpos/backend/internal/handler/transaction_handler.go:92.2,92.29 1 1
github.com/moedahpos/backend/internal/handler/transaction_handler.go:96.75,98.84 2 1
github.com/moedahpos/backend/internal/handler/transaction_handler.go:98.84,99.10 1 0
github.com/moedahpos/backend/internal/handler/transaction_handler.go:100.55,101.39 1 0
github.com/moedahpos/backend/internal/handler/transaction_handler.go:102.60,103.75 1 0
github.com/moedahpos/backend/internal/handler/transaction_handler.go:104.11,106.29 2 0
github.com/moedahpos/backend/internal/handler/transaction_handler.go:108.3,108.9 1 0
github.com/moedahpos/backend/internal/handler/transaction_handler.go:110.2,112.4 1 1
github.com/moedahpos/backend/internal/handler/transaction_handler.go:118.82,121.61 3 1
github.com/moedahpos/backend/internal/handler/transaction_handler.go:121.61,124.3 2 0
github.com/moedahpos/backend/internal/handler/transaction_handler.go:125.2,125.58 1 1
github.com/moedahpos/backend/internal/handler/transaction_handler.go:125.58,128.3 2 0
github.com/moedahpos/backend/internal/handler/transaction_handler.go:129.2,130.16 2 1
github.com/moedahpos/backend/internal/handler/transaction_handler.go:130.16,134.3 3 0
github.com/moedahpos/backend/internal/handler/transaction_handler.go:135.2,135.29 1 1
github.com/moedahpos/backend/internal/handler/transaction_handler.go:139.86,142.19 3 1
github.com/moedahpos/backend/internal/handler/transaction_handler.go:142.19,145.3 2 0
github.com/moedahpos/backend/internal/handler/transaction_handler.go:146.2,147.16 2 1
github.com/moedahpos/backend/internal/handler/transaction_handler.go:147.16,151.3 3 0
github.com/moedahpos/backend/internal/handler/transaction_handler.go:152.2,152.19 1 1
github.com/moedahpos/backend/internal/handler/transaction_handler.go:152.19,155.3 2 0
github.com/moedahpos/backend/internal/handler/transaction_handler.go:156.2,156.29 1 1
github.com/moedahpos/backend/internal/handler/transaction_handler.go:160.82,164.61 4 1
github.com/moedahpos/backend/internal/handler/transaction_handler.go:164.61,167.3 2 0
github.com/moedahpos/backend/internal/handler/transaction_handler.go:168.2,168.58 1 1
github.com/moedahpos/backend/internal/handler/transaction_handler.go:168.58,171.3 2 0
github.com/moedahpos/backend/internal/handler/transaction_handler.go:172.2,173.16 2 1
github.com/moedahpos/backend/internal/handler/transaction_handler.go:173.16,174.10 1 0
github.com/moedahpos/backend/internal/handler/transaction_handler.go:175.49,176.39 1 0
github.com/moedahpos/backend/internal/handler/transaction_handler.go:177.11,179.29 2 0
github.com/moedahpos/backend/internal/handler/transaction_handler.go:181.3,181.9 1 0
github.com/moedahpos/backend/internal/handler/transaction_handler.go:183.2,183.29 1 1
github.com/moedahpos/backend/internal/handler/transaction_handler.go:187.79,191.61 4 1
github.com/moedahpos/backend/internal/handler/transaction_handler.go:191.61,194.3 2 1
github.com/moedahpos/backend/internal/handler/transaction_handler.go:195.2,195.58 1 1
github.com/moedahpos/backend/internal/handler/transaction_handler.go:195.58,198.3 2 0
github.com/moedahpos/backend/internal/handler/transaction_handler.go:199.2,200.16 2 1
github.com/moedahpos/backend/internal/handler/transaction_handler.go:200.16,201.10 1 1
github.com/moedahpos/backend/internal/handler/transaction_handler.go:202.49,203.39 1 1
github.com/moedahpos/backend/internal/handler/transaction_handler.go:204.54,205.94 1 0
github.com/moedahpos/backend/internal/handler/transaction_handler.go:206.11,208.29 2 0
github.com/moedahpos/backend/internal/handler/transaction_handler.go:210.3,210.9 1 1
github.com/moedahpos/backend/internal/handler/transaction_handler.go:212.2,212.29 1 1
github.com/moedahpos/backend/internal/handler/transaction_handler.go:218.84,221.16 3 1
github.com/moedahpos/backend/internal/handler/transaction_handler.go:221.16,225.3 3 0
github.com/moedahpos/backend/internal/handler/transaction_handler.go:226.2,226.29 1 1
github.com/moedahpos/backend/internal/handler/transaction_handler.go:230.90,233.61 3 1
github.com/moedahpos/backend/internal/handler/transaction_handler.go:233.61,236.3 2 0
github.com/moedahpos/backend/internal/handler/transaction_handler.go:237.2,237.58 1 1
github.com/moedahpos/backend/internal/handler/transaction_handler.go:237.58,240.3 2 1
github.com/moedahpos/backend/internal/handler/transaction_handler.go:241.2,242.16 2 1
github.com/moedahpos/backend/internal/handler/transaction_handler.go:242.16,246.3 3 0
github.com/moedahpos/backend/internal/handler/transaction_handler.go:247.2,247.62 1 1
github.com/moedahpos/backend/internal/handler/user_admin_handler.go:26.127,28.2 1 1
github.com/moedahpos/backend/internal/handler/user_admin_handler.go:31.73,36.14 5 1
github.com/moedahpos/backend/internal/handler/user_admin_handler.go:36.14,38.3 1 0
github.com/moedahpos/backend/internal/handler/user_admin_handler.go:39.2,39.17 1 1
github.com/moedahpos/backend/internal/handler/user_admin_handler.go:39.17,41.3 1 1
github.com/moedahpos/backend/internal/handler/user_admin_handler.go:43.2,44.16 2 1
github.com/moedahpos/backend/internal/handler/user_admin_handler.go:44.16,48.3 3 0
github.com/moedahpos/backend/internal/handler/user_admin_handler.go:50.2,51.78 2 1
github.com/moedahpos/backend/internal/handler/user_admin_handler.go:55.72,58.16 3 1
github.com/moedahpos/backend/internal/handler/user_admin_handler.go:58.16,59.51 1 1
github.com/moedahpos/backend/internal/handler/user_admin_handler.go:59.51,62.4 2 1
github.com/moedahpos/backend/internal/handler/user_admin_handler.go:63.3,64.9 2 0
github.com/moedahpos/backend/internal/handler/user_admin_handler.go:66.2,66.36 1 1
github.com/moedahpos/backend/internal/handler/user_admin_handler.go:70.75,72.61 2 1
github.com/moedahpos/backend/internal/handler/user_admin_handler.go:72.61,75.3 2 0
github.com/moedahpos/backend/internal/handler/user_admin_handler.go:76.2,76.60 1 1
github.com/moedahpos/backend/internal/handler/user_admin_handler.go:76.60,79.3 2 1
github.com/moedahpos/backend/internal/handler/user_admin_handler.go:81.2,82.16 2 1
github.com/moedahpos/backend/internal/handler/user_admin_handler.go:82.16,83.52 1 0
github.com/moedahpos/backend/internal/handler/user_admin_handler.go:83.52,86.4 2 0
github.com/moedahpos/backend/internal/handler/user_admin_handler.go:87.3,88.9 2 0
github.com/moedahpos/backend/internal/handler/user_admin_handler.go:90.2,90.41 1 1
github.com/moedahpos/backend/internal/handler/user_admin_handler.go:94.75,97.61 3 1
github.com/moedahpos/backend/internal/handler/user_admin_handler.go:97.61,100.3 2 0
github.com/moedahpos/backend/internal/handler/user_admin_handler.go:101.2,101.60 1 1
github.com/moedahpos/backend/internal/handler/user_admin_handler.go:101.60,104.3 2 1
github.com/moedahpos/backend/internal/handler/user_admin_handler.go:106.2,107.16 2 1
github.com/moedahpos/backend/internal/handler/user_admin_handler.go:107.16,108.10 1 1
github.com/moedahpos/backend/internal/handler/user_admin_handler.go:109.53,110.60 1 1
github.com/moedahpos/backend/internal/handler/user_admin_handler.go:111.54,112.66 1 1
github.com/moedahpos/backend/internal/handler/user_admin_handler.go:113.11,114.78 1 0
github.com/moedahpos/backend/internal/handler/user_admin_handler.go:116.3,116.9 1 1
github.com/moedahpos/backend/internal/handler/user_admin_handler.go:118.2,118.36 1 1
github.com/moedahpos/backend/internal/handler/user_admin_handler.go:122.79,124.62 2 1
github.com/moedahpos/backend/internal/handler/user_admin_handler.go:124.62,125.51 1 1
github.com/moedahpos/backend/internal/handler/user_admin_handler.go:125.51,128.4 2 1
github.com/moedahpos/backend/internal/handler/user_admin_handler.go:129.3,130.9 2 1
github.com/moedahpos/backend/internal/handler/user_admin_handler.go:132.2,132.97 1 1
github.com/moedahpos/backend/internal/handler/user_admin_handler.go:136.82,139.61 3 1
github.com/moedahpos/backend/internal/handler/user_admin_handler.go:139.61,142.3 2 0
github.com/moedahpos/backend/internal/handler/user_admin_handler.go:143.2,143.60 1 1
github.com/moedahpos/backend/internal/handler/user_admin_handler.go:143.60,146.3 2 1
github.com/moedahpos/backend/internal/handler/user_admin_handler.go:147.2,147.67 1 1
github.com/moedahpos/backend/internal/handler/user_admin_handler.go:147.67,148.51 1 1
github.com/moedahpos/backend/internal/handler/user_admin_handler.go:148.51,151.4 2 1
github.com/moedahpos/backend/internal/handler/user_admin_handler.go:152.3,153.9 2 0
github.com/moedahpos/backend/internal/handler/user_admin_handler.go:155.2,155.97 1 1
github.com/moedahpos/backend/internal/handler/user_admin_handler.go:159.78,162.61 3 1
github.com/moedahpos/backend/internal/handler/user_admin_handler.go:162.61,165.3 2 0
github.com/moedahpos/backend/internal/handler/user_admin_handler.go:167.2,168.16 2 1
github.com/moedahpos/backend/internal/handler/user_admin_handler.go:168.16,169.51 1 0
github.com/moedahpos/backend/internal/handler/user_admin_handler.go:169.51,172.4 2 0
github.com/moedahpos/backend/internal/handler/user_admin_handler.go:173.3,174.9 2 0
github.com/moedahpos/backend/internal/handler/user_admin_handler.go:176.2,176.36 1 1
github.com/moedahpos/backend/internal/handler/user_admin_handler.go:180.78,182.16 2 1
github.com/moedahpos/backend/internal/handler/user_admin_handler.go:182.16,185.3 2 0
github.com/moedahpos/backend/internal/handler/user_admin_handler.go:186.2,187.27 2 1
github.com/moedahpos/backend/internal/handler/user_admin_handler.go:187.27,194.3 1 1
github.com/moedahpos/backend/internal/handler/user_admin_handler.go:195.2,195.63 1 1
github.com/moedahpos/backend/internal/service/activity_log_service.go:21.107,23.2 1 1
github.com/moedahpos/backend/internal/service/activity_log_service.go:25.179,27.16 2 1
github.com/moedahpos/backend/internal/service/activity_log_service.go:27.16,30.3 2 0
github.com/moedahpos/backend/internal/service/activity_log_service.go:32.2,33.19 2 1
github.com/moedahpos/backend/internal/service/activity_log_service.go:33.19,35.3 1 1
github.com/moedahpos/backend/internal/service/activity_log_service.go:37.2,38.17 2 1
github.com/moedahpos/backend/internal/service/activity_log_service.go:38.17,40.3 1 1
github.com/moedahpos/backend/internal/service/activity_log_service.go:42.2,51.53 2 1
github.com/moedahpos/backend/internal/service/activity_log_service.go:51.53,53.3 1 0
github.com/moedahpos/backend/internal/service/activity_log_service.go:56.168,59.16 3 1
github.com/moedahpos/backend/internal/service/activity_log_service.go:59.16,61.3 1 0
github.com/moedahpos/backend/internal/service/activity_log_service.go:63.2,64.25 2 1
github.com/moedahpos/backend/internal/service/activity_log_service.go:64.25,79.3 3 1
github.com/moedahpos/backend/internal/service/activity_log_service.go:81.2,81.62 1 1
github.com/moedahpos/backend/internal/service/auth_service.go:44.16,53.2 1 1
github.com/moedahpos/backend/internal/service/auth_service.go:56.110,59.16 2 1
github.com/moedahpos/backend/internal/service/auth_service.go:59.16,61.3 1 1
github.com/moedahpos/backend/internal/service/auth_service.go:62.2,62.11 1 1
github.com/moedahpos/backend/internal/service/auth_service.go:62.11,64.3 1 1
github.com/moedahpos/backend/internal/service/auth_service.go:67.2,68.16 2 1
github.com/moedahpos/backend/internal/service/auth_service.go:68.16,70.3 1 0
github.com/moedahpos/backend/internal/service/auth_service.go:73.2,78.16 2 1
github.com/moedahpos/backend/internal/service/auth_service.go:78.16,80.3 1 1
github.com/moedahpos/backend/internal/service/auth_service.go:82.2,89.8 2 1
github.com/moedahpos/backend/internal/service/auth_service.go:93.101,95.16 2 1
github.com/moedahpos/backend/internal/service/auth_service.go:95.16,97.3 1 0
github.com/moedahpos/backend/internal/service/auth_service.go:98.2,98.17 1 1
github.com/moedahpos/backend/internal/service/auth_service.go:98.17,100.3 1 1
github.com/moedahpos/backend/internal/service/auth_service.go:101.2,101.20 1 1
github.com/moedahpos/backend/internal/service/auth_service.go:101.20,103.3 1 1
github.com/moedahpos/backend/internal/service/auth_service.go:106.2,106.76 1 1
github.com/moedahpos/backend/internal/service/auth_service.go:106.76,108.3 1 1
github.com/moedahpos/backend/internal/service/auth_service.go:111.2,112.16 2 1
github.com/moedahpos/backend/internal/service/auth_service.go:112.16,114.3 1 0
github.com/moedahpos/backend/internal/service/auth_service.go:116.2,117.16 2 1
github.com/moedahpos/backend/internal/service/auth_service.go:117.16,119.3 1 0
github.com/moedahpos/backend/internal/service/auth_service.go:122.2,126.17 1 1
github.com/moedahpos/backend/internal/service/auth_service.go:126.17,128.3 1 0
github.com/moedahpos/backend/internal/service/auth_service.go:130.2,146.8 3 1
github.com/moedahpos/backend/internal/service/auth_service.go:150.107,154.16 3 1
github.com/moedahpos/backend/internal/service/auth_service.go:154.16,156.3 1 0
github.com/moedahpos/backend/internal/service/auth_service.go:157.2,157.19 1 1
github.com/moedahpos/backend/internal/service/auth_service.go:157.19,159.3 1 1
github.com/moedahpos/backend/internal/service/auth_service.go:162.2,163.16 2 1
github.com/moedahpos/backend/internal/service/auth_service.go:163.16,165.3 1 0
github.com/moedahpos/backend/internal/service/auth_service.go:166.2,166.35 1 1
github.com/moedahpos/backend/internal/service/auth_service.go:166.35,168.3 1 0
github.com/moedahpos/backend/internal/service/auth_service.go:171.2,171.63 1 1
github.com/moedahpos/backend/internal/service/auth_service.go:171.63,173.3 1 0
github.com/moedahpos/backend/internal/service/auth_service.go:176.2,177.16 2 1
github.com/moedahpos/backend/internal/service/auth_service.go:177.16,179.3 1 0
github.com/moedahpos/backend/internal/service/auth_service.go:181.2,184.8 1 1
github.com/moedahpos/backend/internal/service/auth_service.go:188.72,189.67 1 1
github.com/moedahpos/backend/internal/service/auth_service.go:189.67,191.3 1 0
github.com/moedahpos/backend/internal/service/auth_service.go:192.2,196.12 3 1
github.com/moedahpos/backend/internal/service/auth_service.go:200.87,202.16 2 1
github.com/moedahpos/backend/internal/service/auth_service.go:202.16,204.3 1 0
github.com/moedahpos/backend/internal/service/auth_service.go:205.2,205.17 1 1
github.com/moedahpos/backend/internal/service/auth_service.go:205.17,207.3 1 1
github.com/moedahpos/backend/internal/service/auth_service.go:209.2,210.16 2 1
github.com/moedahpos/backend/internal/service/auth_service.go:210.16,212.3 1 0
github.com/moedahpos/backend/internal/service/auth_service.go:214.2,215.28 2 1
github.com/moedahpos/backend/internal/service/auth_service.go:215.28,224.3 1 1
github.com/moedahpos/backend/internal/service/auth_service.go:226.2,231.8 1 1
github.com/moedahpos/backend/internal/service/batch_stock_service.go:27.104,29.2 1 1
github.com/moedahpos/backend/internal/service/batch_stock_service.go:36.124,37.29 1 1
github.com/moedahpos/backend/internal/service/batch_stock_service.go:37.29,46.61 2 1
github.com/moedahpos/backend/internal/service/batch_stock_service.go:46.61,48.4 1 0
github.com/moedahpos/backend/internal/service/batch_stock_service.go:50.2,55.12 2 1
github.com/moedahpos/backend/internal/service/batch_stock_service.go:66.112,67.77 1 1
github.com/moedahpos/backend/internal/service/batch_stock_service.go:67.77,69.3 1 0
github.com/moedahpos/backend/internal/service/batch_stock_service.go:70.2,75.12 2 1
github.com/moedahpos/backend/internal/service/batch_stock_service.go:82.119,84.2 1 1
github.com/moedahpos/backend/internal/service/batch_stock_service.go:88.127,90.2 1 1
github.com/moedahpos/backend/internal/service/batch_stock_service.go:94.121,96.2 1 1
github.com/moedahpos/backend/internal/service/customer_service.go:24.98,26.2 1 1
github.com/moedahpos/backend/internal/service/customer_service.go:28.132,31.16 3 1
github.com/moedahpos/backend/internal/service/customer_service.go:31.16,33.3 1 0
github.com/moedahpos/backend/internal/service/customer_service.go:34.2,35.25 2 1
github.com/moedahpos/backend/internal/service/customer_service.go:35.25,37.3 1 1
github.com/moedahpos/backend/internal/service/customer_service.go:38.2,38.57 1 1
github.com/moedahpos/backend/internal/service/customer_service.go:41.94,43.16 2 0
github.com/moedahpos/backend/internal/service/customer_service.go:43.16,45.3 1 0
github.com/moedahpos/backend/internal/service/customer_service.go:46.2,46.14 1 0
github.com/moedahpos/backend/internal/service/customer_service.go:46.14,48.3 1 0
github.com/moedahpos/backend/internal/service/customer_service.go:49.2,49.35 1 0
github.com/moedahpos/backend/internal/service/customer_service.go:52.133,57.21 2 1
github.com/moedahpos/backend/internal/service/customer_service.go:57.21,59.3 1 0
github.com/moedahpos/backend/internal/service/customer_service.go:60.2,60.21 1 1
github.com/moedahpos/backend/internal/service/customer_service.go:60.21,62.3 1 0
github.com/moedahpos/backend/internal/service/customer_service.go:63.2,63.23 1 1
github.com/moedahpos/backend/internal/service/customer_service.go:63.23,65.3 1 0
github.com/moedahpos/backend/internal/service/customer_service.go:66.2,66.21 1 1
github.com/moedahpos/backend/internal/service/customer_service.go:66.21,68.3 1 0
github.com/moedahpos/backend/internal/service/customer_service.go:70.2,71.16 2 1
github.com/moedahpos/backend/internal/service/customer_service.go:71.16,73.3 1 0
github.com/moedahpos/backend/internal/service/customer_service.go:74.2,75.37 2 1
github.com/moedahpos/backend/internal/service/customer_service.go:78.128,80.16 2 1
github.com/moedahpos/backend/internal/service/customer_service.go:80.16,82.3 1 0
github.com/moedahpos/backend/internal/service/customer_service.go:83.2,83.21 1 1
github.com/moedahpos/backend/internal/service/customer_service.go:83.21,85.3 1 1
github.com/moedahpos/backend/internal/service/customer_service.go:86.2,87.21 2 1
github.com/moedahpos/backend/internal/service/customer_service.go:87.21,89.3 1 0
github.com/moedahpos/backend/internal/service/customer_service.go:89.8,91.3 1 1
github.com/moedahpos/backend/internal/service/customer_service.go:92.2,92.21 1 1
github.com/moedahpos/backend/internal/service/customer_service.go:92.21,94.3 1 0
github.com/moedahpos/backend/internal/service/customer_service.go:94.8,96.3 1 1
github.com/moedahpos/backend/internal/service/customer_service.go:97.2,97.23 1 1
github.com/moedahpos/backend/internal/service/customer_service.go:97.23,99.3 1 0
github.com/moedahpos/backend/internal/service/customer_service.go:99.8,101.3 1 1
github.com/moedahpos/backend/internal/service/customer_service.go:102.2,102.21 1 1
github.com/moedahpos/backend/internal/service/customer_service.go:102.21,104.3 1 0
github.com/moedahpos/backend/internal/service/customer_service.go:104.8,106.3 1 1
github.com/moedahpos/backend/internal/service/customer_service.go:108.2,109.16 2 1
github.com/moedahpos/backend/internal/service/customer_service.go:109.16,111.3 1 0
github.com/moedahpos/backend/internal/service/customer_service.go:112.2,112.16 1 1
github.com/moedahpos/backend/internal/service/customer_service.go:112.16,114.3 1 0
github.com/moedahpos/backend/internal/service/customer_service.go:115.2,115.37 1 1
github.com/moedahpos/backend/internal/service/customer_service.go:118.72,119.51 1 1
github.com/moedahpos/backend/internal/service/customer_service.go:119.51,120.42 1 1
github.com/moedahpos/backend/internal/service/customer_service.go:120.42,122.4 1 1
github.com/moedahpos/backend/internal/service/customer_service.go:123.3,123.50 1 0
github.com/moedahpos/backend/internal/service/customer_service.go:125.2,125.12 1 1
github.com/moedahpos/backend/internal/service/customer_service.go:129.114,132.16 3 0
github.com/moedahpos/backend/internal/service/customer_service.go:132.16,134.3 1 0
github.com/moedahpos/backend/internal/service/customer_service.go:135.2,136.25 2 0
github.com/moedahpos/backend/internal/service/customer_service.go:136.25,138.3 1 0
github.com/moedahpos/backend/internal/service/customer_service.go:139.2,139.18 1 0
github.com/moedahpos/backend/internal/service/customer_service.go:142.67,156.84 2 1
github.com/moedahpos/backend/internal/service/customer_service.go:156.84,163.3 2 0
github.com/moedahpos/backend/internal/service/customer_service.go:165.2,165.12 1 1
github.com/moedahpos/backend/internal/service/expense_service.go:21.143,23.2 1 1
github.com/moedahpos/backend/internal/service/expense_service.go:27.122,29.16 2 1
github.com/moedahpos/backend/internal/service/expense_service.go:29.16,31.3 1 0
github.com/moedahpos/backend/internal/service/expense_service.go:33.2,34.25 2 1
github.com/moedahpos/backend/internal/service/expense_service.go:34.25,43.3 1 1
github.com/moedahpos/backend/internal/service/expense_service.go:44.2,44.18 1 1
github.com/moedahpos/backend/internal/service/expense_service.go:47.139,52.16 2 1
github.com/moedahpos/backend/internal/service/expense_service.go:52.16,54.3 1 0
github.com/moedahpos/backend/internal/service/expense_service.go:55.2,62.8 1 1
github.com/moedahpos/backend/internal/service/expense_service.go:65.150,67.16 2 1
github.com/moedahpos/backend/internal/service/expense_service.go:67.16,69.3 1 0
github.com/moedahpos/backend/internal/service/expense_service.go:70.2,70.14 1 1
github.com/moedahpos/backend/internal/service/expense_service.go:70.14,72.3 1 0
github.com/moedahpos/backend/internal/service/expense_service.go:73.2,80.8 1 1
github.com/moedahpos/backend/internal/service/expense_service.go:83.83,85.2 1 1
github.com/moedahpos/backend/internal/service/expense_service.go:89.146,91.16 2 1
github.com/moedahpos/backend/internal/service/expense_service.go:91.16,93.3 1 0
github.com/moedahpos/backend/internal/service/expense_service.go:95.2,104.16 2 1
github.com/moedahpos/backend/internal/service/expense_service.go:104.16,106.3 1 0
github.com/moedahpos/backend/internal/service/expense_service.go:108.2,109.26 2 1
github.com/moedahpos/backend/internal/service/expense_service.go:109.26,111.3 1 0
github.com/moedahpos/backend/internal/service/expense_service.go:112.2,113.18 2 1
github.com/moedahpos/backend/internal/service/expense_service.go:113.18,115.3 1 1
github.com/moedahpos/backend/internal/service/expense_service.go:117.2,122.36 2 1
github.com/moedahpos/backend/internal/service/expense_service.go:125.142,128.16 3 1
github.com/moedahpos/backend/internal/service/expense_service.go:128.16,130.3 1 0
github.com/moedahpos/backend/internal/service/expense_service.go:132.2,133.29 2 1
github.com/moedahpos/backend/internal/service/expense_service.go:133.29,135.3 1 1
github.com/moedahpos/backend/internal/service/expense_service.go:136.2,136.62 1 1
github.com/moedahpos/backend/internal/service/expense_service.go:139.142,141.16 2 1
github.com/moedahpos/backend/internal/service/expense_service.go:141.16,143.3 1 0
github.com/moedahpos/backend/internal/service/expense_service.go:145.2,153.16 2 1
github.com/moedahpos/backend/internal/service/expense_service.go:153.16,155.3 1 0
github.com/moedahpos/backend/internal/service/expense_service.go:156.2,156.14 1 1
github.com/moedahpos/backend/internal/service/expense_service.go:156.14,158.3 1 0
github.com/moedahpos/backend/internal/service/expense_service.go:160.2,165.36 2 1
github.com/moedahpos/backend/internal/service/expense_service.go:168.87,171.63 2 0
github.com/moedahpos/backend/internal/service/expense_service.go:171.63,173.3 1 0
github.com/moedahpos/backend/internal/service/expense_service.go:175.2,175.31 1 0
github.com/moedahpos/backend/internal/service/expense_service.go:175.31,180.3 1 0
github.com/moedahpos/backend/internal/service/expense_service.go:181.2,181.12 1 0
github.com/moedahpos/backend/internal/service/expense_service.go:184.84,198.2 1 1
github.com/moedahpos/backend/internal/service/expense_service.go:200.154,202.16 2 0
github.com/moedahpos/backend/internal/service/expense_service.go:202.16,204.3 1 0
github.com/moedahpos/backend/internal/service/expense_service.go:205.2,205.14 1 0
github.com/moedahpos/backend/internal/service/expense_service.go:205.14,207.3 1 0
github.com/moedahpos/backend/internal/service/expense_service.go:208.2,208.36 1 0
github.com/moedahpos/backend/internal/service/expense_service.go:213.173,215.16 2 1
github.com/moedahpos/backend/internal/service/expense_service.go:215.16,217.3 1 0
github.com/moedahpos/backend/internal/service/expense_service.go:218.2,219.46 2 1
github.com/moedahpos/backend/internal/service/expense_service.go:219.46,221.17 2 0
github.com/moedahpos/backend/internal/service/expense_service.go:221.17,223.4 1 0
github.com/moedahpos/backend/internal/service/expense_service.go:224.3,224.16 1 0
github.com/moedahpos/backend/internal/service/expense_service.go:227.2,241.16 2 1
github.com/moedahpos/backend/internal/service/expense_service.go:241.16,243.3 1 0
github.com/moedahpos/backend/internal/service/expense_service.go:244.2,244.46 1 1
github.com/moedahpos/backend/internal/service/expense_service.go:247.160,250.16 3 1
github.com/moedahpos/backend/internal/service/expense_service.go:250.16,252.3 1 0
github.com/moedahpos/backend/internal/service/expense_service.go:254.2,255.29 2 1
github.com/moedahpos/backend/internal/service/expense_service.go:255.29,257.3 1 1
github.com/moedahpos/backend/internal/service/expense_service.go:258.2,258.62 1 1
github.com/moedahpos/backend/internal/service/expense_service.go:261.169,263.16 2 0
github.com/moedahpos/backend/internal/service/expense_service.go:263.16,265.3 1 0
github.com/moedahpos/backend/internal/service/expense_service.go:266.2,267.46 2 0
github.com/moedahpos/backend/internal/service/expense_service.go:267.46,269.17 2 0
github.com/moedahpos/backend/internal/service/expense_service.go:269.17,271.4 1 0
github.com/moedahpos/backend/internal/service/expense_service.go:272.3,272.16 1 0
github.com/moedahpos/backend/internal/service/expense_service.go:275.2,288.16 2 0
github.com/moedahpos/backend/internal/service/expense_service.go:288.16,290.3 1 0
github.com/moedahpos/backend/internal/service/expense_service.go:291.2,291.15 1 0
github.com/moedahpos/backend/internal/service/expense_service.go:291.15,293.3 1 0
github.com/moedahpos/backend/internal/service/expense_service.go:294.2,294.46 1 0
github.com/moedahpos/backend/internal/service/expense_service.go:297.96,298.72 1 0
github.com/moedahpos/backend/internal/service/expense_service.go:298.72,300.3 1 0
github.com/moedahpos/backend/internal/service/expense_service.go:301.2,301.12 1 0
github.com/moedahpos/backend/internal/service/expense_service.go:304.81,306.16 2 1
github.com/moedahpos/backend/internal/service/expense_service.go:306.16,308.3 1 0
github.com/moedahpos/backend/internal/service/expense_service.go:310.2,310.25 1 1
github.com/moedahpos/backend/internal/service/expense_service.go:310.25,322.17 3 1
github.com/moedahpos/backend/internal/service/expense_service.go:322.17,324.12 2 0
github.com/moedahpos/backend/internal/service/expense_service.go:328.3,329.22 2 1
github.com/moedahpos/backend/internal/service/expense_service.go:330.16,331.60 1 0
github.com/moedahpos/backend/internal/service/expense_service.go:332.17,333.62 1 0
github.com/moedahpos/backend/internal/service/expense_service.go:334.18,335.60 1 1
github.com/moedahpos/backend/internal/service/expense_service.go:336.17,337.60 1 0
github.com/moedahpos/backend/internal/service/expense_service.go:340.3,340.102 1 1
github.com/moedahpos/backend/internal/service/expense_service.go:340.102,342.4 1 0
github.com/moedahpos/backend/internal/service/expense_service.go:342.9,344.4 1 1
github.com/moedahpos/backend/internal/service/expense_service.go:346.2,346.12 1 1
github.com/moedahpos/backend/internal/service/expense_service.go:349.111,351.22 2 1
github.com/moedahpos/backend/internal/service/expense_service.go:351.22,354.3 2 0
github.com/moedahpos/backend/internal/service/expense_service.go:355.2,355.30 1 1
github.com/moedahpos/backend/internal/service/expense_service.go:355.30,358.3 2 0
github.com/moedahpos/backend/internal/service/expense_service.go:360.2,378.3 1 1
github.com/moedahpos/backend/internal/service/income_service.go:40.133,42.2 1 1
github.com/moedahpos/backend/internal/service/income_service.go:46.121,48.16 2 1
github.com/moedahpos/backend/internal/service/income_service.go:48.16,50.3 1 0
github.com/moedahpos/backend/internal/service/income_service.go:51.2,52.25 2 1
github.com/moedahpos/backend/internal/service/income_service.go:52.25,54.3 1 1
github.com/moedahpos/backend/internal/service/income_service.go:55.2,55.18 1 1
github.com/moedahpos/backend/internal/service/income_service.go:58.136,64.16 3 1
github.com/moedahpos/backend/internal/service/income_service.go:64.16,66.3 1 0
github.com/moedahpos/backend/internal/service/income_service.go:67.2,67.43 1 1
github.com/moedahpos/backend/internal/service/income_service.go:70.147,72.16 2 1
github.com/moedahpos/backend/internal/service/income_service.go:72.16,74.3 1 0
github.com/moedahpos/backend/internal/service/income_service.go:75.2,75.16 1 1
github.com/moedahpos/backend/internal/service/income_service.go:75.16,77.3 1 0
github.com/moedahpos/backend/internal/service/income_service.go:78.2,78.43 1 1
github.com/moedahpos/backend/internal/service/income_service.go:81.82,83.2 1 1
github.com/moedahpos/backend/internal/service/income_service.go:87.142,89.16 2 1
github.com/moedahpos/backend/internal/service/income_service.go:89.16,91.3 1 0
github.com/moedahpos/backend/internal/service/income_service.go:93.2,94.25 2 1
github.com/moedahpos/backend/internal/service/income_service.go:94.25,97.3 2 0
github.com/moedahpos/backend/internal/service/income_service.go:98.2,98.21 1 1
github.com/moedahpos/backend/internal/service/income_service.go:98.21,101.3 2 0
github.com/moedahpos/backend/internal/service/income_service.go:102.2,103.18 2 1
github.com/moedahpos/backend/internal/service/income_service.go:103.18,105.3 1 1
github.com/moedahpos/backend/internal/service/income_service.go:107.2,117.16 2 1
github.com/moedahpos/backend/internal/service/income_service.go:117.16,119.3 1 0
github.com/moedahpos/backend/internal/service/income_service.go:121.2,122.28 2 1
github.com/moedahpos/backend/internal/service/income_service.go:122.28,124.3 1 0
github.com/moedahpos/backend/internal/service/income_service.go:127.2,128.18 2 1
github.com/moedahpos/backend/internal/service/income_service.go:128.18,130.3 1 1
github.com/moedahpos/backend/internal/service/income_service.go:132.2,139.35 3 1
github.com/moedahpos/backend/internal/service/income_service.go:142.133,145.16 3 1
github.com/moedahpos/backend/internal/service/income_service.go:145.16,147.3 1 0
github.com/moedahpos/backend/internal/service/income_service.go:148.2,149.25 2 1
github.com/moedahpos/backend/internal/service/income_service.go:149.25,151.3 1 1
github.com/moedahpos/backend/internal/service/income_service.go:152.2,152.57 1 1
github.com/moedahpos/backend/internal/service/income_service.go:155.138,157.16 2 1
github.com/moedahpos/backend/internal/service/income_service.go:157.16,159.3 1 0
github.com/moedahpos/backend/internal/service/income_service.go:161.2,162.25 2 1
github.com/moedahpos/backend/internal/service/income_service.go:162.25,165.3 2 0
github.com/moedahpos/backend/internal/service/income_service.go:166.2,166.21 1 1
github.com/moedahpos/backend/internal/service/income_service.go:166.21,169.3 2 0
github.com/moedahpos/backend/internal/service/income_service.go:171.2,181.16 2 1
github.com/moedahpos/backend/internal/service/income_service.go:181.16,183.3 1 0
github.com/moedahpos/backend/internal/service/income_service.go:184.2,184.20 1 1
github.com/moedahpos/backend/internal/service/income_service.go:184.20,186.3 1 0
github.com/moedahpos/backend/internal/service/income_service.go:191.2,197.39 2 1
github.com/moedahpos/backend/internal/service/income_service.go:200.85,203.56 2 1
github.com/moedahpos/backend/internal/service/income_service.go:203.56,204.40 1 0
github.com/moedahpos/backend/internal/service/income_service.go:204.40,206.4 1 0
github.com/moedahpos/backend/internal/service/income_service.go:207.3,207.48 1 0
github.com/moedahpos/backend/internal/service/income_service.go:210.2,210.33 1 1
github.com/moedahpos/backend/internal/service/income_service.go:210.33,215.3 1 1
github.com/moedahpos/backend/internal/service/income_service.go:217.2,217.12 1 1
github.com/moedahpos/backend/internal/service/income_service.go:222.85,231.2 1 1
github.com/moedahpos/backend/internal/service/income_service.go:233.63,249.2 1 1
github.com/moedahpos/backend/internal/service/loyalty_service.go:45.19,52.2 1 1
github.com/moedahpos/backend/internal/service/loyalty_service.go:61.74,62.59 1 1
github.com/moedahpos/backend/internal/service/loyalty_service.go:62.59,64.3 1 1
github.com/moedahpos/backend/internal/service/loyalty_service.go:65.2,66.26 2 1
github.com/moedahpos/backend/internal/service/loyalty_service.go:72.96,74.16 2 1
github.com/moedahpos/backend/internal/service/loyalty_service.go:74.16,76.3 1 1
github.com/moedahpos/backend/internal/service/loyalty_service.go:77.2,78.26 2 1
github.com/moedahpos/backend/internal/service/loyalty_service.go:78.26,80.3 1 1
github.com/moedahpos/backend/internal/service/loyalty_service.go:81.2,81.17 1 1
github.com/moedahpos/backend/internal/service/loyalty_service.go:85.114,87.16 2 1
github.com/moedahpos/backend/internal/service/loyalty_service.go:87.16,89.3 1 1
github.com/moedahpos/backend/internal/service/loyalty_service.go:91.2,92.16 2 1
github.com/moedahpos/backend/internal/service/loyalty_service.go:92.16,94.3 1 1
github.com/moedahpos/backend/internal/service/loyalty_service.go:96.2,100.17 2 1
github.com/moedahpos/backend/internal/service/loyalty_service.go:100.17,102.3 1 1
github.com/moedahpos/backend/internal/service/loyalty_service.go:103.2,103.18 1 1
github.com/moedahpos/backend/internal/service/loyalty_service.go:108.160,111.41 2 1
github.com/moedahpos/backend/internal/service/loyalty_service.go:111.41,113.69 2 0
github.com/moedahpos/backend/internal/service/loyalty_service.go:113.69,115.4 1 0
github.com/moedahpos/backend/internal/service/loyalty_service.go:119.2,120.16 2 1
github.com/moedahpos/backend/internal/service/loyalty_service.go:120.16,122.3 1 1
github.com/moedahpos/backend/internal/service/loyalty_service.go:123.2,124.17 2 1
github.com/moedahpos/backend/internal/service/loyalty_service.go:124.17,126.3 1 1
github.com/moedahpos/backend/internal/service/loyalty_service.go:128.2,129.17 2 1
github.com/moedahpos/backend/internal/service/loyalty_service.go:129.17,144.3 2 1
github.com/moedahpos/backend/internal/service/loyalty_service.go:146.2,147.16 2 1
github.com/moedahpos/backend/internal/service/loyalty_service.go:147.16,150.3 2 1
github.com/moedahpos/backend/internal/service/loyalty_service.go:152.2,159.37 2 1
github.com/moedahpos/backend/internal/service/loyalty_service.go:165.154,166.17 1 1
github.com/moedahpos/backend/internal/service/loyalty_service.go:166.17,168.3 1 1
github.com/moedahpos/backend/internal/service/loyalty_service.go:170.2,171.16 2 1
github.com/moedahpos/backend/internal/service/loyalty_service.go:171.16,173.3 1 1
github.com/moedahpos/backend/internal/service/loyalty_service.go:174.2,174.22 1 1
github.com/moedahpos/backend/internal/service/loyalty_service.go:174.22,176.3 1 1
github.com/moedahpos/backend/internal/service/loyalty_service.go:178.2,179.16 2 1
github.com/moedahpos/backend/internal/service/loyalty_service.go:179.16,182.3 2 1
github.com/moedahpos/backend/internal/service/loyalty_service.go:184.2,190.37 2 1
github.com/moedahpos/backend/internal/service/loyalty_service.go:194.115,196.16 2 1
github.com/moedahpos/backend/internal/service/loyalty_service.go:196.16,198.3 1 1
github.com/moedahpos/backend/internal/service/loyalty_service.go:199.2,200.28 2 1
github.com/moedahpos/backend/internal/service/loyalty_service.go:200.28,202.3 1 1
github.com/moedahpos/backend/internal/service/loyalty_service.go:203.2,203.17 1 1
github.com/moedahpos/backend/internal/service/loyalty_service.go:207.91,210.16 2 1
github.com/moedahpos/backend/internal/service/loyalty_service.go:210.16,212.3 1 1
github.com/moedahpos/backend/internal/service/loyalty_service.go:213.2,213.17 1 1
github.com/moedahpos/backend/internal/service/loyalty_service.go:213.17,215.3 1 1
github.com/moedahpos/backend/internal/service/loyalty_service.go:217.2,217.74 1 1
github.com/moedahpos/backend/internal/service/loyalty_service.go:217.74,219.3 1 1
github.com/moedahpos/backend/internal/service/loyalty_service.go:221.2,226.12 2 1
github.com/moedahpos/backend/internal/service/loyalty_service.go:231.75,237.2 1 1
github.com/moedahpos/backend/internal/service/loyalty_service.go:239.75,248.2 1 1
github.com/moedahpos/backend/internal/service/price_history_service.go:21.110,23.2 1 1
github.com/moedahpos/backend/internal/service/price_history_service.go:34.9,36.46 1 1
github.com/moedahpos/backend/internal/service/price_history_service.go:36.46,38.3 1 0
github.com/moedahpos/backend/internal/service/price_history_service.go:39.2,51.4 1 1
github.com/moedahpos/backend/internal/service/price_history_service.go:55.162,58.16 3 1
github.com/moedahpos/backend/internal/service/price_history_service.go:58.16,60.3 1 0
github.com/moedahpos/backend/internal/service/price_history_service.go:61.2,61.77 1 1
github.com/moedahpos/backend/internal/service/price_history_service.go:65.158,68.16 3 1
github.com/moedahpos/backend/internal/service/price_history_service.go:68.16,70.3 1 0
github.com/moedahpos/backend/internal/service/price_history_service.go:71.2,71.77 1 1
github.com/moedahpos/backend/internal/service/price_history_service.go:74.77,76.25 2 1
github.com/moedahpos/backend/internal/service/price_history_service.go:76.25,93.3 1 1
github.com/moedahpos/backend/internal/service/price_history_service.go:94.2,94.12 1 1
github.com/moedahpos/backend/internal/service/product_service.go:39.19,41.2 1 1
github.com/moedahpos/backend/internal/service/product_service.go:45.111,47.16 2 1
github.com/moedahpos/backend/internal/service/product_service.go:47.16,49.3 1 0
github.com/moedahpos/backend/internal/service/product_service.go:50.2,51.25 2 1
github.com/moedahpos/backend/internal/service/product_service.go:51.25,53.3 1 1
github.com/moedahpos/backend/internal/service/product_service.go:54.2,54.18 1 1
github.com/moedahpos/backend/internal/service/product_service.go:57.141,61.16 2 1
github.com/moedahpos/backend/internal/service/product_service.go:61.16,63.3 1 0
github.com/moedahpos/backend/internal/service/product_service.go:64.2,64.37 1 1
github.com/moedahpos/backend/internal/service/product_service.go:67.136,69.16 2 1
github.com/moedahpos/backend/internal/service/product_service.go:69.16,71.3 1 0
github.com/moedahpos/backend/internal/service/product_service.go:72.2,72.16 1 1
github.com/moedahpos/backend/internal/service/product_service.go:72.16,74.3 1 0
github.com/moedahpos/backend/internal/service/product_service.go:75.2,78.16 4 1
github.com/moedahpos/backend/internal/service/product_service.go:78.16,80.3 1 0
github.com/moedahpos/backend/internal/service/product_service.go:81.2,81.41 1 1
github.com/moedahpos/backend/internal/service/product_service.go:85.79,87.16 2 1
github.com/moedahpos/backend/internal/service/product_service.go:87.16,89.3 1 0
github.com/moedahpos/backend/internal/service/product_service.go:90.2,90.16 1 1
github.com/moedahpos/backend/internal/service/product_service.go:90.16,92.3 1 0
github.com/moedahpos/backend/internal/service/product_service.go:93.2,93.59 1 1
github.com/moedahpos/backend/internal/service/product_service.go:93.59,95.3 1 0
github.com/moedahpos/backend/internal/service/product_service.go:96.2,97.12 2 1
github.com/moedahpos/backend/internal/service/product_service.go:102.142,106.16 4 1
github.com/moedahpos/backend/internal/service/product_service.go:106.16,108.3 1 0
github.com/moedahpos/backend/internal/service/product_service.go:109.2,110.29 2 1
github.com/moedahpos/backend/internal/service/product_service.go:110.29,112.3 1 1
github.com/moedahpos/backend/internal/service/product_service.go:113.2,113.62 1 1
github.com/moedahpos/backend/internal/service/product_service.go:116.99,118.16 2 1
github.com/moedahpos/backend/internal/service/product_service.go:118.16,120.3 1 0
github.com/moedahpos/backend/internal/service/product_service.go:121.2,121.14 1 1
github.com/moedahpos/backend/internal/service/product_service.go:121.14,123.3 1 0
github.com/moedahpos/backend/internal/service/product_service.go:124.2,124.34 1 1
github.com/moedahpos/backend/internal/service/product_service.go:127.122,129.16 2 1
github.com/moedahpos/backend/internal/service/product_service.go:129.16,131.3 1 0
github.com/moedahpos/backend/internal/service/product_service.go:132.2,132.14 1 1
github.com/moedahpos/backend/internal/service/product_service.go:132.14,134.3 1 0
github.com/moedahpos/backend/internal/service/product_service.go:135.2,135.34 1 1
github.com/moedahpos/backend/internal/service/product_service.go:138.158,141.16 2 1
github.com/moedahpos/backend/internal/service/product_service.go:141.16,143.3 1 0
github.com/moedahpos/backend/internal/service/product_service.go:144.2,144.12 1 1
github.com/moedahpos/backend/internal/service/product_service.go:144.12,146.3 1 1
github.com/moedahpos/backend/internal/service/product_service.go:148.2,149.29 2 1
github.com/moedahpos/backend/internal/service/product_service.go:149.29,151.3 1 0
github.com/moedahpos/backend/internal/service/product_service.go:153.2,159.16 2 1
github.com/moedahpos/backend/internal/service/product_service.go:159.16,161.3 1 0
github.com/moedahpos/backend/internal/service/product_service.go:164.2,164.25 1 1
github.com/moedahpos/backend/internal/service/product_service.go:164.25,170.17 2 1
github.com/moedahpos/backend/internal/service/product_service.go:170.17,172.4 1 0
github.com/moedahpos/backend/internal/service/product_service.go:175.2,176.40 2 1
github.com/moedahpos/backend/internal/service/product_service.go:179.151,181.16 2 1
github.com/moedahpos/backend/internal/service/product_service.go:181.16,183.3 1 0
github.com/moedahpos/backend/internal/service/product_service.go:184.2,184.20 1 1
github.com/moedahpos/backend/internal/service/product_service.go:184.20,186.3 1 0
github.com/moedahpos/backend/internal/service/product_service.go:189.2,199.29 10 1
github.com/moedahpos/backend/internal/service/product_service.go:199.29,201.3 1 0
github.com/moedahpos/backend/internal/service/product_service.go:201.8,203.3 1 1
github.com/moedahpos/backend/internal/service/product_service.go:204.2,206.25 3 1
github.com/moedahpos/backend/internal/service/product_service.go:206.25,208.3 1 0
github.com/moedahpos/backend/internal/service/product_service.go:210.2,211.16 2 1
github.com/moedahpos/backend/internal/service/product_service.go:211.16,213.3 1 0
github.com/moedahpos/backend/internal/service/product_service.go:216.2,216.30 1 1
github.com/moedahpos/backend/internal/service/product_service.go:216.30,222.18 2 1
github.com/moedahpos/backend/internal/service/product_service.go:222.18,224.4 1 0
github.com/moedahpos/backend/internal/service/product_service.go:227.2,227.40 1 1
github.com/moedahpos/backend/internal/service/product_service.go:231.78,233.16 2 1
github.com/moedahpos/backend/internal/service/product_service.go:233.16,235.3 1 0
github.com/moedahpos/backend/internal/service/product_service.go:236.2,236.20 1 1
github.com/moedahpos/backend/internal/service/product_service.go:236.20,238.3 1 1
github.com/moedahpos/backend/internal/service/product_service.go:239.2,239.58 1 1
github.com/moedahpos/backend/internal/service/product_service.go:239.58,241.3 1 0
github.com/moedahpos/backend/internal/service/product_service.go:242.2,243.12 2 1
github.com/moedahpos/backend/internal/service/product_service.go:248.67,258.24 2 1
github.com/moedahpos/backend/internal/service/product_service.go:258.24,261.3 2 0
github.com/moedahpos/backend/internal/service/product_service.go:262.2,262.10 1 1
github.com/moedahpos/backend/internal/service/product_service.go:265.64,267.26 2 1
github.com/moedahpos/backend/internal/service/product_service.go:267.26,269.3 1 0
github.com/moedahpos/backend/internal/service/product_service.go:270.2,291.24 2 1
github.com/moedahpos/backend/internal/service/product_service.go:291.24,294.3 2 0
github.com/moedahpos/backend/internal/service/product_service.go:295.2,295.10 1 1
github.com/moedahpos/backend/internal/service/purchase_order_service.go:46.25,57.2 1 1
github.com/moedahpos/backend/internal/service/purchase_order_service.go:59.133,62.16 3 1
github.com/moedahpos/backend/internal/service/purchase_order_service.go:62.16,64.3 1 0
github.com/moedahpos/backend/internal/service/purchase_order_service.go:66.2,68.25 3 1
github.com/moedahpos/backend/internal/service/purchase_order_service.go:68.25,70.3 1 1
github.com/moedahpos/backend/internal/service/purchase_order_service.go:71.2,71.62 1 1
github.com/moedahpos/backend/internal/service/purchase_order_service.go:74.95,76.16 2 1
github.com/moedahpos/backend/internal/service/purchase_order_service.go:76.16,78.3 1 0
github.com/moedahpos/backend/internal/service/purchase_order_service.go:79.2,79.15 1 1
github.com/moedahpos/backend/internal/service/purchase_order_service.go:79.15,81.3 1 0
github.com/moedahpos/backend/internal/service/purchase_order_service.go:83.2,84.16 2 1
github.com/moedahpos/backend/internal/service/purchase_order_service.go:84.16,87.3 2 1
github.com/moedahpos/backend/internal/service/purchase_order_service.go:88.2,88.30 1 1
github.com/moedahpos/backend/internal/service/purchase_order_service.go:91.144,93.16 2 1
github.com/moedahpos/backend/internal/service/purchase_order_service.go:93.16,95.3 1 0
github.com/moedahpos/backend/internal/service/purchase_order_service.go:97.2,108.16 4 1
github.com/moedahpos/backend/internal/service/purchase_order_service.go:108.16,110.3 1 0
github.com/moedahpos/backend/internal/service/purchase_order_service.go:112.2,113.53 2 1
github.com/moedahpos/backend/internal/service/purchase_order_service.go:113.53,115.3 1 0
github.com/moedahpos/backend/internal/service/purchase_order_service.go:116.2,124.30 3 1
github.com/moedahpos/backend/internal/service/purchase_order_service.go:127.140,129.16 2 1
github.com/moedahpos/backend/internal/service/purchase_order_service.go:129.16,131.3 1 0
github.com/moedahpos/backend/internal/service/purchase_order_service.go:132.2,132.21 1 1
github.com/moedahpos/backend/internal/service/purchase_order_service.go:132.21,134.3 1 1
github.com/moedahpos/backend/internal/service/purchase_order_service.go:135.2,135.36 1 1
github.com/moedahpos/backend/internal/service/purchase_order_service.go:135.36,137.3 1 1
github.com/moedahpos/backend/internal/service/purchase_order_service.go:139.2,140.16 2 1
github.com/moedahpos/backend/internal/service/purchase_order_service.go:140.16,142.3 1 0
github.com/moedahpos/backend/internal/service/purchase_order_service.go:144.2,149.16 5 1
github.com/moedahpos/backend/internal/service/purchase_order_service.go:149.16,151.3 1 0
github.com/moedahpos/backend/internal/service/purchase_order_service.go:152.2,152.15 1 1
github.com/moedahpos/backend/internal/service/purchase_order_service.go:152.15,154.3 1 0
github.com/moedahpos/backend/internal/service/purchase_order_service.go:155.2,155.30 1 1
github.com/moedahpos/backend/internal/service/purchase_order_service.go:159.87,161.16 2 1
github.com/moedahpos/backend/internal/service/purchase_order_service.go:161.16,163.3 1 0
github.com/moedahpos/backend/internal/service/purchase_order_service.go:164.2,164.15 1 1
github.com/moedahpos/backend/internal/service/purchase_order_service.go:164.15,166.3 1 0
github.com/moedahpos/backend/internal/service/purchase_order_service.go:167.2,167.30 1 1
github.com/moedahpos/backend/internal/service/purchase_order_service.go:167.30,169.3 1 0
github.com/moedahpos/backend/internal/service/purchase_order_service.go:170.2,170.57 1 1
github.com/moedahpos/backend/internal/service/purchase_order_service.go:170.57,172.3 1 0
github.com/moedahpos/backend/internal/service/purchase_order_service.go:173.2,174.12 2 1
github.com/moedahpos/backend/internal/service/purchase_order_service.go:178.88,180.16 2 1
github.com/moedahpos/backend/internal/service/purchase_order_service.go:180.16,182.3 1 0
github.com/moedahpos/backend/internal/service/purchase_order_service.go:183.2,183.15 1 1
github.com/moedahpos/backend/internal/service/purchase_order_service.go:183.15,185.3 1 0
github.com/moedahpos/backend/internal/service/purchase_order_service.go:186.2,186.28 1 1
github.com/moedahpos/backend/internal/service/purchase_order_service.go:186.28,188.3 1 0
github.com/moedahpos/backend/internal/service/purchase_order_service.go:190.2,195.32 3 1
github.com/moedahpos/backend/internal/service/purchase_order_service.go:195.32,197.35 2 1
github.com/moedahpos/backend/internal/service/purchase_order_service.go:197.35,202.4 1 1
github.com/moedahpos/backend/internal/service/purchase_order_service.go:205.2,205.58 1 1
github.com/moedahpos/backend/internal/service/purchase_order_service.go:205.58,207.3 1 0
github.com/moedahpos/backend/internal/service/purchase_order_service.go:210.2,210.30 1 1
github.com/moedahpos/backend/internal/service/purchase_order_service.go:210.30,212.33 2 1
github.com/moedahpos/backend/internal/service/purchase_order_service.go:212.33,214.15 2 1
github.com/moedahpos/backend/internal/service/purchase_order_service.go:214.15,215.13 1 0
github.com/moedahpos/backend/internal/service/purchase_order_service.go:217.4,217.39 1 1
github.com/moedahpos/backend/internal/service/purchase_order_service.go:217.39,218.13 1 0
github.com/moedahpos/backend/internal/service/purchase_order_service.go:220.4,226.5 2 1
github.com/moedahpos/backend/internal/service/purchase_order_service.go:230.2,231.12 2 1
github.com/moedahpos/backend/internal/service/purchase_order_service.go:235.79,237.16 2 1
github.com/moedahpos/backend/internal/service/purchase_order_service.go:237.16,239.3 1 0
github.com/moedahpos/backend/internal/service/purchase_order_service.go:240.2,240.15 1 1
github.com/moedahpos/backend/internal/service/purchase_order_service.go:240.15,242.3 1 0
github.com/moedahpos/backend/internal/service/purchase_order_service.go:243.2,244.57 2 1
github.com/moedahpos/backend/internal/service/purchase_order_service.go:244.57,246.3 1 1
github.com/moedahpos/backend/internal/service/purchase_order_service.go:247.2,247.33 1 1
github.com/moedahpos/backend/internal/service/purchase_order_service.go:252.140,255.31 3 1
github.com/moedahpos/backend/internal/service/purchase_order_service.go:255.31,257.17 2 1
github.com/moedahpos/backend/internal/service/purchase_order_service.go:257.17,259.4 1 0
github.com/moedahpos/backend/internal/service/purchase_order_service.go:260.3,260.51 1 1
github.com/moedahpos/backend/internal/service/purchase_order_service.go:260.51,262.4 1 0
github.com/moedahpos/backend/internal/service/purchase_order_service.go:263.3,270.5 3 1
github.com/moedahpos/backend/internal/service/purchase_order_service.go:272.2,272.29 1 1
github.com/moedahpos/backend/internal/service/purchase_order_service.go:277.61,296.28 2 1
github.com/moedahpos/backend/internal/service/purchase_order_service.go:296.28,298.3 1 1
github.com/moedahpos/backend/internal/service/purchase_order_service.go:299.2,299.25 1 1
github.com/moedahpos/backend/internal/service/purchase_order_service.go:299.25,302.3 2 0
github.com/moedahpos/backend/internal/service/purchase_order_service.go:303.2,303.26 1 1
github.com/moedahpos/backend/internal/service/purchase_order_service.go:303.26,306.3 2 0
github.com/moedahpos/backend/internal/service/purchase_order_service.go:307.2,307.28 1 1
github.com/moedahpos/backend/internal/service/purchase_order_service.go:307.28,310.3 2 0
github.com/moedahpos/backend/internal/service/purchase_order_service.go:311.2,311.32 1 1
github.com/moedahpos/backend/internal/service/purchase_order_service.go:311.32,323.3 1 0
github.com/moedahpos/backend/internal/service/purchase_order_service.go:324.2,324.13 1 1
github.com/moedahpos/backend/internal/service/purchase_order_service.go:330.155,332.16 2 1
github.com/moedahpos/backend/internal/service/purchase_order_service.go:332.16,334.3 1 0
github.com/moedahpos/backend/internal/service/purchase_order_service.go:335.2,335.15 1 1
github.com/moedahpos/backend/internal/service/purchase_order_service.go:335.15,337.3 1 0
github.com/moedahpos/backend/internal/service/purchase_order_service.go:338.2,338.29 1 1
github.com/moedahpos/backend/internal/service/purchase_order_service.go:338.29,340.3 1 0
github.com/moedahpos/backend/internal/service/purchase_order_service.go:342.2,344.16 3 1
github.com/moedahpos/backend/internal/service/purchase_order_service.go:344.16,346.3 1 0
github.com/moedahpos/backend/internal/service/purchase_order_service.go:348.2,355.16 2 1
github.com/moedahpos/backend/internal/service/purchase_order_service.go:355.16,357.3 1 0
github.com/moedahpos/backend/internal/service/purchase_order_service.go:359.2,367.36 3 1
github.com/moedahpos/backend/internal/service/purchase_order_service.go:370.121,372.43 2 1
github.com/moedahpos/backend/internal/service/purchase_order_service.go:372.43,374.3 1 0
github.com/moedahpos/backend/internal/service/purchase_order_service.go:376.2,377.28 2 1
github.com/moedahpos/backend/internal/service/purchase_order_service.go:377.28,378.24 1 1
github.com/moedahpos/backend/internal/service/purchase_order_service.go:378.24,379.9 1 0
github.com/moedahpos/backend/internal/service/purchase_order_service.go:382.3,383.21 2 1
github.com/moedahpos/backend/internal/service/purchase_order_service.go:383.21,384.12 1 0
github.com/moedahpos/backend/internal/service/purchase_order_service.go:387.3,388.28 2 1
github.com/moedahpos/backend/internal/service/purchase_order_service.go:388.28,390.4 1 1
github.com/moedahpos/backend/internal/service/purchase_order_service.go:392.3,401.17 2 1
github.com/moedahpos/backend/internal/service/purchase_order_service.go:401.17,403.4 1 0
github.com/moedahpos/backend/internal/service/purchase_order_service.go:403.9,405.4 1 1
github.com/moedahpos/backend/internal/service/purchase_order_service.go:407.3,407.25 1 1
github.com/moedahpos/backend/internal/service/purchase_order_service.go:412.113,414.16 2 1
github.com/moedahpos/backend/internal/service/purchase_order_service.go:414.16,416.3 1 0
github.com/moedahpos/backend/internal/service/purchase_order_service.go:417.2,418.25 2 1
github.com/moedahpos/backend/internal/service/purchase_order_service.go:418.25,420.3 1 1
github.com/moedahpos/backend/internal/service/purchase_order_service.go:421.2,421.17 1 1
github.com/moedahpos/backend/internal/service/purchase_order_service.go:425.113,427.2 1 1
github.com/moedahpos/backend/internal/service/purchase_order_service.go:429.68,439.2 1 1
github.com/moedahpos/backend/internal/service/report_service.go:20.98,22.2 1 1
github.com/moedahpos/backend/internal/service/report_service.go:25.71,30.50 4 1
github.com/moedahpos/backend/internal/service/report_service.go:30.50,33.3 2 1
github.com/moedahpos/backend/internal/service/report_service.go:35.2,36.27 2 1
github.com/moedahpos/backend/internal/service/report_service.go:36.27,37.64 1 1
github.com/moedahpos/backend/internal/service/report_service.go:37.64,39.4 1 1
github.com/moedahpos/backend/internal/service/report_service.go:41.2,41.25 1 1
github.com/moedahpos/backend/internal/service/report_service.go:41.25,42.62 1 1
github.com/moedahpos/backend/internal/service/report_service.go:42.62,44.4 1 1
github.com/moedahpos/backend/internal/service/report_service.go:46.2,46.17 1 1
github.com/moedahpos/backend/internal/service/report_service.go:50.119,53.16 3 1
github.com/moedahpos/backend/internal/service/report_service.go:53.16,55.3 1 0
github.com/moedahpos/backend/internal/service/report_service.go:57.2,59.25 3 1
github.com/moedahpos/backend/internal/service/report_service.go:59.25,66.3 6 1
github.com/moedahpos/backend/internal/service/report_service.go:67.2,68.20 2 1
github.com/moedahpos/backend/internal/service/report_service.go:68.20,70.3 1 1
github.com/moedahpos/backend/internal/service/report_service.go:71.2,80.8 1 1
github.com/moedahpos/backend/internal/service/report_service.go:84.119,87.16 3 1
github.com/moedahpos/backend/internal/service/report_service.go:87.16,89.3 1 0
github.com/moedahpos/backend/internal/service/report_service.go:90.2,90.18 1 1
github.com/moedahpos/backend/internal/service/report_service.go:94.119,97.16 3 1
github.com/moedahpos/backend/internal/service/report_service.go:97.16,99.3 1 0
github.com/moedahpos/backend/internal/service/report_service.go:100.2,100.18 1 1
github.com/moedahpos/backend/internal/service/report_service.go:104.114,106.16 2 1
github.com/moedahpos/backend/internal/service/report_service.go:106.16,108.3 1 0
github.com/moedahpos/backend/internal/service/report_service.go:109.2,110.25 2 1
github.com/moedahpos/backend/internal/service/report_service.go:110.25,112.3 1 1
github.com/moedahpos/backend/internal/service/report_service.go:113.2,116.8 1 1
github.com/moedahpos/backend/internal/service/report_service.go:120.137,123.16 3 1
github.com/moedahpos/backend/internal/service/report_service.go:123.16,125.3 1 0
github.com/moedahpos/backend/internal/service/report_service.go:126.2,127.25 2 1
github.com/moedahpos/backend/internal/service/report_service.go:127.25,133.3 5 1
github.com/moedahpos/backend/internal/service/report_service.go:134.2,135.20 2 1
github.com/moedahpos/backend/internal/service/report_service.go:135.20,137.3 1 0
github.com/moedahpos/backend/internal/service/report_service.go:138.2,146.8 1 1
github.com/moedahpos/backend/internal/service/report_service.go:150.111,153.16 3 1
github.com/moedahpos/backend/internal/service/report_service.go:153.16,155.3 1 0
github.com/moedahpos/backend/internal/service/report_service.go:157.2,159.25 3 1
github.com/moedahpos/backend/internal/service/report_service.go:159.25,164.45 5 1
github.com/moedahpos/backend/internal/service/report_service.go:164.45,166.4 1 1
github.com/moedahpos/backend/internal/service/report_service.go:168.2,176.8 1 1
github.com/moedahpos/backend/internal/service/report_service.go:180.128,186.19 5 1
github.com/moedahpos/backend/internal/service/report_service.go:186.19,187.56 1 1
github.com/moedahpos/backend/internal/service/report_service.go:187.56,190.4 2 1
github.com/moedahpos/backend/internal/service/report_service.go:193.2,194.16 2 1
github.com/moedahpos/backend/internal/service/report_service.go:194.16,196.3 1 0
github.com/moedahpos/backend/internal/service/report_service.go:197.2,197.18 1 1
github.com/moedahpos/backend/internal/service/restaurant_service.go:48.78,50.2 1 1
github.com/moedahpos/backend/internal/service/restaurant_service.go:52.96,54.16 2 1
github.com/moedahpos/backend/internal/service/restaurant_service.go:54.16,56.3 1 0
github.com/moedahpos/backend/internal/service/restaurant_service.go:57.2,58.27 2 1
github.com/moedahpos/backend/internal/service/restaurant_service.go:58.27,60.3 1 1
github.com/moedahpos/backend/internal/service/restaurant_service.go:61.2,61.18 1 1
github.com/moedahpos/backend/internal/service/restaurant_service.go:64.125,73.16 3 1
github.com/moedahpos/backend/internal/service/restaurant_service.go:73.16,75.3 1 0
github.com/moedahpos/backend/internal/service/restaurant_service.go:76.2,77.38 2 1
github.com/moedahpos/backend/internal/service/restaurant_service.go:80.120,82.16 2 0
github.com/moedahpos/backend/internal/service/restaurant_service.go:82.16,84.3 1 0
github.com/moedahpos/backend/internal/service/restaurant_service.go:85.2,85.21 1 0
github.com/moedahpos/backend/internal/service/restaurant_service.go:85.21,87.3 1 0
github.com/moedahpos/backend/internal/service/restaurant_service.go:88.2,91.25 4 0
github.com/moedahpos/backend/internal/service/restaurant_service.go:91.25,93.3 1 0
github.com/moedahpos/backend/internal/service/restaurant_service.go:94.2,95.16 2 0
github.com/moedahpos/backend/internal/service/restaurant_service.go:95.16,97.3 1 0
github.com/moedahpos/backend/internal/service/restaurant_service.go:98.2,98.38 1 0
github.com/moedahpos/backend/internal/service/restaurant_service.go:101.102,102.61 1 0
github.com/moedahpos/backend/internal/service/restaurant_service.go:102.61,104.3 1 0
github.com/moedahpos/backend/internal/service/restaurant_service.go:105.2,105.12 1 0
github.com/moedahpos/backend/internal/service/restaurant_service.go:108.69,109.51 1 0
github.com/moedahpos/backend/internal/service/restaurant_service.go:109.51,111.3 1 0
github.com/moedahpos/backend/internal/service/restaurant_service.go:112.2,112.12 1 0
github.com/moedahpos/backend/internal/service/restaurant_service.go:122.87,124.2 1 1
github.com/moedahpos/backend/internal/service/restaurant_service.go:126.102,128.16 2 1
github.com/moedahpos/backend/internal/service/restaurant_service.go:128.16,130.3 1 0
github.com/moedahpos/backend/internal/service/restaurant_service.go:131.2,132.29 2 1
github.com/moedahpos/backend/internal/service/restaurant_service.go:132.29,134.3 1 1
github.com/moedahpos/backend/internal/service/restaurant_service.go:135.2,135.18 1 1
github.com/moedahpos/backend/internal/service/restaurant_service.go:138.134,141.29 3 1
github.com/moedahpos/backend/internal/service/restaurant_service.go:141.29,143.3 1 0
github.com/moedahpos/backend/internal/service/restaurant_service.go:145.2,158.16 3 1
github.com/moedahpos/backend/internal/service/restaurant_service.go:158.16,160.3 1 0
github.com/moedahpos/backend/internal/service/restaurant_service.go:163.2,163.30 1 1
github.com/moedahpos/backend/internal/service/restaurant_service.go:163.30,165.39 2 0
github.com/moedahpos/backend/internal/service/restaurant_service.go:165.39,171.4 1 0
github.com/moedahpos/backend/internal/service/restaurant_service.go:172.3,172.74 1 0
github.com/moedahpos/backend/internal/service/restaurant_service.go:172.74,174.4 1 0
github.com/moedahpos/backend/internal/service/restaurant_service.go:177.2,179.38 3 1
github.com/moedahpos/backend/internal/service/restaurant_service.go:182.129,184.16 2 0
github.com/moedahpos/backend/internal/service/restaurant_service.go:184.16,186.3 1 0
github.com/moedahpos/backend/internal/service/restaurant_service.go:187.2,187.21 1 0
github.com/moedahpos/backend/internal/service/restaurant_service.go:187.21,189.3 1 0
github.com/moedahpos/backend/internal/service/restaurant_service.go:191.2,196.29 6 0
github.com/moedahpos/backend/internal/service/restaurant_service.go:196.29,198.3 1 0
github.com/moedahpos/backend/internal/service/restaurant_service.go:198.8,200.3 1 0
github.com/moedahpos/backend/internal/service/restaurant_service.go:201.2,205.25 5 0
github.com/moedahpos/backend/internal/service/restaurant_service.go:205.25,207.3 1 0
github.com/moedahpos/backend/internal/service/restaurant_service.go:209.2,210.16 2 0
github.com/moedahpos/backend/internal/service/restaurant_service.go:210.16,212.3 1 0
github.com/moedahpos/backend/internal/service/restaurant_service.go:215.2,216.38 2 0
github.com/moedahpos/backend/internal/service/restaurant_service.go:216.38,222.3 1 0
github.com/moedahpos/backend/internal/service/restaurant_service.go:223.2,223.73 1 0
github.com/moedahpos/backend/internal/service/restaurant_service.go:223.73,225.3 1 0
github.com/moedahpos/backend/internal/service/restaurant_service.go:227.2,228.38 2 0
github.com/moedahpos/backend/internal/service/restaurant_service.go:231.72,232.51 1 0
github.com/moedahpos/backend/internal/service/restaurant_service.go:232.51,234.3 1 0
github.com/moedahpos/backend/internal/service/restaurant_service.go:235.2,235.12 1 0
github.com/moedahpos/backend/internal/service/restaurant_service.go:240.68,251.20 2 1
github.com/moedahpos/backend/internal/service/restaurant_service.go:251.20,253.3 1 0
github.com/moedahpos/backend/internal/service/restaurant_service.go:254.2,254.10 1 1
github.com/moedahpos/backend/internal/service/restaurant_service.go:257.70,258.17 1 1
github.com/moedahpos/backend/internal/service/restaurant_service.go:258.17,260.3 1 0
github.com/moedahpos/backend/internal/service/restaurant_service.go:261.2,262.29 2 1
github.com/moedahpos/backend/internal/service/restaurant_service.go:262.29,264.3 1 0
github.com/moedahpos/backend/internal/service/restaurant_service.go:267.2,269.39 3 1
github.com/moedahpos/backend/internal/service/restaurant_service.go:269.39,280.3 2 0
github.com/moedahpos/backend/internal/service/restaurant_service.go:282.2,305.26 3 1
github.com/moedahpos/backend/internal/service/restaurant_service.go:305.26,307.3 1 0
github.com/moedahpos/backend/internal/service/restaurant_service.go:308.2,308.10 1 1
github.com/moedahpos/backend/internal/service/stock_adjustment_service.go:16.140,18.2 1 1
github.com/moedahpos/backend/internal/service/stock_adjustment_service.go:20.138,24.124 2 1
github.com/moedahpos/backend/internal/service/stock_adjustment_service.go:24.124,26.3 1 0
github.com/moedahpos/backend/internal/service/stock_adjustment_service.go:28.2,28.66 1 1
github.com/moedahpos/backend/internal/service/stock_adjustment_service.go:28.66,30.3 1 1
github.com/moedahpos/backend/internal/service/stock_adjustment_service.go:32.2,32.65 1 1
github.com/moedahpos/backend/internal/service/stock_adjustment_service.go:32.65,34.3 1 0
github.com/moedahpos/backend/internal/service/stock_adjustment_service.go:36.2,36.77 1 1
github.com/moedahpos/backend/internal/service/stock_adjustment_service.go:36.77,38.3 1 0
github.com/moedahpos/backend/internal/service/stock_adjustment_service.go:40.2,47.12 2 1
github.com/moedahpos/backend/internal/service/stock_adjustment_service.go:50.146,52.2 1 0
github.com/moedahpos/backend/internal/service/stock_service.go:29.136,31.2 1 1
github.com/moedahpos/backend/internal/service/stock_service.go:34.130,36.16 2 1
github.com/moedahpos/backend/internal/service/stock_service.go:36.16,38.3 1 1
github.com/moedahpos/backend/internal/service/stock_service.go:39.2,40.27 2 1
github.com/moedahpos/backend/internal/service/stock_service.go:40.27,42.3 1 1
github.com/moedahpos/backend/internal/service/stock_service.go:43.2,43.18 1 1
github.com/moedahpos/backend/internal/service/stock_service.go:47.121,49.16 2 1
github.com/moedahpos/backend/internal/service/stock_service.go:49.16,51.3 1 0
github.com/moedahpos/backend/internal/service/stock_service.go:52.2,52.18 1 1
github.com/moedahpos/backend/internal/service/stock_service.go:52.18,54.3 1 1
github.com/moedahpos/backend/internal/service/stock_service.go:55.2,55.41 1 1
github.com/moedahpos/backend/internal/service/stock_service.go:59.150,62.16 2 1
github.com/moedahpos/backend/internal/service/stock_service.go:62.16,64.3 1 0
github.com/moedahpos/backend/internal/service/stock_service.go:65.2,65.50 1 1
github.com/moedahpos/backend/internal/service/stock_service.go:65.50,67.3 1 1
github.com/moedahpos/backend/internal/service/stock_service.go:69.2,77.16 2 1
github.com/moedahpos/backend/internal/service/stock_service.go:77.16,79.3 1 0
github.com/moedahpos/backend/internal/service/stock_service.go:81.2,87.41 2 1
github.com/moedahpos/backend/internal/service/stock_service.go:91.108,93.16 2 1
github.com/moedahpos/backend/internal/service/stock_service.go:93.16,95.3 1 0
github.com/moedahpos/backend/internal/service/stock_service.go:96.2,96.50 1 1
github.com/moedahpos/backend/internal/service/stock_service.go:96.50,98.3 1 1
github.com/moedahpos/backend/internal/service/stock_service.go:99.2,99.81 1 1
github.com/moedahpos/backend/internal/service/stock_service.go:103.148,106.16 3 1
github.com/moedahpos/backend/internal/service/stock_service.go:106.16,108.3 1 0
github.com/moedahpos/backend/internal/service/stock_service.go:109.2,110.30 2 1
github.com/moedahpos/backend/internal/service/stock_service.go:110.30,112.3 1 1
github.com/moedahpos/backend/internal/service/stock_service.go:113.2,113.62 1 1
github.com/moedahpos/backend/internal/service/stock_service.go:118.73,131.2 1 1
github.com/moedahpos/backend/internal/service/stock_service.go:133.77,147.2 1 1
github.com/moedahpos/backend/internal/service/store_service.go:31.130,33.2 1 1
github.com/moedahpos/backend/internal/service/store_service.go:35.134,38.16 3 1
github.com/moedahpos/backend/internal/service/store_service.go:38.16,40.3 1 0
github.com/moedahpos/backend/internal/service/store_service.go:41.2,42.28 2 1
github.com/moedahpos/backend/internal/service/store_service.go:42.28,44.3 1 1
github.com/moedahpos/backend/internal/service/store_service.go:45.2,45.62 1 1
github.com/moedahpos/backend/internal/service/store_service.go:48.93,50.16 2 1
github.com/moedahpos/backend/internal/service/store_service.go:50.16,52.3 1 0
github.com/moedahpos/backend/internal/service/store_service.go:53.2,53.18 1 1
github.com/moedahpos/backend/internal/service/store_service.go:53.18,55.3 1 1
github.com/moedahpos/backend/internal/service/store_service.go:56.2,56.36 1 1
github.com/moedahpos/backend/internal/service/store_service.go:59.114,60.24 1 1
github.com/moedahpos/backend/internal/service/store_service.go:60.24,62.3 1 1
github.com/moedahpos/backend/internal/service/store_service.go:63.2,63.25 1 1
github.com/moedahpos/backend/internal/service/store_service.go:63.25,65.3 1 1
github.com/moedahpos/backend/internal/service/store_service.go:66.2,73.16 2 1
github.com/moedahpos/backend/internal/service/store_service.go:73.16,75.3 1 0
github.com/moedahpos/backend/internal/service/store_service.go:76.2,77.36 2 1
github.com/moedahpos/backend/internal/service/store_service.go:80.125,82.16 2 1
github.com/moedahpos/backend/internal/service/store_service.go:82.16,84.3 1 0
github.com/moedahpos/backend/internal/service/store_service.go:85.2,85.18 1 1
github.com/moedahpos/backend/internal/service/store_service.go:85.18,87.3 1 0
github.com/moedahpos/backend/internal/service/store_service.go:88.2,93.36 6 1
github.com/moedahpos/backend/internal/service/store_service.go:93.36,95.3 1 0
github.com/moedahpos/backend/internal/service/store_service.go:96.2,96.35 1 1
github.com/moedahpos/backend/internal/service/store_service.go:96.35,98.3 1 0
github.com/moedahpos/backend/internal/service/store_service.go:99.2,99.24 1 1
github.com/moedahpos/backend/internal/service/store_service.go:99.24,101.3 1 0
github.com/moedahpos/backend/internal/service/store_service.go:102.2,102.25 1 1
github.com/moedahpos/backend/internal/service/store_service.go:102.25,104.3 1 0
github.com/moedahpos/backend/internal/service/store_service.go:105.2,105.25 1 1
github.com/moedahpos/backend/internal/service/store_service.go:105.25,107.3 1 0
github.com/moedahpos/backend/internal/service/store_service.go:108.2,109.16 2 1
github.com/moedahpos/backend/internal/service/store_service.go:109.16,111.3 1 0
github.com/moedahpos/backend/internal/service/store_service.go:112.2,112.38 1 1
github.com/moedahpos/backend/internal/service/store_service.go:116.74,118.16 2 1
github.com/moedahpos/backend/internal/service/store_service.go:118.16,120.3 1 0
github.com/moedahpos/backend/internal/service/store_service.go:121.2,121.18 1 1
github.com/moedahpos/backend/internal/service/store_service.go:121.18,123.3 1 0
github.com/moedahpos/backend/internal/service/store_service.go:124.2,124.56 1 1
github.com/moedahpos/backend/internal/service/store_service.go:124.56,126.3 1 0
github.com/moedahpos/backend/internal/service/store_service.go:127.2,128.12 2 1
github.com/moedahpos/backend/internal/service/store_service.go:133.104,134.52 1 1
github.com/moedahpos/backend/internal/service/store_service.go:134.52,136.3 1 0
github.com/moedahpos/backend/internal/service/store_service.go:137.2,138.16 2 1
github.com/moedahpos/backend/internal/service/store_service.go:138.16,140.3 1 0
github.com/moedahpos/backend/internal/service/store_service.go:141.2,142.28 2 1
github.com/moedahpos/backend/internal/service/store_service.go:142.28,144.3 1 1
github.com/moedahpos/backend/internal/service/store_service.go:145.2,145.18 1 1
github.com/moedahpos/backend/internal/service/store_service.go:148.104,149.52 1 1
github.com/moedahpos/backend/internal/service/store_service.go:149.52,151.3 1 0
github.com/moedahpos/backend/internal/service/store_service.go:152.2,153.16 2 1
github.com/moedahpos/backend/internal/service/store_service.go:153.16,155.3 1 0
github.com/moedahpos/backend/internal/service/store_service.go:156.2,156.42 1 1
github.com/moedahpos/backend/internal/service/store_service.go:156.42,158.3 1 1
github.com/moedahpos/backend/internal/service/store_service.go:159.2,161.4 1 1
github.com/moedahpos/backend/internal/service/store_service.go:164.126,166.16 2 1
github.com/moedahpos/backend/internal/service/store_service.go:166.16,168.3 1 0
github.com/moedahpos/backend/internal/service/store_service.go:169.2,169.14 1 1
github.com/moedahpos/backend/internal/service/store_service.go:169.14,171.3 1 0
github.com/moedahpos/backend/internal/service/store_service.go:172.2,172.71 1 1
github.com/moedahpos/backend/internal/service/store_service.go:176.88,178.16 2 1
github.com/moedahpos/backend/internal/service/store_service.go:178.16,180.3 1 0
github.com/moedahpos/backend/internal/service/store_service.go:181.2,181.14 1 1
github.com/moedahpos/backend/internal/service/store_service.go:181.14,183.3 1 1
github.com/moedahpos/backend/internal/service/store_service.go:184.2,184.59 1 1
github.com/moedahpos/backend/internal/service/store_service.go:189.58,191.21 2 1
github.com/moedahpos/backend/internal/service/store_service.go:191.21,193.3 1 1
github.com/moedahpos/backend/internal/service/store_service.go:194.2,209.24 2 1
github.com/moedahpos/backend/internal/service/store_service.go:209.24,212.3 2 0
github.com/moedahpos/backend/internal/service/store_service.go:213.2,213.10 1 1
github.com/moedahpos/backend/internal/service/store_service.go:216.66,226.2 1 1
github.com/moedahpos/backend/internal/service/supplier_service.go:27.106,29.2 1 1
github.com/moedahpos/backend/internal/service/supplier_service.go:31.146,34.16 3 1
github.com/moedahpos/backend/internal/service/supplier_service.go:34.16,36.3 1 0
github.com/moedahpos/backend/internal/service/supplier_service.go:37.2,38.30 2 1
github.com/moedahpos/backend/internal/service/supplier_service.go:38.30,40.3 1 1
github.com/moedahpos/backend/internal/service/supplier_service.go:41.2,41.62 1 1
github.com/moedahpos/backend/internal/service/supplier_service.go:44.102,46.16 2 1
github.com/moedahpos/backend/internal/service/supplier_service.go:46.16,48.3 1 0
github.com/moedahpos/backend/internal/service/supplier_service.go:49.2,49.21 1 1
github.com/moedahpos/backend/internal/service/supplier_service.go:49.21,51.3 1 1
github.com/moedahpos/backend/internal/service/supplier_service.go:52.2,52.42 1 1
github.com/moedahpos/backend/internal/service/supplier_service.go:55.126,64.16 2 1
github.com/moedahpos/backend/internal/service/supplier_service.go:64.16,66.3 1 0
github.com/moedahpos/backend/internal/service/supplier_service.go:67.2,68.42 2 1
github.com/moedahpos/backend/internal/service/supplier_service.go:71.137,73.16 2 1
github.com/moedahpos/backend/internal/service/supplier_service.go:73.16,75.3 1 0
github.com/moedahpos/backend/internal/service/supplier_service.go:76.2,76.21 1 1
github.com/moedahpos/backend/internal/service/supplier_service.go:76.21,78.3 1 0
github.com/moedahpos/backend/internal/service/supplier_service.go:79.2,84.25 6 1
github.com/moedahpos/backend/internal/service/supplier_service.go:84.25,86.3 1 0
github.com/moedahpos/backend/internal/service/supplier_service.go:87.2,88.16 2 1
github.com/moedahpos/backend/internal/service/supplier_service.go:88.16,90.3 1 0
github.com/moedahpos/backend/internal/service/supplier_service.go:91.2,91.41 1 1
github.com/moedahpos/backend/internal/service/supplier_service.go:95.80,97.16 2 1
github.com/moedahpos/backend/internal/service/supplier_service.go:97.16,99.3 1 0
github.com/moedahpos/backend/internal/service/supplier_service.go:100.2,100.21 1 1
github.com/moedahpos/backend/internal/service/supplier_service.go:100.21,102.3 1 0
github.com/moedahpos/backend/internal/service/supplier_service.go:103.2,103.59 1 1
github.com/moedahpos/backend/internal/service/supplier_service.go:103.59,105.3 1 0
github.com/moedahpos/backend/internal/service/supplier_service.go:106.2,107.12 2 1
github.com/moedahpos/backend/internal/service/supplier_service.go:110.67,122.24 2 1
github.com/moedahpos/backend/internal/service/supplier_service.go:122.24,125.3 2 0
github.com/moedahpos/backend/internal/service/supplier_service.go:126.2,126.10 1 1
github.com/moedahpos/backend/internal/service/sync_service.go:31.16,40.2 1 1
github.com/moedahpos/backend/internal/service/sync_service.go:42.111,52.16 3 1
github.com/moedahpos/backend/internal/service/sync_service.go:52.16,55.3 2 1
github.com/moedahpos/backend/internal/service/sync_service.go:56.2,56.17 1 1
github.com/moedahpos/backend/internal/service/sync_service.go:56.17,58.3 1 1
github.com/moedahpos/backend/internal/service/sync_service.go:60.2,61.16 2 1
github.com/moedahpos/backend/internal/service/sync_service.go:61.16,64.3 2 1
github.com/moedahpos/backend/internal/service/sync_service.go:65.2,65.21 1 1
github.com/moedahpos/backend/internal/service/sync_service.go:65.21,67.3 1 1
github.com/moedahpos/backend/internal/service/sync_service.go:69.2,70.16 2 1
github.com/moedahpos/backend/internal/service/sync_service.go:70.16,73.3 2 1
github.com/moedahpos/backend/internal/service/sync_service.go:74.2,74.19 1 1
github.com/moedahpos/backend/internal/service/sync_service.go:74.19,76.3 1 1
github.com/moedahpos/backend/internal/service/sync_service.go:78.2,79.16 2 1
github.com/moedahpos/backend/internal/service/sync_service.go:79.16,82.3 2 1
github.com/moedahpos/backend/internal/service/sync_service.go:83.2,83.17 1 1
github.com/moedahpos/backend/internal/service/sync_service.go:83.17,85.3 1 1
github.com/moedahpos/backend/internal/service/sync_service.go:87.2,88.16 2 1
github.com/moedahpos/backend/internal/service/sync_service.go:88.16,91.3 2 1
github.com/moedahpos/backend/internal/service/sync_service.go:92.2,92.22 1 1
github.com/moedahpos/backend/internal/service/sync_service.go:92.22,94.3 1 1
github.com/moedahpos/backend/internal/service/sync_service.go:96.2,96.17 1 1
github.com/moedahpos/backend/internal/service/termin_service.go:53.18,62.2 1 1
github.com/moedahpos/backend/internal/service/termin_service.go:69.147,71.16 2 1
github.com/moedahpos/backend/internal/service/termin_service.go:71.16,73.3 1 0
github.com/moedahpos/backend/internal/service/termin_service.go:74.2,74.15 1 1
github.com/moedahpos/backend/internal/service/termin_service.go:74.15,76.3 1 0
github.com/moedahpos/backend/internal/service/termin_service.go:77.2,77.35 1 1
github.com/moedahpos/backend/internal/service/termin_service.go:77.35,79.3 1 0
github.com/moedahpos/backend/internal/service/termin_service.go:82.2,84.32 3 1
github.com/moedahpos/backend/internal/service/termin_service.go:84.32,86.17 2 1
github.com/moedahpos/backend/internal/service/termin_service.go:86.17,88.4 1 0
github.com/moedahpos/backend/internal/service/termin_service.go:89.3,96.26 2 1
github.com/moedahpos/backend/internal/service/termin_service.go:100.2,100.35 1 1
github.com/moedahpos/backend/internal/service/termin_service.go:100.35,106.3 1 0
github.com/moedahpos/backend/internal/service/termin_service.go:108.2,108.72 1 1
github.com/moedahpos/backend/internal/service/termin_service.go:108.72,110.3 1 0
github.com/moedahpos/backend/internal/service/termin_service.go:111.2,113.39 2 1
github.com/moedahpos/backend/internal/service/termin_service.go:117.107,119.16 2 1
github.com/moedahpos/backend/internal/service/termin_service.go:119.16,121.3 1 0
github.com/moedahpos/backend/internal/service/termin_service.go:123.2,125.28 3 1
github.com/moedahpos/backend/internal/service/termin_service.go:125.28,128.17 2 1
github.com/moedahpos/backend/internal/service/termin_service.go:128.17,130.4 1 0
github.com/moedahpos/backend/internal/service/termin_service.go:131.3,132.61 2 1
github.com/moedahpos/backend/internal/service/termin_service.go:134.2,134.17 1 1
github.com/moedahpos/backend/internal/service/termin_service.go:144.151,146.16 2 1
github.com/moedahpos/backend/internal/service/termin_service.go:146.16,148.3 1 0
github.com/moedahpos/backend/internal/service/termin_service.go:149.2,149.19 1 1
github.com/moedahpos/backend/internal/service/termin_service.go:149.19,151.3 1 0
github.com/moedahpos/backend/internal/service/termin_service.go:154.2,154.39 1 1
github.com/moedahpos/backend/internal/service/termin_service.go:154.39,157.3 1 1
github.com/moedahpos/backend/internal/service/termin_service.go:159.2,160.16 2 1
github.com/moedahpos/backend/internal/service/termin_service.go:160.16,162.3 1 0
github.com/moedahpos/backend/internal/service/termin_service.go:164.2,172.16 2 1
github.com/moedahpos/backend/internal/service/termin_service.go:172.16,174.3 1 0
github.com/moedahpos/backend/internal/service/termin_service.go:177.2,177.65 1 1
github.com/moedahpos/backend/internal/service/termin_service.go:177.65,179.3 1 0
github.com/moedahpos/backend/internal/service/termin_service.go:181.2,184.31 4 1
github.com/moedahpos/backend/internal/service/termin_service.go:184.31,187.3 2 1
github.com/moedahpos/backend/internal/service/termin_service.go:189.2,200.45 3 1
github.com/moedahpos/backend/internal/service/termin_service.go:206.111,208.29 2 1
github.com/moedahpos/backend/internal/service/termin_service.go:208.29,210.3 1 0
github.com/moedahpos/backend/internal/service/termin_service.go:211.2,212.16 2 1
github.com/moedahpos/backend/internal/service/termin_service.go:212.16,214.3 1 0
github.com/moedahpos/backend/internal/service/termin_service.go:215.2,225.8 1 1
github.com/moedahpos/backend/internal/service/termin_service.go:233.118,235.29 2 0
github.com/moedahpos/backend/internal/service/termin_service.go:235.29,237.3 1 0
github.com/moedahpos/backend/internal/service/termin_service.go:239.2,240.16 2 0
github.com/moedahpos/backend/internal/service/termin_service.go:240.16,242.3 1 0
github.com/moedahpos/backend/internal/service/termin_service.go:243.2,244.16 2 0
github.com/moedahpos/backend/internal/service/termin_service.go:244.16,246.3 1 0
github.com/moedahpos/backend/internal/service/termin_service.go:248.2,249.28 2 0
github.com/moedahpos/backend/internal/service/termin_service.go:249.28,251.3 1 0
github.com/moedahpos/backend/internal/service/termin_service.go:254.2,274.8 2 0
github.com/moedahpos/backend/internal/service/termin_service.go:279.111,281.28 2 1
github.com/moedahpos/backend/internal/service/termin_service.go:281.28,283.3 1 0
github.com/moedahpos/backend/internal/service/termin_service.go:284.2,297.3 1 1
github.com/moedahpos/backend/internal/service/termin_service.go:300.82,311.2 1 1
github.com/moedahpos/backend/internal/service/transaction_service.go:45.3,46.22 1 1
github.com/moedahpos/backend/internal/service/transaction_service.go:47.25,48.45 1 1
github.com/moedahpos/backend/internal/service/transaction_service.go:49.28,50.29 1 1
github.com/moedahpos/backend/internal/service/transaction_service.go:51.10,52.55 1 1
github.com/moedahpos/backend/internal/service/transaction_service.go:54.2,54.20 1 1
github.com/moedahpos/backend/internal/service/transaction_service.go:54.20,56.3 1 1
github.com/moedahpos/backend/internal/service/transaction_service.go:57.2,61.8 5 1
github.com/moedahpos/backend/internal/service/transaction_service.go:73.72,74.24 1 1
github.com/moedahpos/backend/internal/service/transaction_service.go:74.24,76.3 1 0
github.com/moedahpos/backend/internal/service/transaction_service.go:79.2,80.27 2 1
github.com/moedahpos/backend/internal/service/transaction_service.go:80.27,82.3 1 1
github.com/moedahpos/backend/internal/service/transaction_service.go:83.2,83.23 1 1
github.com/moedahpos/backend/internal/service/transaction_service.go:83.23,85.3 1 0
github.com/moedahpos/backend/internal/service/transaction_service.go:88.2,89.22 2 1
github.com/moedahpos/backend/internal/service/transaction_service.go:90.25,91.30 1 1
github.com/moedahpos/backend/internal/service/transaction_service.go:92.10,93.51 1 1
github.com/moedahpos/backend/internal/service/transaction_service.go:96.2,96.32 1 1
github.com/moedahpos/backend/internal/service/transaction_service.go:96.32,98.3 1 1
github.com/moedahpos/backend/internal/service/transaction_service.go:100.2,103.27 3 1
github.com/moedahpos/backend/internal/service/transaction_service.go:103.27,105.24 2 1
github.com/moedahpos/backend/internal/service/transaction_service.go:105.24,109.4 2 1
github.com/moedahpos/backend/internal/service/transaction_service.go:109.9,110.24 1 1
github.com/moedahpos/backend/internal/service/transaction_service.go:111.27,115.50 3 1
github.com/moedahpos/backend/internal/service/transaction_service.go:116.12,117.58 1 1
github.com/moedahpos/backend/internal/service/transaction_service.go:119.4,119.52 1 1
github.com/moedahpos/backend/internal/service/transaction_service.go:122.3,123.25 2 1
github.com/moedahpos/backend/internal/service/transaction_service.go:123.25,125.4 1 0
github.com/moedahpos/backend/internal/service/transaction_service.go:126.3,132.42 6 1
github.com/moedahpos/backend/internal/service/transaction_service.go:135.2,136.8 2 1
github.com/moedahpos/backend/internal/service/transaction_service.go:162.23,174.2 1 1
github.com/moedahpos/backend/internal/service/transaction_service.go:177.163,178.18 1 1
github.com/moedahpos/backend/internal/service/transaction_service.go:178.18,180.36 2 0
github.com/moedahpos/backend/internal/service/transaction_service.go:180.36,183.4 2 0
github.com/moedahpos/backend/internal/service/transaction_service.go:186.2,187.17 2 1
github.com/moedahpos/backend/internal/service/transaction_service.go:187.17,189.3 1 1
github.com/moedahpos/backend/internal/service/transaction_service.go:191.2,198.33 2 1
github.com/moedahpos/backend/internal/service/transaction_service.go:198.33,199.28 1 1
github.com/moedahpos/backend/internal/service/transaction_service.go:199.28,202.18 2 1
github.com/moedahpos/backend/internal/service/transaction_service.go:202.18,204.5 1 0
github.com/moedahpos/backend/internal/service/transaction_service.go:205.4,205.54 1 1
github.com/moedahpos/backend/internal/service/transaction_service.go:205.54,207.5 1 0
github.com/moedahpos/backend/internal/service/transaction_service.go:210.4,210.45 1 1
github.com/moedahpos/backend/internal/service/transaction_service.go:210.45,213.19 3 1
github.com/moedahpos/backend/internal/service/transaction_service.go:213.19,215.6 1 0
github.com/moedahpos/backend/internal/service/transaction_service.go:216.5,216.48 1 1
github.com/moedahpos/backend/internal/service/transaction_service.go:216.48,219.6 1 1
github.com/moedahpos/backend/internal/service/transaction_service.go:223.4,225.22 3 1
github.com/moedahpos/backend/internal/service/transaction_service.go:225.22,228.5 2 1
github.com/moedahpos/backend/internal/service/transaction_service.go:230.4,239.45 6 1
github.com/moedahpos/backend/internal/service/transaction_service.go:239.45,241.26 2 1
github.com/moedahpos/backend/internal/service/transaction_service.go:241.26,243.6 1 1
github.com/moedahpos/backend/internal/service/transaction_service.go:246.4,261.6 2 1
github.com/moedahpos/backend/internal/service/transaction_service.go:262.9,265.18 2 1
github.com/moedahpos/backend/internal/service/transaction_service.go:265.18,267.5 1 0
github.com/moedahpos/backend/internal/service/transaction_service.go:268.4,268.52 1 1
github.com/moedahpos/backend/internal/service/transaction_service.go:268.52,270.5 1 0
github.com/moedahpos/backend/internal/service/transaction_service.go:271.4,271.25 1 1
github.com/moedahpos/backend/internal/service/transaction_service.go:271.25,273.5 1 1
github.com/moedahpos/backend/internal/service/transaction_service.go:275.4,276.18 2 1
github.com/moedahpos/backend/internal/service/transaction_service.go:276.18,278.5 1 0
github.com/moedahpos/backend/internal/service/transaction_service.go:279.4,279.54 1 1
github.com/moedahpos/backend/internal/service/transaction_service.go:279.54,282.5 1 1
github.com/moedahpos/backend/internal/service/transaction_service.go:285.4,288.22 3 1
github.com/moedahpos/backend/internal/service/transaction_service.go:288.22,291.5 2 1
github.com/moedahpos/backend/internal/service/transaction_service.go:293.4,314.6 6 1
github.com/moedahpos/backend/internal/service/transaction_service.go:319.2,320.24 2 1
github.com/moedahpos/backend/internal/service/transaction_service.go:320.24,322.3 1 1
github.com/moedahpos/backend/internal/service/transaction_service.go:323.2,324.31 2 1
github.com/moedahpos/backend/internal/service/transaction_service.go:324.31,328.33 3 1
github.com/moedahpos/backend/internal/service/transaction_service.go:328.33,333.4 4 1
github.com/moedahpos/backend/internal/service/transaction_service.go:334.3,334.18 1 1
github.com/moedahpos/backend/internal/service/transaction_service.go:337.2,339.26 3 1
github.com/moedahpos/backend/internal/service/transaction_service.go:339.26,341.3 1 0
github.com/moedahpos/backend/internal/service/transaction_service.go:343.2,343.52 1 1
github.com/moedahpos/backend/internal/service/transaction_service.go:343.52,345.17 2 0
github.com/moedahpos/backend/internal/service/transaction_service.go:345.17,347.4 1 0
github.com/moedahpos/backend/internal/service/transaction_service.go:348.3,348.35 1 0
github.com/moedahpos/backend/internal/service/transaction_service.go:348.35,350.4 1 0
github.com/moedahpos/backend/internal/service/transaction_service.go:352.3,353.17 2 0
github.com/moedahpos/backend/internal/service/transaction_service.go:353.17,355.4 1 0
github.com/moedahpos/backend/internal/service/transaction_service.go:357.3,358.16 2 0
github.com/moedahpos/backend/internal/service/transaction_service.go:358.16,360.4 1 0
github.com/moedahpos/backend/internal/service/transaction_service.go:361.3,361.45 1 0
github.com/moedahpos/backend/internal/service/transaction_service.go:364.2,365.15 2 1
github.com/moedahpos/backend/internal/service/transaction_service.go:365.15,367.3 1 0
github.com/moedahpos/backend/internal/service/transaction_service.go:368.2,368.31 1 1
github.com/moedahpos/backend/internal/service/transaction_service.go:368.31,370.3 1 1
github.com/moedahpos/backend/internal/service/transaction_service.go:372.2,395.16 2 1
github.com/moedahpos/backend/internal/service/transaction_service.go:395.16,396.107 1 0
github.com/moedahpos/backend/internal/service/transaction_service.go:396.107,398.39 2 0
github.com/moedahpos/backend/internal/service/transaction_service.go:398.39,401.5 2 0
github.com/moedahpos/backend/internal/service/transaction_service.go:403.3,403.58 1 0
github.com/moedahpos/backend/internal/service/transaction_service.go:407.2,407.52 1 1
github.com/moedahpos/backend/internal/service/transaction_service.go:407.52,408.104 1 0
github.com/moedahpos/backend/internal/service/transaction_service.go:408.104,411.4 1 0
github.com/moedahpos/backend/internal/service/transaction_service.go:415.2,415.33 1 1
github.com/moedahpos/backend/internal/service/transaction_service.go:415.33,416.28 1 1
github.com/moedahpos/backend/internal/service/transaction_service.go:416.28,417.12 1 1
github.com/moedahpos/backend/internal/service/transaction_service.go:419.3,420.22 2 1
github.com/moedahpos/backend/internal/service/transaction_service.go:420.22,421.12 1 0
github.com/moedahpos/backend/internal/service/transaction_service.go:423.3,423.44 1 1
github.com/moedahpos/backend/internal/service/transaction_service.go:423.44,427.90 3 1
github.com/moedahpos/backend/internal/service/transaction_service.go:427.90,429.5 1 0
github.com/moedahpos/backend/internal/service/transaction_service.go:436.2,436.33 1 1
github.com/moedahpos/backend/internal/service/transaction_service.go:436.33,437.28 1 1
github.com/moedahpos/backend/internal/service/transaction_service.go:437.28,438.12 1 1
github.com/moedahpos/backend/internal/service/transaction_service.go:440.3,440.97 1 1
github.com/moedahpos/backend/internal/service/transaction_service.go:440.97,445.4 1 0
github.com/moedahpos/backend/internal/service/transaction_service.go:448.2,456.31 3 1
github.com/moedahpos/backend/internal/service/transaction_service.go:456.31,461.3 1 1
github.com/moedahpos/backend/internal/service/transaction_service.go:462.2,465.31 2 1
github.com/moedahpos/backend/internal/service/transaction_service.go:465.31,467.3 1 1
github.com/moedahpos/backend/internal/service/transaction_service.go:469.2,469.33 1 1
github.com/moedahpos/backend/internal/service/transaction_service.go:469.33,470.56 1 1
github.com/moedahpos/backend/internal/service/transaction_service.go:470.56,472.39 2 0
github.com/moedahpos/backend/internal/service/transaction_service.go:472.39,474.5 1 0
github.com/moedahpos/backend/internal/service/transaction_service.go:475.4,480.6 1 0
github.com/moedahpos/backend/internal/service/transaction_service.go:484.2,484.40 1 1
github.com/moedahpos/backend/internal/service/transaction_service.go:488.158,491.16 3 1
github.com/moedahpos/backend/internal/service/transaction_service.go:491.16,493.3 1 1
github.com/moedahpos/backend/internal/service/transaction_service.go:494.2,495.25 2 1
github.com/moedahpos/backend/internal/service/transaction_service.go:495.25,497.3 1 1
github.com/moedahpos/backend/internal/service/transaction_service.go:498.2,498.62 1 1
github.com/moedahpos/backend/internal/service/transaction_service.go:502.111,504.16 2 1
github.com/moedahpos/backend/internal/service/transaction_service.go:504.16,506.3 1 0
github.com/moedahpos/backend/internal/service/transaction_service.go:507.2,507.16 1 1
github.com/moedahpos/backend/internal/service/transaction_service.go:507.16,509.3 1 0
github.com/moedahpos/backend/internal/service/transaction_service.go:510.2,510.40 1 1
github.com/moedahpos/backend/internal/service/transaction_service.go:514.92,516.16 2 1
github.com/moedahpos/backend/internal/service/transaction_service.go:516.16,518.3 1 0
github.com/moedahpos/backend/internal/service/transaction_service.go:519.2,519.16 1 1
github.com/moedahpos/backend/internal/service/transaction_service.go:519.16,521.3 1 1
github.com/moedahpos/backend/internal/service/transaction_service.go:522.2,522.28 1 1
github.com/moedahpos/backend/internal/service/transaction_service.go:522.28,524.3 1 1
github.com/moedahpos/backend/internal/service/transaction_service.go:525.2,525.56 1 1
github.com/moedahpos/backend/internal/service/transaction_service.go:525.56,527.3 1 1
github.com/moedahpos/backend/internal/service/transaction_service.go:528.2,534.12 3 1
github.com/moedahpos/backend/internal/service/transaction_service.go:540.196,543.20 3 1
github.com/moedahpos/backend/internal/service/transaction_service.go:543.20,546.3 2 1
github.com/moedahpos/backend/internal/service/transaction_service.go:548.2,552.43 3 1
github.com/moedahpos/backend/internal/service/transaction_service.go:552.43,554.24 2 1
github.com/moedahpos/backend/internal/service/transaction_service.go:554.24,556.4 1 1
github.com/moedahpos/backend/internal/service/transaction_service.go:559.2,560.20 2 1
github.com/moedahpos/backend/internal/service/transaction_service.go:560.20,562.3 1 0
github.com/moedahpos/backend/internal/service/transaction_service.go:564.2,579.39 3 1
github.com/moedahpos/backend/internal/service/transaction_service.go:583.181,586.20 3 1
github.com/moedahpos/backend/internal/service/transaction_service.go:586.20,589.3 2 1
github.com/moedahpos/backend/internal/service/transaction_service.go:591.2,610.39 4 1
github.com/moedahpos/backend/internal/service/transaction_service.go:615.75,619.32 3 1
github.com/moedahpos/backend/internal/service/transaction_service.go:619.32,620.28 1 1
github.com/moedahpos/backend/internal/service/transaction_service.go:620.28,622.68 2 1
github.com/moedahpos/backend/internal/service/transaction_service.go:622.68,624.5 1 0
github.com/moedahpos/backend/internal/service/transaction_service.go:625.4,626.18 2 1
github.com/moedahpos/backend/internal/service/transaction_service.go:626.18,628.5 1 0
github.com/moedahpos/backend/internal/service/transaction_service.go:629.4,632.21 4 1
github.com/moedahpos/backend/internal/service/transaction_service.go:633.9,635.66 2 1
github.com/moedahpos/backend/internal/service/transaction_service.go:635.66,637.5 1 0
github.com/moedahpos/backend/internal/service/transaction_service.go:638.4,639.18 2 1
github.com/moedahpos/backend/internal/service/transaction_service.go:639.18,641.5 1 0
github.com/moedahpos/backend/internal/service/transaction_service.go:642.4,645.21 4 1
github.com/moedahpos/backend/internal/service/transaction_service.go:648.2,648.55 1 1
github.com/moedahpos/backend/internal/service/transaction_service.go:652.126,654.16 2 1
github.com/moedahpos/backend/internal/service/transaction_service.go:654.16,656.3 1 0
github.com/moedahpos/backend/internal/service/transaction_service.go:657.2,657.16 1 1
github.com/moedahpos/backend/internal/service/transaction_service.go:657.16,659.3 1 1
github.com/moedahpos/backend/internal/service/transaction_service.go:660.2,660.40 1 1
github.com/moedahpos/backend/internal/service/transaction_service.go:664.153,666.16 2 1
github.com/moedahpos/backend/internal/service/transaction_service.go:666.16,668.3 1 0
github.com/moedahpos/backend/internal/service/transaction_service.go:671.2,672.24 2 1
github.com/moedahpos/backend/internal/service/transaction_service.go:672.24,674.3 1 1
github.com/moedahpos/backend/internal/service/transaction_service.go:675.2,675.31 1 1
github.com/moedahpos/backend/internal/service/transaction_service.go:675.31,678.33 3 0
github.com/moedahpos/backend/internal/service/transaction_service.go:678.33,683.4 4 0
github.com/moedahpos/backend/internal/service/transaction_service.go:686.2,702.16 3 1
github.com/moedahpos/backend/internal/service/transaction_service.go:702.16,704.3 1 0
github.com/moedahpos/backend/internal/service/transaction_service.go:705.2,706.40 2 1
github.com/moedahpos/backend/internal/service/transaction_service.go:710.154,713.35 2 1
github.com/moedahpos/backend/internal/service/transaction_service.go:713.35,715.3 1 1
github.com/moedahpos/backend/internal/service/transaction_service.go:716.2,716.67 1 1
github.com/moedahpos/backend/internal/service/transaction_service.go:716.67,718.3 1 0
github.com/moedahpos/backend/internal/service/transaction_service.go:720.2,721.16 2 1
github.com/moedahpos/backend/internal/service/transaction_service.go:721.16,723.3 1 0
github.com/moedahpos/backend/internal/service/transaction_service.go:726.2,727.24 2 1
github.com/moedahpos/backend/internal/service/transaction_service.go:727.24,729.3 1 1
github.com/moedahpos/backend/internal/service/transaction_service.go:730.2,730.31 1 1
github.com/moedahpos/backend/internal/service/transaction_service.go:730.31,733.33 3 0
github.com/moedahpos/backend/internal/service/transaction_service.go:733.33,738.4 4 0
github.com/moedahpos/backend/internal/service/transaction_service.go:741.2,743.16 3 1
github.com/moedahpos/backend/internal/service/transaction_service.go:743.16,745.3 1 0
github.com/moedahpos/backend/internal/service/transaction_service.go:746.2,747.40 2 1
github.com/moedahpos/backend/internal/service/transaction_service.go:751.154,753.35 2 1
github.com/moedahpos/backend/internal/service/transaction_service.go:753.35,755.3 1 1
github.com/moedahpos/backend/internal/service/transaction_service.go:756.2,756.67 1 1
github.com/moedahpos/backend/internal/service/transaction_service.go:756.67,758.3 1 0
github.com/moedahpos/backend/internal/service/transaction_service.go:759.2,761.26 3 1
github.com/moedahpos/backend/internal/service/transaction_service.go:761.26,763.3 1 1
github.com/moedahpos/backend/internal/service/transaction_service.go:765.2,765.52 1 1
github.com/moedahpos/backend/internal/service/transaction_service.go:765.52,767.17 2 1
github.com/moedahpos/backend/internal/service/transaction_service.go:767.17,769.4 1 0
github.com/moedahpos/backend/internal/service/transaction_service.go:770.3,770.35 1 1
github.com/moedahpos/backend/internal/service/transaction_service.go:770.35,772.4 1 1
github.com/moedahpos/backend/internal/service/transaction_service.go:774.3,775.17 2 1
github.com/moedahpos/backend/internal/service/transaction_service.go:775.17,777.4 1 1
github.com/moedahpos/backend/internal/service/transaction_service.go:779.3,780.16 2 1
github.com/moedahpos/backend/internal/service/transaction_service.go:780.16,782.4 1 0
github.com/moedahpos/backend/internal/service/transaction_service.go:783.3,783.45 1 1
github.com/moedahpos/backend/internal/service/transaction_service.go:786.2,787.15 2 1
github.com/moedahpos/backend/internal/service/transaction_service.go:787.15,789.3 1 0
github.com/moedahpos/backend/internal/service/transaction_service.go:791.2,791.31 1 1
github.com/moedahpos/backend/internal/service/transaction_service.go:791.31,793.3 1 1
github.com/moedahpos/backend/internal/service/transaction_service.go:795.2,806.16 2 1
github.com/moedahpos/backend/internal/service/transaction_service.go:806.16,808.3 1 0
github.com/moedahpos/backend/internal/service/transaction_service.go:811.2,811.52 1 1
github.com/moedahpos/backend/internal/service/transaction_service.go:811.52,812.104 1 1
github.com/moedahpos/backend/internal/service/transaction_service.go:812.104,814.4 1 0
github.com/moedahpos/backend/internal/service/transaction_service.go:818.2,818.38 1 1
github.com/moedahpos/backend/internal/service/transaction_service.go:818.38,819.28 1 0
github.com/moedahpos/backend/internal/service/transaction_service.go:819.28,820.12 1 0
github.com/moedahpos/backend/internal/service/transaction_service.go:827.2,838.40 4 1
github.com/moedahpos/backend/internal/service/transaction_service.go:844.117,846.16 2 1
github.com/moedahpos/backend/internal/service/transaction_service.go:846.16,848.3 1 0
github.com/moedahpos/backend/internal/service/transaction_service.go:849.2,850.25 2 1
github.com/moedahpos/backend/internal/service/transaction_service.go:850.25,852.3 1 1
github.com/moedahpos/backend/internal/service/transaction_service.go:853.2,853.18 1 1
github.com/moedahpos/backend/internal/service/transaction_service.go:857.129,858.79 1 1
github.com/moedahpos/backend/internal/service/transaction_service.go:858.79,860.3 1 0
github.com/moedahpos/backend/internal/service/transaction_service.go:861.2,861.12 1 1
github.com/moedahpos/backend/internal/service/transaction_service.go:866.76,868.29 2 1
github.com/moedahpos/backend/internal/service/transaction_service.go:868.29,886.28 2 1
github.com/moedahpos/backend/internal/service/transaction_service.go:886.28,889.4 2 1
github.com/moedahpos/backend/internal/service/transaction_service.go:891.2,914.3 1 1
github.com/moedahpos/backend/internal/service/user_admin_service.go:34.21,36.2 1 1
github.com/moedahpos/backend/internal/service/user_admin_service.go:39.148,40.14 1 1
github.com/moedahpos/backend/internal/service/user_admin_service.go:40.14,42.3 1 0
github.com/moedahpos/backend/internal/service/user_admin_service.go:43.2,43.34 1 1
github.com/moedahpos/backend/internal/service/user_admin_service.go:43.34,45.3 1 0
github.com/moedahpos/backend/internal/service/user_admin_service.go:46.2,47.16 2 1
github.com/moedahpos/backend/internal/service/user_admin_service.go:47.16,49.3 1 1
github.com/moedahpos/backend/internal/service/user_admin_service.go:51.2,52.26 2 1
github.com/moedahpos/backend/internal/service/user_admin_service.go:52.26,56.3 3 1
github.com/moedahpos/backend/internal/service/user_admin_service.go:57.2,57.25 1 1
github.com/moedahpos/backend/internal/service/user_admin_service.go:61.95,63.16 2 1
github.com/moedahpos/backend/internal/service/user_admin_service.go:63.16,65.3 1 0
github.com/moedahpos/backend/internal/service/user_admin_service.go:66.2,66.14 1 1
github.com/moedahpos/backend/internal/service/user_admin_service.go:66.14,68.3 1 1
github.com/moedahpos/backend/internal/service/user_admin_service.go:69.2,71.16 3 1
github.com/moedahpos/backend/internal/service/user_admin_service.go:75.115,77.12 2 1
github.com/moedahpos/backend/internal/service/user_admin_service.go:77.12,79.3 1 1
github.com/moedahpos/backend/internal/service/user_admin_service.go:81.2,82.16 2 1
github.com/moedahpos/backend/internal/service/user_admin_service.go:82.16,84.3 1 0
github.com/moedahpos/backend/internal/service/user_admin_service.go:86.2,91.16 2 1
github.com/moedahpos/backend/internal/service/user_admin_service.go:91.16,93.3 1 0
github.com/moedahpos/backend/internal/service/user_admin_service.go:95.2,95.25 1 1
github.com/moedahpos/backend/internal/service/user_admin_service.go:95.25,97.32 2 1
github.com/moedahpos/backend/internal/service/user_admin_service.go:97.32,99.4 1 1
github.com/moedahpos/backend/internal/service/user_admin_service.go:100.3,100.51 1 1
github.com/moedahpos/backend/internal/service/user_admin_service.go:103.2,105.16 3 1
github.com/moedahpos/backend/internal/service/user_admin_service.go:109.126,112.42 2 1
github.com/moedahpos/backend/internal/service/user_admin_service.go:112.42,114.3 1 1
github.com/moedahpos/backend/internal/service/user_admin_service.go:116.2,117.16 2 1
github.com/moedahpos/backend/internal/service/user_admin_service.go:117.16,118.43 1 0
github.com/moedahpos/backend/internal/service/user_admin_service.go:118.43,120.4 1 0
github.com/moedahpos/backend/internal/service/user_admin_service.go:121.3,121.48 1 0
github.com/moedahpos/backend/internal/service/user_admin_service.go:123.2,125.16 3 1
github.com/moedahpos/backend/internal/service/user_admin_service.go:129.81,130.55 1 1
github.com/moedahpos/backend/internal/service/user_admin_service.go:130.55,131.43 1 1
github.com/moedahpos/backend/internal/service/user_admin_service.go:131.43,133.4 1 1
github.com/moedahpos/backend/internal/service/user_admin_service.go:134.3,134.47 1 0
github.com/moedahpos/backend/internal/service/user_admin_service.go:136.2,136.12 1 1
github.com/moedahpos/backend/internal/service/user_admin_service.go:140.111,142.16 2 1
github.com/moedahpos/backend/internal/service/user_admin_service.go:142.16,144.3 1 0
github.com/moedahpos/backend/internal/service/user_admin_service.go:145.2,145.72 1 1
github.com/moedahpos/backend/internal/service/user_admin_service.go:145.72,146.43 1 0
github.com/moedahpos/backend/internal/service/user_admin_service.go:146.43,148.4 1 0
github.com/moedahpos/backend/internal/service/user_admin_service.go:149.3,149.46 1 0
github.com/moedahpos/backend/internal/service/user_admin_service.go:151.2,151.12 1 1
github.com/moedahpos/backend/internal/service/user_admin_service.go:155.136,157.28 2 1
github.com/moedahpos/backend/internal/service/user_admin_service.go:157.28,159.3 1 0
github.com/moedahpos/backend/internal/service/user_admin_service.go:161.2,162.32 2 1
github.com/moedahpos/backend/internal/service/user_admin_service.go:162.32,164.3 1 1
github.com/moedahpos/backend/internal/service/user_admin_service.go:165.2,165.71 1 1
github.com/moedahpos/backend/internal/service/user_admin_service.go:165.71,167.3 1 0
github.com/moedahpos/backend/internal/service/user_admin_service.go:169.2,171.16 3 1
github.com/moedahpos/backend/internal/service/user_admin_service.go:175.83,177.2 1 1
github.com/moedahpos/backend/internal/service/user_admin_service.go:181.81,183.27 2 1
github.com/moedahpos/backend/internal/service/user_admin_service.go:183.27,192.3 1 1
github.com/moedahpos/backend/internal/service/user_admin_service.go:194.2,195.24 2 1
github.com/moedahpos/backend/internal/service/user_admin_service.go:195.24,198.3 2 0
github.com/moedahpos/backend/internal/service/user_admin_service.go:200.2,210.3 1 1
github.com/moedahpos/backend/internal/service/util.go:4.36,5.13 1 1
github.com/moedahpos/backend/internal/service/util.go:5.13,7.3 1 1
github.com/moedahpos/backend/internal/service/util.go:8.2,8.11 1 1
github.com/moedahpos/backend/internal/service/util.go:12.36,13.14 1 1
github.com/moedahpos/backend/internal/service/util.go:13.14,15.3 1 1
github.com/moedahpos/backend/internal/service/util.go:16.2,16.11 1 0
github.com/moedahpos/backend/internal/domain/product.go:33.46,34.20 1 0
github.com/moedahpos/backend/internal/domain/product.go:34.20,36.3 1 0
github.com/moedahpos/backend/internal/domain/product.go:37.2,37.28 1 0
github.com/moedahpos/backend/internal/domain/product.go:37.28,39.3 1 0
github.com/moedahpos/backend/internal/domain/product.go:40.2,40.10 1 0
github.com/moedahpos/backend/internal/domain/restaurant.go:55.47,56.20 1 0
github.com/moedahpos/backend/internal/domain/restaurant.go:56.20,58.3 1 0
github.com/moedahpos/backend/internal/domain/restaurant.go:59.2,59.28 1 0
github.com/moedahpos/backend/internal/domain/restaurant.go:59.28,61.3 1 0
github.com/moedahpos/backend/internal/domain/restaurant.go:62.2,62.10 1 0
github.com/moedahpos/backend/cmd/api/main.go:26.13,29.16 2 0
github.com/moedahpos/backend/cmd/api/main.go:29.16,32.3 2 0
github.com/moedahpos/backend/cmd/api/main.go:35.2,40.16 4 0
github.com/moedahpos/backend/cmd/api/main.go:40.16,42.3 1 0
github.com/moedahpos/backend/cmd/api/main.go:43.2,43.15 1 0
github.com/moedahpos/backend/cmd/api/main.go:43.15,44.42 1 0
github.com/moedahpos/backend/cmd/api/main.go:44.42,46.4 1 0
github.com/moedahpos/backend/cmd/api/main.go:50.2,50.23 1 0
github.com/moedahpos/backend/cmd/api/main.go:50.23,51.74 1 0
github.com/moedahpos/backend/cmd/api/main.go:51.74,53.4 1 0
github.com/moedahpos/backend/cmd/api/main.go:57.2,58.16 2 0
github.com/moedahpos/backend/cmd/api/main.go:58.16,60.3 1 0
github.com/moedahpos/backend/cmd/api/main.go:61.2,177.12 73 0
github.com/moedahpos/backend/cmd/api/main.go:177.12,179.87 2 0
github.com/moedahpos/backend/cmd/api/main.go:179.87,181.4 1 0
github.com/moedahpos/backend/cmd/api/main.go:185.2,188.12 2 0
github.com/moedahpos/backend/cmd/api/main.go:188.12,191.7 3 0
github.com/moedahpos/backend/cmd/api/main.go:191.7,192.11 1 0
github.com/moedahpos/backend/cmd/api/main.go:193.16,194.11 1 0
github.com/moedahpos/backend/cmd/api/main.go:195.20,196.88 1 0
github.com/moedahpos/backend/cmd/api/main.go:196.88,198.6 1 0
github.com/moedahpos/backend/cmd/api/main.go:203.2,208.42 6 0
github.com/moedahpos/backend/cmd/api/main.go:208.42,210.3 1 0
github.com/moedahpos/backend/cmd/api/main.go:211.2,211.34 1 0
github.com/moedahpos/backend/internal/dto/pagination.go:10.38,11.16 1 0
github.com/moedahpos/backend/internal/dto/pagination.go:11.16,13.3 1 0
github.com/moedahpos/backend/internal/dto/pagination.go:14.2,14.19 1 0
github.com/moedahpos/backend/internal/dto/pagination.go:14.19,16.3 1 0
github.com/moedahpos/backend/internal/dto/pagination.go:17.2,17.21 1 0
github.com/moedahpos/backend/internal/dto/pagination.go:17.21,19.3 1 0
github.com/moedahpos/backend/internal/dto/pagination.go:23.40,25.2 1 0
github.com/moedahpos/backend/internal/dto/pagination.go:36.59,38.26 2 0
github.com/moedahpos/backend/internal/dto/pagination.go:38.26,40.3 1 0
github.com/moedahpos/backend/internal/dto/pagination.go:41.2,46.3 1 0
github.com/moedahpos/backend/pkg/db/postgres.go:19.74,25.16 2 0
github.com/moedahpos/backend/pkg/db/postgres.go:25.16,27.3 1 0
github.com/moedahpos/backend/pkg/db/postgres.go:27.8,29.3 1 0
github.com/moedahpos/backend/pkg/db/postgres.go:30.2,33.16 3 0
github.com/moedahpos/backend/pkg/db/postgres.go:33.16,35.3 1 0
github.com/moedahpos/backend/pkg/db/postgres.go:37.2,42.68 4 0
github.com/moedahpos/backend/pkg/db/postgres.go:42.68,44.3 1 0
github.com/moedahpos/backend/pkg/db/postgres.go:46.2,48.16 2 0
github.com/moedahpos/backend/pkg/db/postgres.go:52.71,55.53 2 0
github.com/moedahpos/backend/pkg/db/postgres.go:55.53,57.3 1 0
github.com/moedahpos/backend/pkg/db/postgres.go:59.2,59.45 1 0
github.com/moedahpos/backend/pkg/db/postgres.go:59.45,61.3 1 0
github.com/moedahpos/backend/pkg/db/postgres.go:63.2,64.12 2 0
github.com/moedahpos/backend/pkg/db/postgres.go:67.93,69.33 2 0
github.com/moedahpos/backend/pkg/db/postgres.go:69.33,70.45 1 0
github.com/moedahpos/backend/pkg/db/postgres.go:70.45,72.4 1 0
github.com/moedahpos/backend/pkg/db/postgres.go:73.3,74.20 2 0
github.com/moedahpos/backend/pkg/db/postgres.go:76.2,76.73 1 0
github.com/moedahpos/backend/pkg/logger/logger.go:14.37,17.25 2 0
github.com/moedahpos/backend/pkg/logger/logger.go:17.25,19.3 1 0
github.com/moedahpos/backend/pkg/logger/logger.go:19.8,24.3 1 0
github.com/moedahpos/backend/pkg/logger/logger.go:26.2,30.11 1 0
